ISO-10303-21;
HEADER;

/* File generated by T-FLEX CAD Version 17.1.20.0 */

FILE_DESCRIPTION(('TFLEX Exchange Step'),'2;1');

FILE_NAME('X2\0411041F041B0410\X0\32.00.00 \X2\04210411\X0\ _ \X2\042D043B0435043A04420440043E0434043204380433043004420435043B044C\X0\.stp',                                 
'2026-09-16T16:20:40+03:00',
('searubtsov'),
('Unknown organisation'),
'TFLEX Exchange 2024.6',
'T-FLEX CAD',
'Unknown authorisation');

FILE_SCHEMA( ('AUTOMOTIVE_DESIGN { 1 0 10303 214 1 1 1 1 }') );

ENDSEC;

DATA;
#3=(NAMED_UNIT(*)PLANE_ANGLE_UNIT()SI_UNIT($,.RADIAN.));
#4=PLANE_ANGLE_MEASURE_WITH_UNIT(PLANE_ANGLE_MEASURE(0.0174532925),#3);
#5=(CONVERSION_BASED_UNIT('DEGREE',#4)NAMED_UNIT(#6)PLANE_ANGLE_UNIT());
#6=DIMENSIONAL_EXPONENTS(0.,0.,0.,0.,0.,0.,0.);
#7=(NAMED_UNIT(*)SI_UNIT($,.STERADIAN.)SOLID_ANGLE_UNIT());
#8=(LENGTH_UNIT()NAMED_UNIT(*)SI_UNIT(.MILLI.,.METRE.));
#9=UNCERTAINTY_MEASURE_WITH_UNIT(LENGTH_MEASURE(1.000000E-05),#8,'DISTANCE_ACCURACY_VALUE','Maximum Tolerance applied to model');
#10=(GEOMETRIC_REPRESENTATION_CONTEXT(3)GLOBAL_UNCERTAINTY_ASSIGNED_CONTEXT((#9))GLOBAL_UNIT_ASSIGNED_CONTEXT((#8,#5,#7))REPRESENTATION_CONTEXT('','Nodes'));
#12=CARTESIAN_POINT('',(0.,0.,0.));
#13=DIRECTION('',(0.,0.,1.));
#14=DIRECTION('',(1.,0.,0.));
#15=AXIS2_PLACEMENT_3D('',#12,#13,#14);
#27=CARTESIAN_POINT('',(-12.5,-0.,0.));
#28=DIRECTION('',(1.,0.,0.));
#29=DIRECTION('',(0.,-1.,-0.));
#30=AXIS2_PLACEMENT_3D('',#27,#28,#29);
#31=PLANE('',#30);
#32=CARTESIAN_POINT('',(-12.5,-5.271345558,14.843300316));
#33=VERTEX_POINT('',#32);
#34=CARTESIAN_POINT('',(-12.5,-5.400755081,15.326263229));
#35=VERTEX_POINT('',#34);
#36=CARTESIAN_POINT('',(-12.5,-5.271345558,14.843300316));
#37=DIRECTION('',(-0.,-0.258819045,0.965925826));
#38=VECTOR('',#37,0.5);
#39=LINE('',#36,#38);
#40=EDGE_CURVE('',#33,#35,#39,.T.);
#41=ORIENTED_EDGE('',*,*,#40,.F.);
#42=CARTESIAN_POINT('',(-12.5,-6.495955751,14.349676203));
#43=VERTEX_POINT('',#42);
#44=CARTESIAN_POINT('',(-12.5,-0.,0.));
#45=DIRECTION('',(-1.,0.,-0.));
#46=DIRECTION('',(0.,0.,-1.));
#47=AXIS2_PLACEMENT_3D('',#44,#45,#46);
#48=CIRCLE('',#47,15.751528442);
#49=EDGE_CURVE('',#43,#33,#48,.T.);
#50=ORIENTED_EDGE('',*,*,#49,.F.);
#51=CARTESIAN_POINT('',(-12.5,-6.722767646,13.64417513));
#52=VERTEX_POINT('',#51);
#53=CARTESIAN_POINT('',(-12.5,-6.289754944,13.89417513));
#54=DIRECTION('',(-1.,0.,-0.));
#55=DIRECTION('',(0.,0.,-1.));
#56=AXIS2_PLACEMENT_3D('',#53,#54,#55);
#57=CIRCLE('',#56,0.5);
#58=EDGE_CURVE('',#52,#43,#57,.T.);
#59=ORIENTED_EDGE('',*,*,#58,.F.);
#60=CARTESIAN_POINT('',(-12.5,-3.697758662,8.404705877));
#61=VERTEX_POINT('',#60);
#62=CARTESIAN_POINT('',(-12.5,-3.697758662,8.404705877));
#63=DIRECTION('',(-0.,-0.5,0.866025404));
#64=VECTOR('',#63,6.050017968);
#65=LINE('',#62,#64);
#66=EDGE_CURVE('',#61,#52,#65,.T.);
#67=ORIENTED_EDGE('',*,*,#66,.F.);
#68=CARTESIAN_POINT('',(-12.5,-3.088273206,8.186883938));
#69=VERTEX_POINT('',#68);
#70=CARTESIAN_POINT('',(-12.5,-3.26474596,8.654705877));
#71=DIRECTION('',(-1.,0.,-0.));
#72=DIRECTION('',(0.,0.,-1.));
#73=AXIS2_PLACEMENT_3D('',#70,#71,#72);
#74=CIRCLE('',#73,0.5);
#75=EDGE_CURVE('',#69,#61,#74,.T.);
#76=ORIENTED_EDGE('',*,*,#75,.F.);
#77=CARTESIAN_POINT('',(-12.5,-1.418918919,8.634186071));
#78=VERTEX_POINT('',#77);
#79=CARTESIAN_POINT('',(-12.5,-0.,0.));
#80=DIRECTION('',(1.,-0.,0.));
#81=DIRECTION('',(-0.,0.,1.));
#82=AXIS2_PLACEMENT_3D('',#79,#80,#81);
#83=CIRCLE('',#82,8.75);
#84=EDGE_CURVE('',#78,#69,#83,.T.);
#85=ORIENTED_EDGE('',*,*,#84,.F.);
#86=CARTESIAN_POINT('',(-12.5,-1.,9.127568132));
#87=VERTEX_POINT('',#86);
#88=CARTESIAN_POINT('',(-12.5,-1.5,9.127568132));
#89=DIRECTION('',(-1.,0.,-0.));
#90=DIRECTION('',(0.,0.,-1.));
#91=AXIS2_PLACEMENT_3D('',#88,#89,#90);
#92=CIRCLE('',#91,0.5);
#93=EDGE_CURVE('',#87,#78,#92,.T.);
#94=ORIENTED_EDGE('',*,*,#93,.F.);
#95=CARTESIAN_POINT('',(-12.5,-1.,15.1775861));
#96=VERTEX_POINT('',#95);
#97=CARTESIAN_POINT('',(-12.5,-1.,15.1775861));
#98=DIRECTION('',(0.,0.,-1.));
#99=VECTOR('',#98,6.050017968);
#100=LINE('',#97,#99);
#101=EDGE_CURVE('',#96,#87,#100,.T.);
#102=ORIENTED_EDGE('',*,*,#101,.F.);
#103=CARTESIAN_POINT('',(-12.5,-1.549175399,15.675162004));
#104=VERTEX_POINT('',#103);
#105=CARTESIAN_POINT('',(-12.5,-1.5,15.1775861));
#106=DIRECTION('',(-1.,0.,-0.));
#107=DIRECTION('',(0.,0.,-1.));
#108=AXIS2_PLACEMENT_3D('',#105,#106,#107);
#109=CIRCLE('',#108,0.5);
#110=EDGE_CURVE('',#104,#96,#109,.T.);
#111=ORIENTED_EDGE('',*,*,#110,.F.);
#112=CARTESIAN_POINT('',(-12.5,-2.856530992,15.490347928));
#113=VERTEX_POINT('',#112);
#114=CARTESIAN_POINT('',(-12.5,-0.,0.));
#115=DIRECTION('',(-1.,-0.,-0.));
#116=DIRECTION('',(0.,0.,-1.));
#117=AXIS2_PLACEMENT_3D('',#114,#115,#116);
#118=CIRCLE('',#117,15.751528442);
#119=EDGE_CURVE('',#113,#104,#118,.T.);
#120=ORIENTED_EDGE('',*,*,#119,.F.);
#121=CARTESIAN_POINT('',(-12.5,-2.985940515,15.973310842));
#122=VERTEX_POINT('',#121);
#123=CARTESIAN_POINT('',(-12.5,-2.985940515,15.973310842));
#124=DIRECTION('',(0.,0.258819045,-0.965925826));
#125=VECTOR('',#124,0.5);
#126=LINE('',#123,#125);
#127=EDGE_CURVE('',#122,#113,#126,.T.);
#128=ORIENTED_EDGE('',*,*,#127,.F.);
#129=CARTESIAN_POINT('',(-12.5,2.985940515,15.973310842));
#130=VERTEX_POINT('',#129);
#131=CARTESIAN_POINT('',(-12.5,-0.,0.));
#132=DIRECTION('',(1.,0.,0.));
#133=DIRECTION('',(-0.,0.,1.));
#134=AXIS2_PLACEMENT_3D('',#131,#132,#133);
#135=CIRCLE('',#134,16.25);
#136=EDGE_CURVE('',#130,#122,#135,.T.);
#137=ORIENTED_EDGE('',*,*,#136,.F.);
#138=CARTESIAN_POINT('',(-12.5,2.856530992,15.490347928));
#139=VERTEX_POINT('',#138);
#140=CARTESIAN_POINT('',(-12.5,2.856530992,15.490347928));
#141=DIRECTION('',(-0.,0.258819045,0.965925826));
#142=VECTOR('',#141,0.5);
#143=LINE('',#140,#142);
#144=EDGE_CURVE('',#139,#130,#143,.T.);
#145=ORIENTED_EDGE('',*,*,#144,.F.);
#146=CARTESIAN_POINT('',(-12.5,1.549175399,15.675162004));
#147=VERTEX_POINT('',#146);
#148=CARTESIAN_POINT('',(-12.5,-0.,0.));
#149=DIRECTION('',(-1.,0.,-0.));
#150=DIRECTION('',(0.,0.,-1.));
#151=AXIS2_PLACEMENT_3D('',#148,#149,#150);
#152=CIRCLE('',#151,15.751528442);
#153=EDGE_CURVE('',#147,#139,#152,.T.);
#154=ORIENTED_EDGE('',*,*,#153,.F.);
#155=CARTESIAN_POINT('',(-12.5,1.,15.1775861));
#156=VERTEX_POINT('',#155);
#157=CARTESIAN_POINT('',(-12.5,1.5,15.1775861));
#158=DIRECTION('',(-1.,-0.,-0.));
#159=DIRECTION('',(0.,0.,-1.));
#160=AXIS2_PLACEMENT_3D('',#157,#158,#159);
#161=CIRCLE('',#160,0.5);
#162=EDGE_CURVE('',#156,#147,#161,.T.);
#163=ORIENTED_EDGE('',*,*,#162,.F.);
#164=CARTESIAN_POINT('',(-12.5,1.,9.127568132));
#165=VERTEX_POINT('',#164);
#166=CARTESIAN_POINT('',(-12.5,1.,9.127568132));
#167=DIRECTION('',(-0.,-0.,1.));
#168=VECTOR('',#167,6.050017968);
#169=LINE('',#166,#168);
#170=EDGE_CURVE('',#165,#156,#169,.T.);
#171=ORIENTED_EDGE('',*,*,#170,.F.);
#172=CARTESIAN_POINT('',(-12.5,1.418918919,8.634186071));
#173=VERTEX_POINT('',#172);
#174=CARTESIAN_POINT('',(-12.5,1.5,9.127568132));
#175=DIRECTION('',(-1.,0.,-0.));
#176=DIRECTION('',(0.,0.,-1.));
#177=AXIS2_PLACEMENT_3D('',#174,#175,#176);
#178=CIRCLE('',#177,0.5);
#179=EDGE_CURVE('',#173,#165,#178,.T.);
#180=ORIENTED_EDGE('',*,*,#179,.F.);
#181=CARTESIAN_POINT('',(-12.5,3.088273206,8.186883938));
#182=VERTEX_POINT('',#181);
#183=CARTESIAN_POINT('',(-12.5,-0.,0.));
#184=DIRECTION('',(1.,0.,0.));
#185=DIRECTION('',(-0.,0.,1.));
#186=AXIS2_PLACEMENT_3D('',#183,#184,#185);
#187=CIRCLE('',#186,8.75);
#188=EDGE_CURVE('',#182,#173,#187,.T.);
#189=ORIENTED_EDGE('',*,*,#188,.F.);
#190=CARTESIAN_POINT('',(-12.5,3.697758662,8.404705877));
#191=VERTEX_POINT('',#190);
#192=CARTESIAN_POINT('',(-12.5,3.26474596,8.654705877));
#193=DIRECTION('',(-1.,-0.,-0.));
#194=DIRECTION('',(0.,0.,-1.));
#195=AXIS2_PLACEMENT_3D('',#192,#193,#194);
#196=CIRCLE('',#195,0.5);
#197=EDGE_CURVE('',#191,#182,#196,.T.);
#198=ORIENTED_EDGE('',*,*,#197,.F.);
#199=CARTESIAN_POINT('',(-12.5,6.722767646,13.64417513));
#200=VERTEX_POINT('',#199);
#201=CARTESIAN_POINT('',(-12.5,6.722767646,13.64417513));
#202=DIRECTION('',(0.,-0.5,-0.866025404));
#203=VECTOR('',#202,6.050017968);
#204=LINE('',#201,#203);
#205=EDGE_CURVE('',#200,#191,#204,.T.);
#206=ORIENTED_EDGE('',*,*,#205,.F.);
#207=CARTESIAN_POINT('',(-12.5,6.495955751,14.349676203));
#208=VERTEX_POINT('',#207);
#209=CARTESIAN_POINT('',(-12.5,6.289754944,13.89417513));
#210=DIRECTION('',(-1.,0.,-0.));
#211=DIRECTION('',(0.,0.,-1.));
#212=AXIS2_PLACEMENT_3D('',#209,#210,#211);
#213=CIRCLE('',#212,0.5);
#214=EDGE_CURVE('',#208,#200,#213,.T.);
#215=ORIENTED_EDGE('',*,*,#214,.F.);
#216=CARTESIAN_POINT('',(-12.5,5.271345558,14.843300316));
#217=VERTEX_POINT('',#216);
#218=CARTESIAN_POINT('',(-12.5,-0.,0.));
#219=DIRECTION('',(-1.,0.,-0.));
#220=DIRECTION('',(0.,0.,-1.));
#221=AXIS2_PLACEMENT_3D('',#218,#219,#220);
#222=CIRCLE('',#221,15.751528442);
#223=EDGE_CURVE('',#217,#208,#222,.T.);
#224=ORIENTED_EDGE('',*,*,#223,.F.);
#225=CARTESIAN_POINT('',(-12.5,5.400755081,15.326263229));
#226=VERTEX_POINT('',#225);
#227=CARTESIAN_POINT('',(-12.5,5.400755081,15.326263229));
#228=DIRECTION('',(0.,-0.258819045,-0.965925826));
#229=VECTOR('',#228,0.5);
#230=LINE('',#227,#229);
#231=EDGE_CURVE('',#226,#217,#230,.T.);
#232=ORIENTED_EDGE('',*,*,#231,.F.);
#233=CARTESIAN_POINT('',(-12.5,10.572555761,12.340322714));
#234=VERTEX_POINT('',#233);
#235=CARTESIAN_POINT('',(-12.5,-0.,0.));
#236=DIRECTION('',(1.,0.,0.));
#237=DIRECTION('',(-0.,0.,1.));
#238=AXIS2_PLACEMENT_3D('',#235,#236,#237);
#239=CIRCLE('',#238,16.25);
#240=EDGE_CURVE('',#234,#226,#239,.T.);
#241=ORIENTED_EDGE('',*,*,#240,.F.);
#242=CARTESIAN_POINT('',(-12.5,10.21900237,11.986769323));
#243=VERTEX_POINT('',#242);
#244=CARTESIAN_POINT('',(-12.5,10.21900237,11.986769323));
#245=DIRECTION('',(-0.,0.707106781,0.707106781));
#246=VECTOR('',#245,0.5);
#247=LINE('',#244,#246);
#248=EDGE_CURVE('',#243,#234,#247,.T.);
#249=ORIENTED_EDGE('',*,*,#248,.F.);
#250=CARTESIAN_POINT('',(-12.5,9.179206252,12.800500804));
#251=VERTEX_POINT('',#250);
#252=CARTESIAN_POINT('',(-12.5,-0.,0.));
#253=DIRECTION('',(-1.,0.,-0.));
#254=DIRECTION('',(0.,0.,-1.));
#255=AXIS2_PLACEMENT_3D('',#252,#253,#254);
#256=CIRCLE('',#255,15.751528442);
#257=EDGE_CURVE('',#251,#243,#256,.T.);
#258=ORIENTED_EDGE('',*,*,#257,.F.);
#259=CARTESIAN_POINT('',(-12.5,8.454818454,12.64417513));
#260=VERTEX_POINT('',#259);
#261=CARTESIAN_POINT('',(-12.5,8.887831155,12.39417513));
#262=DIRECTION('',(-1.,-0.,-0.));
#263=DIRECTION('',(0.,0.,-1.));
#264=AXIS2_PLACEMENT_3D('',#261,#262,#263);
#265=CIRCLE('',#264,0.5);
#266=EDGE_CURVE('',#260,#251,#265,.T.);
#267=ORIENTED_EDGE('',*,*,#266,.F.);
#268=CARTESIAN_POINT('',(-12.5,5.42980947,7.404705877));
#269=VERTEX_POINT('',#268);
#270=CARTESIAN_POINT('',(-12.5,5.42980947,7.404705877));
#271=DIRECTION('',(-0.,0.5,0.866025404));
#272=VECTOR('',#271,6.050017968);
#273=LINE('',#270,#272);
#274=EDGE_CURVE('',#269,#260,#273,.T.);
#275=ORIENTED_EDGE('',*,*,#274,.F.);
#276=CARTESIAN_POINT('',(-12.5,5.545912865,6.767965019));
#277=VERTEX_POINT('',#276);
#278=CARTESIAN_POINT('',(-12.5,5.862822172,7.154705877));
#279=DIRECTION('',(-1.,0.,-0.));
#280=DIRECTION('',(0.,0.,-1.));
#281=AXIS2_PLACEMENT_3D('',#278,#279,#280);
#282=CIRCLE('',#281,0.5);
#283=EDGE_CURVE('',#277,#269,#282,.T.);
#284=ORIENTED_EDGE('',*,*,#283,.F.);
#285=CARTESIAN_POINT('',(-12.5,6.767965019,5.545912865));
#286=VERTEX_POINT('',#285);
#287=CARTESIAN_POINT('',(-12.5,-0.,0.));
#288=DIRECTION('',(1.,0.,0.));
#289=DIRECTION('',(-0.,0.,1.));
#290=AXIS2_PLACEMENT_3D('',#287,#288,#289);
#291=CIRCLE('',#290,8.75);
#292=EDGE_CURVE('',#286,#277,#291,.T.);
#293=ORIENTED_EDGE('',*,*,#292,.F.);
#294=CARTESIAN_POINT('',(-12.5,7.404705877,5.42980947));
#295=VERTEX_POINT('',#294);
#296=CARTESIAN_POINT('',(-12.5,7.154705877,5.862822172));
#297=DIRECTION('',(-1.,0.,-0.));
#298=DIRECTION('',(0.,0.,-1.));
#299=AXIS2_PLACEMENT_3D('',#296,#297,#298);
#300=CIRCLE('',#299,0.5);
#301=EDGE_CURVE('',#295,#286,#300,.T.);
#302=ORIENTED_EDGE('',*,*,#301,.F.);
#303=CARTESIAN_POINT('',(-12.5,12.64417513,8.454818454));
#304=VERTEX_POINT('',#303);
#305=CARTESIAN_POINT('',(-12.5,12.64417513,8.454818454));
#306=DIRECTION('',(0.,-0.866025404,-0.5));
#307=VECTOR('',#306,6.050017968);
#308=LINE('',#305,#307);
#309=EDGE_CURVE('',#304,#295,#308,.T.);
#310=ORIENTED_EDGE('',*,*,#309,.F.);
#311=CARTESIAN_POINT('',(-12.5,12.800500804,9.179206252));
#312=VERTEX_POINT('',#311);
#313=CARTESIAN_POINT('',(-12.5,12.39417513,8.887831155));
#314=DIRECTION('',(-1.,0.,-0.));
#315=DIRECTION('',(0.,0.,-1.));
#316=AXIS2_PLACEMENT_3D('',#313,#314,#315);
#317=CIRCLE('',#316,0.5);
#318=EDGE_CURVE('',#312,#304,#317,.T.);
#319=ORIENTED_EDGE('',*,*,#318,.F.);
#320=CARTESIAN_POINT('',(-12.5,11.986769323,10.21900237));
#321=VERTEX_POINT('',#320);
#322=CARTESIAN_POINT('',(-12.5,-0.,0.));
#323=DIRECTION('',(-1.,0.,-0.));
#324=DIRECTION('',(0.,0.,-1.));
#325=AXIS2_PLACEMENT_3D('',#322,#323,#324);
#326=CIRCLE('',#325,15.751528442);
#327=EDGE_CURVE('',#321,#312,#326,.T.);
#328=ORIENTED_EDGE('',*,*,#327,.F.);
#329=CARTESIAN_POINT('',(-12.5,12.340322714,10.572555761));
#330=VERTEX_POINT('',#329);
#331=CARTESIAN_POINT('',(-12.5,12.340322714,10.572555761));
#332=DIRECTION('',(0.,-0.707106781,-0.707106781));
#333=VECTOR('',#332,0.5);
#334=LINE('',#331,#333);
#335=EDGE_CURVE('',#330,#321,#334,.T.);
#336=ORIENTED_EDGE('',*,*,#335,.F.);
#337=CARTESIAN_POINT('',(-12.5,15.326263229,5.400755081));
#338=VERTEX_POINT('',#337);
#339=CARTESIAN_POINT('',(-12.5,-0.,0.));
#340=DIRECTION('',(1.,0.,0.));
#341=DIRECTION('',(-0.,0.,1.));
#342=AXIS2_PLACEMENT_3D('',#339,#340,#341);
#343=CIRCLE('',#342,16.25);
#344=EDGE_CURVE('',#338,#330,#343,.T.);
#345=ORIENTED_EDGE('',*,*,#344,.F.);
#346=CARTESIAN_POINT('',(-12.5,14.843300316,5.271345558));
#347=VERTEX_POINT('',#346);
#348=CARTESIAN_POINT('',(-12.5,14.843300316,5.271345558));
#349=DIRECTION('',(-0.,0.965925826,0.258819045));
#350=VECTOR('',#349,0.5);
#351=LINE('',#348,#350);
#352=EDGE_CURVE('',#347,#338,#351,.T.);
#353=ORIENTED_EDGE('',*,*,#352,.F.);
#354=CARTESIAN_POINT('',(-12.5,14.349676203,6.495955751));
#355=VERTEX_POINT('',#354);
#356=CARTESIAN_POINT('',(-12.5,-0.,0.));
#357=DIRECTION('',(-1.,0.,-0.));
#358=DIRECTION('',(0.,0.,-1.));
#359=AXIS2_PLACEMENT_3D('',#356,#357,#358);
#360=CIRCLE('',#359,15.751528442);
#361=EDGE_CURVE('',#355,#347,#360,.T.);
#362=ORIENTED_EDGE('',*,*,#361,.F.);
#363=CARTESIAN_POINT('',(-12.5,13.64417513,6.722767646));
#364=VERTEX_POINT('',#363);
#365=CARTESIAN_POINT('',(-12.5,13.89417513,6.289754944));
#366=DIRECTION('',(-1.,0.,-0.));
#367=DIRECTION('',(0.,0.,-1.));
#368=AXIS2_PLACEMENT_3D('',#365,#366,#367);
#369=CIRCLE('',#368,0.5);
#370=EDGE_CURVE('',#364,#355,#369,.T.);
#371=ORIENTED_EDGE('',*,*,#370,.F.);
#372=CARTESIAN_POINT('',(-12.5,8.404705877,3.697758662));
#373=VERTEX_POINT('',#372);
#374=CARTESIAN_POINT('',(-12.5,8.404705877,3.697758662));
#375=DIRECTION('',(-0.,0.866025404,0.5));
#376=VECTOR('',#375,6.050017968);
#377=LINE('',#374,#376);
#378=EDGE_CURVE('',#373,#364,#377,.T.);
#379=ORIENTED_EDGE('',*,*,#378,.F.);
#380=CARTESIAN_POINT('',(-12.5,8.186883938,3.088273206));
#381=VERTEX_POINT('',#380);
#382=CARTESIAN_POINT('',(-12.5,8.654705877,3.26474596));
#383=DIRECTION('',(-1.,0.,-0.));
#384=DIRECTION('',(0.,0.,-1.));
#385=AXIS2_PLACEMENT_3D('',#382,#383,#384);
#386=CIRCLE('',#385,0.5);
#387=EDGE_CURVE('',#381,#373,#386,.T.);
#388=ORIENTED_EDGE('',*,*,#387,.F.);
#389=CARTESIAN_POINT('',(-12.5,8.634186071,1.418918919));
#390=VERTEX_POINT('',#389);
#391=CARTESIAN_POINT('',(-12.5,-0.,0.));
#392=DIRECTION('',(1.,-0.,0.));
#393=DIRECTION('',(-0.,0.,1.));
#394=AXIS2_PLACEMENT_3D('',#391,#392,#393);
#395=CIRCLE('',#394,8.75);
#396=EDGE_CURVE('',#390,#381,#395,.T.);
#397=ORIENTED_EDGE('',*,*,#396,.F.);
#398=CARTESIAN_POINT('',(-12.5,9.127568132,1.));
#399=VERTEX_POINT('',#398);
#400=CARTESIAN_POINT('',(-12.5,9.127568132,1.5));
#401=DIRECTION('',(-1.,0.,-0.));
#402=DIRECTION('',(0.,0.,-1.));
#403=AXIS2_PLACEMENT_3D('',#400,#401,#402);
#404=CIRCLE('',#403,0.5);
#405=EDGE_CURVE('',#399,#390,#404,.T.);
#406=ORIENTED_EDGE('',*,*,#405,.F.);
#407=CARTESIAN_POINT('',(-12.5,15.1775861,1.));
#408=VERTEX_POINT('',#407);
#409=CARTESIAN_POINT('',(-12.5,15.1775861,1.));
#410=DIRECTION('',(0.,-1.,-0.));
#411=VECTOR('',#410,6.050017968);
#412=LINE('',#409,#411);
#413=EDGE_CURVE('',#408,#399,#412,.T.);
#414=ORIENTED_EDGE('',*,*,#413,.F.);
#415=CARTESIAN_POINT('',(-12.5,15.675162004,1.549175399));
#416=VERTEX_POINT('',#415);
#417=CARTESIAN_POINT('',(-12.5,15.1775861,1.5));
#418=DIRECTION('',(-1.,0.,-0.));
#419=DIRECTION('',(0.,0.,-1.));
#420=AXIS2_PLACEMENT_3D('',#417,#418,#419);
#421=CIRCLE('',#420,0.5);
#422=EDGE_CURVE('',#416,#408,#421,.T.);
#423=ORIENTED_EDGE('',*,*,#422,.F.);
#424=CARTESIAN_POINT('',(-12.5,15.490347928,2.856530992));
#425=VERTEX_POINT('',#424);
#426=CARTESIAN_POINT('',(-12.5,-0.,0.));
#427=DIRECTION('',(-1.,-0.,-0.));
#428=DIRECTION('',(0.,0.,-1.));
#429=AXIS2_PLACEMENT_3D('',#426,#427,#428);
#430=CIRCLE('',#429,15.751528442);
#431=EDGE_CURVE('',#425,#416,#430,.T.);
#432=ORIENTED_EDGE('',*,*,#431,.F.);
#433=CARTESIAN_POINT('',(-12.5,15.973310842,2.985940515));
#434=VERTEX_POINT('',#433);
#435=CARTESIAN_POINT('',(-12.5,15.973310842,2.985940515));
#436=DIRECTION('',(0.,-0.965925826,-0.258819045));
#437=VECTOR('',#436,0.5);
#438=LINE('',#435,#437);
#439=EDGE_CURVE('',#434,#425,#438,.T.);
#440=ORIENTED_EDGE('',*,*,#439,.F.);
#441=CARTESIAN_POINT('',(-12.5,15.973310842,-2.985940515));
#442=VERTEX_POINT('',#441);
#443=CARTESIAN_POINT('',(-12.5,-0.,0.));
#444=DIRECTION('',(1.,0.,0.));
#445=DIRECTION('',(-0.,0.,1.));
#446=AXIS2_PLACEMENT_3D('',#443,#444,#445);
#447=CIRCLE('',#446,16.25);
#448=EDGE_CURVE('',#442,#434,#447,.T.);
#449=ORIENTED_EDGE('',*,*,#448,.F.);
#450=CARTESIAN_POINT('',(-12.5,15.490347928,-2.856530992));
#451=VERTEX_POINT('',#450);
#452=CARTESIAN_POINT('',(-12.5,15.490347928,-2.856530992));
#453=DIRECTION('',(0.,0.965925826,-0.258819045));
#454=VECTOR('',#453,0.5);
#455=LINE('',#452,#454);
#456=EDGE_CURVE('',#451,#442,#455,.T.);
#457=ORIENTED_EDGE('',*,*,#456,.F.);
#458=CARTESIAN_POINT('',(-12.5,15.675162004,-1.549175399));
#459=VERTEX_POINT('',#458);
#460=CARTESIAN_POINT('',(-12.5,-0.,0.));
#461=DIRECTION('',(-1.,-0.,-0.));
#462=DIRECTION('',(0.,0.,-1.));
#463=AXIS2_PLACEMENT_3D('',#460,#461,#462);
#464=CIRCLE('',#463,15.751528442);
#465=EDGE_CURVE('',#459,#451,#464,.T.);
#466=ORIENTED_EDGE('',*,*,#465,.F.);
#467=CARTESIAN_POINT('',(-12.5,15.1775861,-1.));
#468=VERTEX_POINT('',#467);
#469=CARTESIAN_POINT('',(-12.5,15.1775861,-1.5));
#470=DIRECTION('',(-1.,0.,-0.));
#471=DIRECTION('',(0.,0.,-1.));
#472=AXIS2_PLACEMENT_3D('',#469,#470,#471);
#473=CIRCLE('',#472,0.5);
#474=EDGE_CURVE('',#468,#459,#473,.T.);
#475=ORIENTED_EDGE('',*,*,#474,.F.);
#476=CARTESIAN_POINT('',(-12.5,9.127568132,-1.));
#477=VERTEX_POINT('',#476);
#478=CARTESIAN_POINT('',(-12.5,9.127568132,-1.));
#479=DIRECTION('',(-0.,1.,0.));
#480=VECTOR('',#479,6.050017968);
#481=LINE('',#478,#480);
#482=EDGE_CURVE('',#477,#468,#481,.T.);
#483=ORIENTED_EDGE('',*,*,#482,.F.);
#484=CARTESIAN_POINT('',(-12.5,8.634186071,-1.418918919));
#485=VERTEX_POINT('',#484);
#486=CARTESIAN_POINT('',(-12.5,9.127568132,-1.5));
#487=DIRECTION('',(-1.,0.,-0.));
#488=DIRECTION('',(0.,0.,-1.));
#489=AXIS2_PLACEMENT_3D('',#486,#487,#488);
#490=CIRCLE('',#489,0.5);
#491=EDGE_CURVE('',#485,#477,#490,.T.);
#492=ORIENTED_EDGE('',*,*,#491,.F.);
#493=CARTESIAN_POINT('',(-12.5,8.186883938,-3.088273206));
#494=VERTEX_POINT('',#493);
#495=CARTESIAN_POINT('',(-12.5,-0.,0.));
#496=DIRECTION('',(1.,0.,0.));
#497=DIRECTION('',(-0.,0.,1.));
#498=AXIS2_PLACEMENT_3D('',#495,#496,#497);
#499=CIRCLE('',#498,8.75);
#500=EDGE_CURVE('',#494,#485,#499,.T.);
#501=ORIENTED_EDGE('',*,*,#500,.F.);
#502=CARTESIAN_POINT('',(-12.5,8.404705877,-3.697758662));
#503=VERTEX_POINT('',#502);
#504=CARTESIAN_POINT('',(-12.5,8.654705877,-3.26474596));
#505=DIRECTION('',(-1.,0.,-0.));
#506=DIRECTION('',(0.,0.,-1.));
#507=AXIS2_PLACEMENT_3D('',#504,#505,#506);
#508=CIRCLE('',#507,0.5);
#509=EDGE_CURVE('',#503,#494,#508,.T.);
#510=ORIENTED_EDGE('',*,*,#509,.F.);
#511=CARTESIAN_POINT('',(-12.5,13.64417513,-6.722767646));
#512=VERTEX_POINT('',#511);
#513=CARTESIAN_POINT('',(-12.5,13.64417513,-6.722767646));
#514=DIRECTION('',(-0.,-0.866025404,0.5));
#515=VECTOR('',#514,6.050017968);
#516=LINE('',#513,#515);
#517=EDGE_CURVE('',#512,#503,#516,.T.);
#518=ORIENTED_EDGE('',*,*,#517,.F.);
#519=CARTESIAN_POINT('',(-12.5,14.349676203,-6.495955751));
#520=VERTEX_POINT('',#519);
#521=CARTESIAN_POINT('',(-12.5,13.89417513,-6.289754944));
#522=DIRECTION('',(-1.,0.,-0.));
#523=DIRECTION('',(0.,0.,-1.));
#524=AXIS2_PLACEMENT_3D('',#521,#522,#523);
#525=CIRCLE('',#524,0.5);
#526=EDGE_CURVE('',#520,#512,#525,.T.);
#527=ORIENTED_EDGE('',*,*,#526,.F.);
#528=CARTESIAN_POINT('',(-12.5,14.843300316,-5.271345558));
#529=VERTEX_POINT('',#528);
#530=CARTESIAN_POINT('',(-12.5,-0.,0.));
#531=DIRECTION('',(-1.,0.,-0.));
#532=DIRECTION('',(0.,0.,-1.));
#533=AXIS2_PLACEMENT_3D('',#530,#531,#532);
#534=CIRCLE('',#533,15.751528442);
#535=EDGE_CURVE('',#529,#520,#534,.T.);
#536=ORIENTED_EDGE('',*,*,#535,.F.);
#537=CARTESIAN_POINT('',(-12.5,15.326263229,-5.400755081));
#538=VERTEX_POINT('',#537);
#539=CARTESIAN_POINT('',(-12.5,15.326263229,-5.400755081));
#540=DIRECTION('',(-0.,-0.965925826,0.258819045));
#541=VECTOR('',#540,0.5);
#542=LINE('',#539,#541);
#543=EDGE_CURVE('',#538,#529,#542,.T.);
#544=ORIENTED_EDGE('',*,*,#543,.F.);
#545=CARTESIAN_POINT('',(-12.5,12.340322714,-10.572555761));
#546=VERTEX_POINT('',#545);
#547=CARTESIAN_POINT('',(-12.5,-0.,0.));
#548=DIRECTION('',(1.,0.,0.));
#549=DIRECTION('',(-0.,0.,1.));
#550=AXIS2_PLACEMENT_3D('',#547,#548,#549);
#551=CIRCLE('',#550,16.25);
#552=EDGE_CURVE('',#546,#538,#551,.T.);
#553=ORIENTED_EDGE('',*,*,#552,.F.);
#554=CARTESIAN_POINT('',(-12.5,11.986769323,-10.21900237));
#555=VERTEX_POINT('',#554);
#556=CARTESIAN_POINT('',(-12.5,11.986769323,-10.21900237));
#557=DIRECTION('',(0.,0.707106781,-0.707106781));
#558=VECTOR('',#557,0.5);
#559=LINE('',#556,#558);
#560=EDGE_CURVE('',#555,#546,#559,.T.);
#561=ORIENTED_EDGE('',*,*,#560,.F.);
#562=CARTESIAN_POINT('',(-12.5,12.800500804,-9.179206252));
#563=VERTEX_POINT('',#562);
#564=CARTESIAN_POINT('',(-12.5,-0.,0.));
#565=DIRECTION('',(-1.,0.,-0.));
#566=DIRECTION('',(0.,0.,-1.));
#567=AXIS2_PLACEMENT_3D('',#564,#565,#566);
#568=CIRCLE('',#567,15.751528442);
#569=EDGE_CURVE('',#563,#555,#568,.T.);
#570=ORIENTED_EDGE('',*,*,#569,.F.);
#571=CARTESIAN_POINT('',(-12.5,12.64417513,-8.454818454));
#572=VERTEX_POINT('',#571);
#573=CARTESIAN_POINT('',(-12.5,12.39417513,-8.887831155));
#574=DIRECTION('',(-1.,-0.,-0.));
#575=DIRECTION('',(0.,0.,-1.));
#576=AXIS2_PLACEMENT_3D('',#573,#574,#575);
#577=CIRCLE('',#576,0.5);
#578=EDGE_CURVE('',#572,#563,#577,.T.);
#579=ORIENTED_EDGE('',*,*,#578,.F.);
#580=CARTESIAN_POINT('',(-12.5,7.404705877,-5.42980947));
#581=VERTEX_POINT('',#580);
#582=CARTESIAN_POINT('',(-12.5,7.404705877,-5.42980947));
#583=DIRECTION('',(0.,0.866025404,-0.5));
#584=VECTOR('',#583,6.050017968);
#585=LINE('',#582,#584);
#586=EDGE_CURVE('',#581,#572,#585,.T.);
#587=ORIENTED_EDGE('',*,*,#586,.F.);
#588=CARTESIAN_POINT('',(-12.5,6.767965019,-5.545912865));
#589=VERTEX_POINT('',#588);
#590=CARTESIAN_POINT('',(-12.5,7.154705877,-5.862822172));
#591=DIRECTION('',(-1.,0.,-0.));
#592=DIRECTION('',(0.,0.,-1.));
#593=AXIS2_PLACEMENT_3D('',#590,#591,#592);
#594=CIRCLE('',#593,0.5);
#595=EDGE_CURVE('',#589,#581,#594,.T.);
#596=ORIENTED_EDGE('',*,*,#595,.F.);
#597=CARTESIAN_POINT('',(-12.5,5.545912865,-6.767965019));
#598=VERTEX_POINT('',#597);
#599=CARTESIAN_POINT('',(-12.5,-0.,0.));
#600=DIRECTION('',(1.,0.,0.));
#601=DIRECTION('',(-0.,0.,1.));
#602=AXIS2_PLACEMENT_3D('',#599,#600,#601);
#603=CIRCLE('',#602,8.75);
#604=EDGE_CURVE('',#598,#589,#603,.T.);
#605=ORIENTED_EDGE('',*,*,#604,.F.);
#606=CARTESIAN_POINT('',(-12.5,5.42980947,-7.404705877));
#607=VERTEX_POINT('',#606);
#608=CARTESIAN_POINT('',(-12.5,5.862822172,-7.154705877));
#609=DIRECTION('',(-1.,0.,-0.));
#610=DIRECTION('',(0.,0.,-1.));
#611=AXIS2_PLACEMENT_3D('',#608,#609,#610);
#612=CIRCLE('',#611,0.5);
#613=EDGE_CURVE('',#607,#598,#612,.T.);
#614=ORIENTED_EDGE('',*,*,#613,.F.);
#615=CARTESIAN_POINT('',(-12.5,8.454818454,-12.64417513));
#616=VERTEX_POINT('',#615);
#617=CARTESIAN_POINT('',(-12.5,8.454818454,-12.64417513));
#618=DIRECTION('',(-0.,-0.5,0.866025404));
#619=VECTOR('',#618,6.050017968);
#620=LINE('',#617,#619);
#621=EDGE_CURVE('',#616,#607,#620,.T.);
#622=ORIENTED_EDGE('',*,*,#621,.F.);
#623=CARTESIAN_POINT('',(-12.5,9.179206252,-12.800500804));
#624=VERTEX_POINT('',#623);
#625=CARTESIAN_POINT('',(-12.5,8.887831155,-12.39417513));
#626=DIRECTION('',(-1.,0.,-0.));
#627=DIRECTION('',(0.,0.,-1.));
#628=AXIS2_PLACEMENT_3D('',#625,#626,#627);
#629=CIRCLE('',#628,0.5);
#630=EDGE_CURVE('',#624,#616,#629,.T.);
#631=ORIENTED_EDGE('',*,*,#630,.F.);
#632=CARTESIAN_POINT('',(-12.5,10.21900237,-11.986769323));
#633=VERTEX_POINT('',#632);
#634=CARTESIAN_POINT('',(-12.5,-0.,0.));
#635=DIRECTION('',(-1.,0.,-0.));
#636=DIRECTION('',(0.,0.,-1.));
#637=AXIS2_PLACEMENT_3D('',#634,#635,#636);
#638=CIRCLE('',#637,15.751528442);
#639=EDGE_CURVE('',#633,#624,#638,.T.);
#640=ORIENTED_EDGE('',*,*,#639,.F.);
#641=CARTESIAN_POINT('',(-12.5,10.572555761,-12.340322714));
#642=VERTEX_POINT('',#641);
#643=CARTESIAN_POINT('',(-12.5,10.572555761,-12.340322714));
#644=DIRECTION('',(-0.,-0.707106781,0.707106781));
#645=VECTOR('',#644,0.5);
#646=LINE('',#643,#645);
#647=EDGE_CURVE('',#642,#633,#646,.T.);
#648=ORIENTED_EDGE('',*,*,#647,.F.);
#649=CARTESIAN_POINT('',(-12.5,5.400755081,-15.326263229));
#650=VERTEX_POINT('',#649);
#651=CARTESIAN_POINT('',(-12.5,-0.,0.));
#652=DIRECTION('',(1.,0.,0.));
#653=DIRECTION('',(-0.,0.,1.));
#654=AXIS2_PLACEMENT_3D('',#651,#652,#653);
#655=CIRCLE('',#654,16.25);
#656=EDGE_CURVE('',#650,#642,#655,.T.);
#657=ORIENTED_EDGE('',*,*,#656,.F.);
#658=CARTESIAN_POINT('',(-12.5,5.271345558,-14.843300316));
#659=VERTEX_POINT('',#658);
#660=CARTESIAN_POINT('',(-12.5,5.271345558,-14.843300316));
#661=DIRECTION('',(0.,0.258819045,-0.965925826));
#662=VECTOR('',#661,0.5);
#663=LINE('',#660,#662);
#664=EDGE_CURVE('',#659,#650,#663,.T.);
#665=ORIENTED_EDGE('',*,*,#664,.F.);
#666=CARTESIAN_POINT('',(-12.5,6.495955751,-14.349676203));
#667=VERTEX_POINT('',#666);
#668=CARTESIAN_POINT('',(-12.5,-0.,0.));
#669=DIRECTION('',(-1.,0.,-0.));
#670=DIRECTION('',(0.,0.,-1.));
#671=AXIS2_PLACEMENT_3D('',#668,#669,#670);
#672=CIRCLE('',#671,15.751528442);
#673=EDGE_CURVE('',#667,#659,#672,.T.);
#674=ORIENTED_EDGE('',*,*,#673,.F.);
#675=CARTESIAN_POINT('',(-12.5,6.722767646,-13.64417513));
#676=VERTEX_POINT('',#675);
#677=CARTESIAN_POINT('',(-12.5,6.289754944,-13.89417513));
#678=DIRECTION('',(-1.,-0.,-0.));
#679=DIRECTION('',(0.,0.,-1.));
#680=AXIS2_PLACEMENT_3D('',#677,#678,#679);
#681=CIRCLE('',#680,0.5);
#682=EDGE_CURVE('',#676,#667,#681,.T.);
#683=ORIENTED_EDGE('',*,*,#682,.F.);
#684=CARTESIAN_POINT('',(-12.5,3.697758662,-8.404705877));
#685=VERTEX_POINT('',#684);
#686=CARTESIAN_POINT('',(-12.5,3.697758662,-8.404705877));
#687=DIRECTION('',(0.,0.5,-0.866025404));
#688=VECTOR('',#687,6.050017968);
#689=LINE('',#686,#688);
#690=EDGE_CURVE('',#685,#676,#689,.T.);
#691=ORIENTED_EDGE('',*,*,#690,.F.);
#692=CARTESIAN_POINT('',(-12.5,3.088273206,-8.186883938));
#693=VERTEX_POINT('',#692);
#694=CARTESIAN_POINT('',(-12.5,3.26474596,-8.654705877));
#695=DIRECTION('',(-1.,0.,-0.));
#696=DIRECTION('',(0.,0.,-1.));
#697=AXIS2_PLACEMENT_3D('',#694,#695,#696);
#698=CIRCLE('',#697,0.5);
#699=EDGE_CURVE('',#693,#685,#698,.T.);
#700=ORIENTED_EDGE('',*,*,#699,.F.);
#701=CARTESIAN_POINT('',(-12.5,1.418918919,-8.634186071));
#702=VERTEX_POINT('',#701);
#703=CARTESIAN_POINT('',(-12.5,-0.,0.));
#704=DIRECTION('',(1.,-0.,0.));
#705=DIRECTION('',(-0.,0.,1.));
#706=AXIS2_PLACEMENT_3D('',#703,#704,#705);
#707=CIRCLE('',#706,8.75);
#708=EDGE_CURVE('',#702,#693,#707,.T.);
#709=ORIENTED_EDGE('',*,*,#708,.F.);
#710=CARTESIAN_POINT('',(-12.5,1.,-9.127568132));
#711=VERTEX_POINT('',#710);
#712=CARTESIAN_POINT('',(-12.5,1.5,-9.127568132));
#713=DIRECTION('',(-1.,0.,-0.));
#714=DIRECTION('',(0.,0.,-1.));
#715=AXIS2_PLACEMENT_3D('',#712,#713,#714);
#716=CIRCLE('',#715,0.5);
#717=EDGE_CURVE('',#711,#702,#716,.T.);
#718=ORIENTED_EDGE('',*,*,#717,.F.);
#719=CARTESIAN_POINT('',(-12.5,1.,-15.1775861));
#720=VERTEX_POINT('',#719);
#721=CARTESIAN_POINT('',(-12.5,1.,-15.1775861));
#722=DIRECTION('',(-0.,-0.,1.));
#723=VECTOR('',#722,6.050017968);
#724=LINE('',#721,#723);
#725=EDGE_CURVE('',#720,#711,#724,.T.);
#726=ORIENTED_EDGE('',*,*,#725,.F.);
#727=CARTESIAN_POINT('',(-12.5,1.549175399,-15.675162004));
#728=VERTEX_POINT('',#727);
#729=CARTESIAN_POINT('',(-12.5,1.5,-15.1775861));
#730=DIRECTION('',(-1.,-0.,-0.));
#731=DIRECTION('',(0.,0.,-1.));
#732=AXIS2_PLACEMENT_3D('',#729,#730,#731);
#733=CIRCLE('',#732,0.5);
#734=EDGE_CURVE('',#728,#720,#733,.T.);
#735=ORIENTED_EDGE('',*,*,#734,.F.);
#736=CARTESIAN_POINT('',(-12.5,2.856530992,-15.490347928));
#737=VERTEX_POINT('',#736);
#738=CARTESIAN_POINT('',(-12.5,-0.,0.));
#739=DIRECTION('',(-1.,-0.,-0.));
#740=DIRECTION('',(0.,0.,-1.));
#741=AXIS2_PLACEMENT_3D('',#738,#739,#740);
#742=CIRCLE('',#741,15.751528442);
#743=EDGE_CURVE('',#737,#728,#742,.T.);
#744=ORIENTED_EDGE('',*,*,#743,.F.);
#745=CARTESIAN_POINT('',(-12.5,2.985940515,-15.973310842));
#746=VERTEX_POINT('',#745);
#747=CARTESIAN_POINT('',(-12.5,2.985940515,-15.973310842));
#748=DIRECTION('',(-0.,-0.258819045,0.965925826));
#749=VECTOR('',#748,0.5);
#750=LINE('',#747,#749);
#751=EDGE_CURVE('',#746,#737,#750,.T.);
#752=ORIENTED_EDGE('',*,*,#751,.F.);
#753=CARTESIAN_POINT('',(-12.5,-2.985940515,-15.973310842));
#754=VERTEX_POINT('',#753);
#755=CARTESIAN_POINT('',(-12.5,-0.,0.));
#756=DIRECTION('',(1.,0.,0.));
#757=DIRECTION('',(-0.,0.,1.));
#758=AXIS2_PLACEMENT_3D('',#755,#756,#757);
#759=CIRCLE('',#758,16.25);
#760=EDGE_CURVE('',#754,#746,#759,.T.);
#761=ORIENTED_EDGE('',*,*,#760,.F.);
#762=CARTESIAN_POINT('',(-12.5,-2.856530992,-15.490347928));
#763=VERTEX_POINT('',#762);
#764=CARTESIAN_POINT('',(-12.5,-2.856530992,-15.490347928));
#765=DIRECTION('',(0.,-0.258819045,-0.965925826));
#766=VECTOR('',#765,0.5);
#767=LINE('',#764,#766);
#768=EDGE_CURVE('',#763,#754,#767,.T.);
#769=ORIENTED_EDGE('',*,*,#768,.F.);
#770=CARTESIAN_POINT('',(-12.5,-1.549175399,-15.675162004));
#771=VERTEX_POINT('',#770);
#772=CARTESIAN_POINT('',(-12.5,-0.,0.));
#773=DIRECTION('',(-1.,0.,-0.));
#774=DIRECTION('',(0.,0.,-1.));
#775=AXIS2_PLACEMENT_3D('',#772,#773,#774);
#776=CIRCLE('',#775,15.751528442);
#777=EDGE_CURVE('',#771,#763,#776,.T.);
#778=ORIENTED_EDGE('',*,*,#777,.F.);
#779=CARTESIAN_POINT('',(-12.5,-1.,-15.1775861));
#780=VERTEX_POINT('',#779);
#781=CARTESIAN_POINT('',(-12.5,-1.5,-15.1775861));
#782=DIRECTION('',(-1.,0.,-0.));
#783=DIRECTION('',(0.,0.,-1.));
#784=AXIS2_PLACEMENT_3D('',#781,#782,#783);
#785=CIRCLE('',#784,0.5);
#786=EDGE_CURVE('',#780,#771,#785,.T.);
#787=ORIENTED_EDGE('',*,*,#786,.F.);
#788=CARTESIAN_POINT('',(-12.5,-1.,-9.127568132));
#789=VERTEX_POINT('',#788);
#790=CARTESIAN_POINT('',(-12.5,-1.,-9.127568132));
#791=DIRECTION('',(0.,0.,-1.));
#792=VECTOR('',#791,6.050017968);
#793=LINE('',#790,#792);
#794=EDGE_CURVE('',#789,#780,#793,.T.);
#795=ORIENTED_EDGE('',*,*,#794,.F.);
#796=CARTESIAN_POINT('',(-12.5,-1.418918919,-8.634186071));
#797=VERTEX_POINT('',#796);
#798=CARTESIAN_POINT('',(-12.5,-1.5,-9.127568132));
#799=DIRECTION('',(-1.,0.,-0.));
#800=DIRECTION('',(0.,0.,-1.));
#801=AXIS2_PLACEMENT_3D('',#798,#799,#800);
#802=CIRCLE('',#801,0.5);
#803=EDGE_CURVE('',#797,#789,#802,.T.);
#804=ORIENTED_EDGE('',*,*,#803,.F.);
#805=CARTESIAN_POINT('',(-12.5,-3.088273206,-8.186883938));
#806=VERTEX_POINT('',#805);
#807=CARTESIAN_POINT('',(-12.5,-0.,0.));
#808=DIRECTION('',(1.,0.,0.));
#809=DIRECTION('',(-0.,0.,1.));
#810=AXIS2_PLACEMENT_3D('',#807,#808,#809);
#811=CIRCLE('',#810,8.75);
#812=EDGE_CURVE('',#806,#797,#811,.T.);
#813=ORIENTED_EDGE('',*,*,#812,.F.);
#814=CARTESIAN_POINT('',(-12.5,-3.697758662,-8.404705877));
#815=VERTEX_POINT('',#814);
#816=CARTESIAN_POINT('',(-12.5,-3.26474596,-8.654705877));
#817=DIRECTION('',(-1.,0.,-0.));
#818=DIRECTION('',(0.,0.,-1.));
#819=AXIS2_PLACEMENT_3D('',#816,#817,#818);
#820=CIRCLE('',#819,0.5);
#821=EDGE_CURVE('',#815,#806,#820,.T.);
#822=ORIENTED_EDGE('',*,*,#821,.F.);
#823=CARTESIAN_POINT('',(-12.5,-6.722767646,-13.64417513));
#824=VERTEX_POINT('',#823);
#825=CARTESIAN_POINT('',(-12.5,-6.722767646,-13.64417513));
#826=DIRECTION('',(-0.,0.5,0.866025404));
#827=VECTOR('',#826,6.050017968);
#828=LINE('',#825,#827);
#829=EDGE_CURVE('',#824,#815,#828,.T.);
#830=ORIENTED_EDGE('',*,*,#829,.F.);
#831=CARTESIAN_POINT('',(-12.5,-6.495955751,-14.349676203));
#832=VERTEX_POINT('',#831);
#833=CARTESIAN_POINT('',(-12.5,-6.289754944,-13.89417513));
#834=DIRECTION('',(-1.,0.,-0.));
#835=DIRECTION('',(0.,0.,-1.));
#836=AXIS2_PLACEMENT_3D('',#833,#834,#835);
#837=CIRCLE('',#836,0.5);
#838=EDGE_CURVE('',#832,#824,#837,.T.);
#839=ORIENTED_EDGE('',*,*,#838,.F.);
#840=CARTESIAN_POINT('',(-12.5,-5.271345558,-14.843300316));
#841=VERTEX_POINT('',#840);
#842=CARTESIAN_POINT('',(-12.5,-0.,0.));
#843=DIRECTION('',(-1.,0.,-0.));
#844=DIRECTION('',(0.,0.,-1.));
#845=AXIS2_PLACEMENT_3D('',#842,#843,#844);
#846=CIRCLE('',#845,15.751528442);
#847=EDGE_CURVE('',#841,#832,#846,.T.);
#848=ORIENTED_EDGE('',*,*,#847,.F.);
#849=CARTESIAN_POINT('',(-12.5,-5.400755081,-15.326263229));
#850=VERTEX_POINT('',#849);
#851=CARTESIAN_POINT('',(-12.5,-5.400755081,-15.326263229));
#852=DIRECTION('',(-0.,0.258819045,0.965925826));
#853=VECTOR('',#852,0.5);
#854=LINE('',#851,#853);
#855=EDGE_CURVE('',#850,#841,#854,.T.);
#856=ORIENTED_EDGE('',*,*,#855,.F.);
#857=CARTESIAN_POINT('',(-12.5,-10.572555761,-12.340322714));
#858=VERTEX_POINT('',#857);
#859=CARTESIAN_POINT('',(-12.5,-0.,0.));
#860=DIRECTION('',(1.,0.,0.));
#861=DIRECTION('',(-0.,0.,1.));
#862=AXIS2_PLACEMENT_3D('',#859,#860,#861);
#863=CIRCLE('',#862,16.25);
#864=EDGE_CURVE('',#858,#850,#863,.T.);
#865=ORIENTED_EDGE('',*,*,#864,.F.);
#866=CARTESIAN_POINT('',(-12.5,-10.21900237,-11.986769323));
#867=VERTEX_POINT('',#866);
#868=CARTESIAN_POINT('',(-12.5,-10.21900237,-11.986769323));
#869=DIRECTION('',(0.,-0.707106781,-0.707106781));
#870=VECTOR('',#869,0.5);
#871=LINE('',#868,#870);
#872=EDGE_CURVE('',#867,#858,#871,.T.);
#873=ORIENTED_EDGE('',*,*,#872,.F.);
#874=CARTESIAN_POINT('',(-12.5,-9.179206252,-12.800500804));
#875=VERTEX_POINT('',#874);
#876=CARTESIAN_POINT('',(-12.5,-0.,0.));
#877=DIRECTION('',(-1.,0.,-0.));
#878=DIRECTION('',(0.,0.,-1.));
#879=AXIS2_PLACEMENT_3D('',#876,#877,#878);
#880=CIRCLE('',#879,15.751528442);
#881=EDGE_CURVE('',#875,#867,#880,.T.);
#882=ORIENTED_EDGE('',*,*,#881,.F.);
#883=CARTESIAN_POINT('',(-12.5,-8.454818454,-12.64417513));
#884=VERTEX_POINT('',#883);
#885=CARTESIAN_POINT('',(-12.5,-8.887831155,-12.39417513));
#886=DIRECTION('',(-1.,0.,-0.));
#887=DIRECTION('',(0.,0.,-1.));
#888=AXIS2_PLACEMENT_3D('',#885,#886,#887);
#889=CIRCLE('',#888,0.5);
#890=EDGE_CURVE('',#884,#875,#889,.T.);
#891=ORIENTED_EDGE('',*,*,#890,.F.);
#892=CARTESIAN_POINT('',(-12.5,-5.42980947,-7.404705877));
#893=VERTEX_POINT('',#892);
#894=CARTESIAN_POINT('',(-12.5,-5.42980947,-7.404705877));
#895=DIRECTION('',(0.,-0.5,-0.866025404));
#896=VECTOR('',#895,6.050017968);
#897=LINE('',#894,#896);
#898=EDGE_CURVE('',#893,#884,#897,.T.);
#899=ORIENTED_EDGE('',*,*,#898,.F.);
#900=CARTESIAN_POINT('',(-12.5,-5.545912865,-6.767965019));
#901=VERTEX_POINT('',#900);
#902=CARTESIAN_POINT('',(-12.5,-5.862822172,-7.154705877));
#903=DIRECTION('',(-1.,0.,-0.));
#904=DIRECTION('',(0.,0.,-1.));
#905=AXIS2_PLACEMENT_3D('',#902,#903,#904);
#906=CIRCLE('',#905,0.5);
#907=EDGE_CURVE('',#901,#893,#906,.T.);
#908=ORIENTED_EDGE('',*,*,#907,.F.);
#909=CARTESIAN_POINT('',(-12.5,-6.767965019,-5.545912865));
#910=VERTEX_POINT('',#909);
#911=CARTESIAN_POINT('',(-12.5,-0.,0.));
#912=DIRECTION('',(1.,0.,0.));
#913=DIRECTION('',(-0.,0.,1.));
#914=AXIS2_PLACEMENT_3D('',#911,#912,#913);
#915=CIRCLE('',#914,8.75);
#916=EDGE_CURVE('',#910,#901,#915,.T.);
#917=ORIENTED_EDGE('',*,*,#916,.F.);
#918=CARTESIAN_POINT('',(-12.5,-7.404705877,-5.42980947));
#919=VERTEX_POINT('',#918);
#920=CARTESIAN_POINT('',(-12.5,-7.154705877,-5.862822172));
#921=DIRECTION('',(-1.,0.,-0.));
#922=DIRECTION('',(0.,0.,-1.));
#923=AXIS2_PLACEMENT_3D('',#920,#921,#922);
#924=CIRCLE('',#923,0.5);
#925=EDGE_CURVE('',#919,#910,#924,.T.);
#926=ORIENTED_EDGE('',*,*,#925,.F.);
#927=CARTESIAN_POINT('',(-12.5,-12.64417513,-8.454818454));
#928=VERTEX_POINT('',#927);
#929=CARTESIAN_POINT('',(-12.5,-12.64417513,-8.454818454));
#930=DIRECTION('',(-0.,0.866025404,0.5));
#931=VECTOR('',#930,6.050017968);
#932=LINE('',#929,#931);
#933=EDGE_CURVE('',#928,#919,#932,.T.);
#934=ORIENTED_EDGE('',*,*,#933,.F.);
#935=CARTESIAN_POINT('',(-12.5,-12.800500804,-9.179206252));
#936=VERTEX_POINT('',#935);
#937=CARTESIAN_POINT('',(-12.5,-12.39417513,-8.887831155));
#938=DIRECTION('',(-1.,0.,-0.));
#939=DIRECTION('',(0.,0.,-1.));
#940=AXIS2_PLACEMENT_3D('',#937,#938,#939);
#941=CIRCLE('',#940,0.5);
#942=EDGE_CURVE('',#936,#928,#941,.T.);
#943=ORIENTED_EDGE('',*,*,#942,.F.);
#944=CARTESIAN_POINT('',(-12.5,-11.986769323,-10.21900237));
#945=VERTEX_POINT('',#944);
#946=CARTESIAN_POINT('',(-12.5,-0.,0.));
#947=DIRECTION('',(-1.,0.,-0.));
#948=DIRECTION('',(0.,0.,-1.));
#949=AXIS2_PLACEMENT_3D('',#946,#947,#948);
#950=CIRCLE('',#949,15.751528442);
#951=EDGE_CURVE('',#945,#936,#950,.T.);
#952=ORIENTED_EDGE('',*,*,#951,.F.);
#953=CARTESIAN_POINT('',(-12.5,-12.340322714,-10.572555761));
#954=VERTEX_POINT('',#953);
#955=CARTESIAN_POINT('',(-12.5,-12.340322714,-10.572555761));
#956=DIRECTION('',(-0.,0.707106781,0.707106781));
#957=VECTOR('',#956,0.5);
#958=LINE('',#955,#957);
#959=EDGE_CURVE('',#954,#945,#958,.T.);
#960=ORIENTED_EDGE('',*,*,#959,.F.);
#961=CARTESIAN_POINT('',(-12.5,-15.326263229,-5.400755081));
#962=VERTEX_POINT('',#961);
#963=CARTESIAN_POINT('',(-12.5,-0.,0.));
#964=DIRECTION('',(1.,0.,0.));
#965=DIRECTION('',(-0.,0.,1.));
#966=AXIS2_PLACEMENT_3D('',#963,#964,#965);
#967=CIRCLE('',#966,16.25);
#968=EDGE_CURVE('',#962,#954,#967,.T.);
#969=ORIENTED_EDGE('',*,*,#968,.F.);
#970=CARTESIAN_POINT('',(-12.5,-14.843300316,-5.271345558));
#971=VERTEX_POINT('',#970);
#972=CARTESIAN_POINT('',(-12.5,-14.843300316,-5.271345558));
#973=DIRECTION('',(0.,-0.965925826,-0.258819045));
#974=VECTOR('',#973,0.5);
#975=LINE('',#972,#974);
#976=EDGE_CURVE('',#971,#962,#975,.T.);
#977=ORIENTED_EDGE('',*,*,#976,.F.);
#978=CARTESIAN_POINT('',(-12.5,-14.349676203,-6.495955751));
#979=VERTEX_POINT('',#978);
#980=CARTESIAN_POINT('',(-12.5,-0.,0.));
#981=DIRECTION('',(-1.,0.,-0.));
#982=DIRECTION('',(0.,0.,-1.));
#983=AXIS2_PLACEMENT_3D('',#980,#981,#982);
#984=CIRCLE('',#983,15.751528442);
#985=EDGE_CURVE('',#979,#971,#984,.T.);
#986=ORIENTED_EDGE('',*,*,#985,.F.);
#987=CARTESIAN_POINT('',(-12.5,-13.64417513,-6.722767646));
#988=VERTEX_POINT('',#987);
#989=CARTESIAN_POINT('',(-12.5,-13.89417513,-6.289754944));
#990=DIRECTION('',(-1.,0.,-0.));
#991=DIRECTION('',(0.,0.,-1.));
#992=AXIS2_PLACEMENT_3D('',#989,#990,#991);
#993=CIRCLE('',#992,0.5);
#994=EDGE_CURVE('',#988,#979,#993,.T.);
#995=ORIENTED_EDGE('',*,*,#994,.F.);
#996=CARTESIAN_POINT('',(-12.5,-8.404705877,-3.697758662));
#997=VERTEX_POINT('',#996);
#998=CARTESIAN_POINT('',(-12.5,-8.404705877,-3.697758662));
#999=DIRECTION('',(0.,-0.866025404,-0.5));
#1000=VECTOR('',#999,6.050017968);
#1001=LINE('',#998,#1000);
#1002=EDGE_CURVE('',#997,#988,#1001,.T.);
#1003=ORIENTED_EDGE('',*,*,#1002,.F.);
#1004=CARTESIAN_POINT('',(-12.5,-8.186883938,-3.088273206));
#1005=VERTEX_POINT('',#1004);
#1006=CARTESIAN_POINT('',(-12.5,-8.654705877,-3.26474596));
#1007=DIRECTION('',(-1.,0.,-0.));
#1008=DIRECTION('',(0.,0.,-1.));
#1009=AXIS2_PLACEMENT_3D('',#1006,#1007,#1008);
#1010=CIRCLE('',#1009,0.5);
#1011=EDGE_CURVE('',#1005,#997,#1010,.T.);
#1012=ORIENTED_EDGE('',*,*,#1011,.F.);
#1013=CARTESIAN_POINT('',(-12.5,-8.634186071,-1.418918919));
#1014=VERTEX_POINT('',#1013);
#1015=CARTESIAN_POINT('',(-12.5,-0.,0.));
#1016=DIRECTION('',(1.,-0.,0.));
#1017=DIRECTION('',(-0.,0.,1.));
#1018=AXIS2_PLACEMENT_3D('',#1015,#1016,#1017);
#1019=CIRCLE('',#1018,8.75);
#1020=EDGE_CURVE('',#1014,#1005,#1019,.T.);
#1021=ORIENTED_EDGE('',*,*,#1020,.F.);
#1022=CARTESIAN_POINT('',(-12.5,-9.127568132,-1.));
#1023=VERTEX_POINT('',#1022);
#1024=CARTESIAN_POINT('',(-12.5,-9.127568132,-1.5));
#1025=DIRECTION('',(-1.,0.,-0.));
#1026=DIRECTION('',(0.,0.,-1.));
#1027=AXIS2_PLACEMENT_3D('',#1024,#1025,#1026);
#1028=CIRCLE('',#1027,0.5);
#1029=EDGE_CURVE('',#1023,#1014,#1028,.T.);
#1030=ORIENTED_EDGE('',*,*,#1029,.F.);
#1031=CARTESIAN_POINT('',(-12.5,-15.1775861,-1.));
#1032=VERTEX_POINT('',#1031);
#1033=CARTESIAN_POINT('',(-12.5,-15.1775861,-1.));
#1034=DIRECTION('',(-0.,1.,0.));
#1035=VECTOR('',#1034,6.050017968);
#1036=LINE('',#1033,#1035);
#1037=EDGE_CURVE('',#1032,#1023,#1036,.T.);
#1038=ORIENTED_EDGE('',*,*,#1037,.F.);
#1039=CARTESIAN_POINT('',(-12.5,-15.675162004,-1.549175399));
#1040=VERTEX_POINT('',#1039);
#1041=CARTESIAN_POINT('',(-12.5,-15.1775861,-1.5));
#1042=DIRECTION('',(-1.,0.,-0.));
#1043=DIRECTION('',(0.,0.,-1.));
#1044=AXIS2_PLACEMENT_3D('',#1041,#1042,#1043);
#1045=CIRCLE('',#1044,0.5);
#1046=EDGE_CURVE('',#1040,#1032,#1045,.T.);
#1047=ORIENTED_EDGE('',*,*,#1046,.F.);
#1048=CARTESIAN_POINT('',(-12.5,-15.490347928,-2.856530992));
#1049=VERTEX_POINT('',#1048);
#1050=CARTESIAN_POINT('',(-12.5,-0.,0.));
#1051=DIRECTION('',(-1.,-0.,-0.));
#1052=DIRECTION('',(0.,0.,-1.));
#1053=AXIS2_PLACEMENT_3D('',#1050,#1051,#1052);
#1054=CIRCLE('',#1053,15.751528442);
#1055=EDGE_CURVE('',#1049,#1040,#1054,.T.);
#1056=ORIENTED_EDGE('',*,*,#1055,.F.);
#1057=CARTESIAN_POINT('',(-12.5,-15.973310842,-2.985940515));
#1058=VERTEX_POINT('',#1057);
#1059=CARTESIAN_POINT('',(-12.5,-15.973310842,-2.985940515));
#1060=DIRECTION('',(-0.,0.965925826,0.258819045));
#1061=VECTOR('',#1060,0.5);
#1062=LINE('',#1059,#1061);
#1063=EDGE_CURVE('',#1058,#1049,#1062,.T.);
#1064=ORIENTED_EDGE('',*,*,#1063,.F.);
#1065=CARTESIAN_POINT('',(-12.5,-15.973310842,2.985940515));
#1066=VERTEX_POINT('',#1065);
#1067=CARTESIAN_POINT('',(-12.5,-0.,0.));
#1068=DIRECTION('',(1.,0.,0.));
#1069=DIRECTION('',(-0.,0.,1.));
#1070=AXIS2_PLACEMENT_3D('',#1067,#1068,#1069);
#1071=CIRCLE('',#1070,16.25);
#1072=EDGE_CURVE('',#1066,#1058,#1071,.T.);
#1073=ORIENTED_EDGE('',*,*,#1072,.F.);
#1074=CARTESIAN_POINT('',(-12.5,-15.490347928,2.856530992));
#1075=VERTEX_POINT('',#1074);
#1076=CARTESIAN_POINT('',(-12.5,-15.490347928,2.856530992));
#1077=DIRECTION('',(-0.,-0.965925826,0.258819045));
#1078=VECTOR('',#1077,0.5);
#1079=LINE('',#1076,#1078);
#1080=EDGE_CURVE('',#1075,#1066,#1079,.T.);
#1081=ORIENTED_EDGE('',*,*,#1080,.F.);
#1082=CARTESIAN_POINT('',(-12.5,-15.675162004,1.549175399));
#1083=VERTEX_POINT('',#1082);
#1084=CARTESIAN_POINT('',(-12.5,-0.,0.));
#1085=DIRECTION('',(-1.,-0.,-0.));
#1086=DIRECTION('',(0.,0.,-1.));
#1087=AXIS2_PLACEMENT_3D('',#1084,#1085,#1086);
#1088=CIRCLE('',#1087,15.751528442);
#1089=EDGE_CURVE('',#1083,#1075,#1088,.T.);
#1090=ORIENTED_EDGE('',*,*,#1089,.F.);
#1091=CARTESIAN_POINT('',(-12.5,-15.1775861,1.));
#1092=VERTEX_POINT('',#1091);
#1093=CARTESIAN_POINT('',(-12.5,-15.1775861,1.5));
#1094=DIRECTION('',(-1.,0.,-0.));
#1095=DIRECTION('',(0.,0.,-1.));
#1096=AXIS2_PLACEMENT_3D('',#1093,#1094,#1095);
#1097=CIRCLE('',#1096,0.5);
#1098=EDGE_CURVE('',#1092,#1083,#1097,.T.);
#1099=ORIENTED_EDGE('',*,*,#1098,.F.);
#1100=CARTESIAN_POINT('',(-12.5,-9.127568132,1.));
#1101=VERTEX_POINT('',#1100);
#1102=CARTESIAN_POINT('',(-12.5,-9.127568132,1.));
#1103=DIRECTION('',(0.,-1.,-0.));
#1104=VECTOR('',#1103,6.050017968);
#1105=LINE('',#1102,#1104);
#1106=EDGE_CURVE('',#1101,#1092,#1105,.T.);
#1107=ORIENTED_EDGE('',*,*,#1106,.F.);
#1108=CARTESIAN_POINT('',(-12.5,-8.634186071,1.418918919));
#1109=VERTEX_POINT('',#1108);
#1110=CARTESIAN_POINT('',(-12.5,-9.127568132,1.5));
#1111=DIRECTION('',(-1.,0.,-0.));
#1112=DIRECTION('',(0.,0.,-1.));
#1113=AXIS2_PLACEMENT_3D('',#1110,#1111,#1112);
#1114=CIRCLE('',#1113,0.5);
#1115=EDGE_CURVE('',#1109,#1101,#1114,.T.);
#1116=ORIENTED_EDGE('',*,*,#1115,.F.);
#1117=CARTESIAN_POINT('',(-12.5,-8.186883938,3.088273206));
#1118=VERTEX_POINT('',#1117);
#1119=CARTESIAN_POINT('',(-12.5,-0.,0.));
#1120=DIRECTION('',(1.,0.,0.));
#1121=DIRECTION('',(-0.,0.,1.));
#1122=AXIS2_PLACEMENT_3D('',#1119,#1120,#1121);
#1123=CIRCLE('',#1122,8.75);
#1124=EDGE_CURVE('',#1118,#1109,#1123,.T.);
#1125=ORIENTED_EDGE('',*,*,#1124,.F.);
#1126=CARTESIAN_POINT('',(-12.5,-8.404705877,3.697758662));
#1127=VERTEX_POINT('',#1126);
#1128=CARTESIAN_POINT('',(-12.5,-8.654705877,3.26474596));
#1129=DIRECTION('',(-1.,0.,-0.));
#1130=DIRECTION('',(0.,0.,-1.));
#1131=AXIS2_PLACEMENT_3D('',#1128,#1129,#1130);
#1132=CIRCLE('',#1131,0.5);
#1133=EDGE_CURVE('',#1127,#1118,#1132,.T.);
#1134=ORIENTED_EDGE('',*,*,#1133,.F.);
#1135=CARTESIAN_POINT('',(-12.5,-13.64417513,6.722767646));
#1136=VERTEX_POINT('',#1135);
#1137=CARTESIAN_POINT('',(-12.5,-13.64417513,6.722767646));
#1138=DIRECTION('',(0.,0.866025404,-0.5));
#1139=VECTOR('',#1138,6.050017968);
#1140=LINE('',#1137,#1139);
#1141=EDGE_CURVE('',#1136,#1127,#1140,.T.);
#1142=ORIENTED_EDGE('',*,*,#1141,.F.);
#1143=CARTESIAN_POINT('',(-12.5,-14.349676203,6.495955751));
#1144=VERTEX_POINT('',#1143);
#1145=CARTESIAN_POINT('',(-12.5,-13.89417513,6.289754944));
#1146=DIRECTION('',(-1.,0.,-0.));
#1147=DIRECTION('',(0.,0.,-1.));
#1148=AXIS2_PLACEMENT_3D('',#1145,#1146,#1147);
#1149=CIRCLE('',#1148,0.5);
#1150=EDGE_CURVE('',#1144,#1136,#1149,.T.);
#1151=ORIENTED_EDGE('',*,*,#1150,.F.);
#1152=CARTESIAN_POINT('',(-12.5,-14.843300316,5.271345558));
#1153=VERTEX_POINT('',#1152);
#1154=CARTESIAN_POINT('',(-12.5,-0.,0.));
#1155=DIRECTION('',(-1.,0.,-0.));
#1156=DIRECTION('',(0.,0.,-1.));
#1157=AXIS2_PLACEMENT_3D('',#1154,#1155,#1156);
#1158=CIRCLE('',#1157,15.751528442);
#1159=EDGE_CURVE('',#1153,#1144,#1158,.T.);
#1160=ORIENTED_EDGE('',*,*,#1159,.F.);
#1161=CARTESIAN_POINT('',(-12.5,-15.326263229,5.400755081));
#1162=VERTEX_POINT('',#1161);
#1163=CARTESIAN_POINT('',(-12.5,-15.326263229,5.400755081));
#1164=DIRECTION('',(0.,0.965925826,-0.258819045));
#1165=VECTOR('',#1164,0.5);
#1166=LINE('',#1163,#1165);
#1167=EDGE_CURVE('',#1162,#1153,#1166,.T.);
#1168=ORIENTED_EDGE('',*,*,#1167,.F.);
#1169=CARTESIAN_POINT('',(-12.5,-12.340322714,10.572555761));
#1170=VERTEX_POINT('',#1169);
#1171=CARTESIAN_POINT('',(-12.5,-0.,0.));
#1172=DIRECTION('',(1.,0.,0.));
#1173=DIRECTION('',(-0.,0.,1.));
#1174=AXIS2_PLACEMENT_3D('',#1171,#1172,#1173);
#1175=CIRCLE('',#1174,16.25);
#1176=EDGE_CURVE('',#1170,#1162,#1175,.T.);
#1177=ORIENTED_EDGE('',*,*,#1176,.F.);
#1178=CARTESIAN_POINT('',(-12.5,-11.986769323,10.21900237));
#1179=VERTEX_POINT('',#1178);
#1180=CARTESIAN_POINT('',(-12.5,-11.986769323,10.21900237));
#1181=DIRECTION('',(-0.,-0.707106781,0.707106781));
#1182=VECTOR('',#1181,0.5);
#1183=LINE('',#1180,#1182);
#1184=EDGE_CURVE('',#1179,#1170,#1183,.T.);
#1185=ORIENTED_EDGE('',*,*,#1184,.F.);
#1186=CARTESIAN_POINT('',(-12.5,-12.800500804,9.179206252));
#1187=VERTEX_POINT('',#1186);
#1188=CARTESIAN_POINT('',(-12.5,-0.,0.));
#1189=DIRECTION('',(-1.,0.,-0.));
#1190=DIRECTION('',(0.,0.,-1.));
#1191=AXIS2_PLACEMENT_3D('',#1188,#1189,#1190);
#1192=CIRCLE('',#1191,15.751528442);
#1193=EDGE_CURVE('',#1187,#1179,#1192,.T.);
#1194=ORIENTED_EDGE('',*,*,#1193,.F.);
#1195=CARTESIAN_POINT('',(-12.5,-12.64417513,8.454818454));
#1196=VERTEX_POINT('',#1195);
#1197=CARTESIAN_POINT('',(-12.5,-12.39417513,8.887831155));
#1198=DIRECTION('',(-1.,0.,-0.));
#1199=DIRECTION('',(0.,0.,-1.));
#1200=AXIS2_PLACEMENT_3D('',#1197,#1198,#1199);
#1201=CIRCLE('',#1200,0.5);
#1202=EDGE_CURVE('',#1196,#1187,#1201,.T.);
#1203=ORIENTED_EDGE('',*,*,#1202,.F.);
#1204=CARTESIAN_POINT('',(-12.5,-7.404705877,5.42980947));
#1205=VERTEX_POINT('',#1204);
#1206=CARTESIAN_POINT('',(-12.5,-7.404705877,5.42980947));
#1207=DIRECTION('',(-0.,-0.866025404,0.5));
#1208=VECTOR('',#1207,6.050017968);
#1209=LINE('',#1206,#1208);
#1210=EDGE_CURVE('',#1205,#1196,#1209,.T.);
#1211=ORIENTED_EDGE('',*,*,#1210,.F.);
#1212=CARTESIAN_POINT('',(-12.5,-6.767965019,5.545912865));
#1213=VERTEX_POINT('',#1212);
#1214=CARTESIAN_POINT('',(-12.5,-7.154705877,5.862822172));
#1215=DIRECTION('',(-1.,0.,-0.));
#1216=DIRECTION('',(0.,0.,-1.));
#1217=AXIS2_PLACEMENT_3D('',#1214,#1215,#1216);
#1218=CIRCLE('',#1217,0.5);
#1219=EDGE_CURVE('',#1213,#1205,#1218,.T.);
#1220=ORIENTED_EDGE('',*,*,#1219,.F.);
#1221=CARTESIAN_POINT('',(-12.5,-5.545912865,6.767965019));
#1222=VERTEX_POINT('',#1221);
#1223=CARTESIAN_POINT('',(-12.5,-0.,0.));
#1224=DIRECTION('',(1.,0.,0.));
#1225=DIRECTION('',(-0.,0.,1.));
#1226=AXIS2_PLACEMENT_3D('',#1223,#1224,#1225);
#1227=CIRCLE('',#1226,8.75);
#1228=EDGE_CURVE('',#1222,#1213,#1227,.T.);
#1229=ORIENTED_EDGE('',*,*,#1228,.F.);
#1230=CARTESIAN_POINT('',(-12.5,-5.42980947,7.404705877));
#1231=VERTEX_POINT('',#1230);
#1232=CARTESIAN_POINT('',(-12.5,-5.862822172,7.154705877));
#1233=DIRECTION('',(-1.,0.,-0.));
#1234=DIRECTION('',(0.,0.,-1.));
#1235=AXIS2_PLACEMENT_3D('',#1232,#1233,#1234);
#1236=CIRCLE('',#1235,0.5);
#1237=EDGE_CURVE('',#1231,#1222,#1236,.T.);
#1238=ORIENTED_EDGE('',*,*,#1237,.F.);
#1239=CARTESIAN_POINT('',(-12.5,-8.454818454,12.64417513));
#1240=VERTEX_POINT('',#1239);
#1241=CARTESIAN_POINT('',(-12.5,-8.454818454,12.64417513));
#1242=DIRECTION('',(0.,0.5,-0.866025404));
#1243=VECTOR('',#1242,6.050017968);
#1244=LINE('',#1241,#1243);
#1245=EDGE_CURVE('',#1240,#1231,#1244,.T.);
#1246=ORIENTED_EDGE('',*,*,#1245,.F.);
#1247=CARTESIAN_POINT('',(-12.5,-9.179206252,12.800500804));
#1248=VERTEX_POINT('',#1247);
#1249=CARTESIAN_POINT('',(-12.5,-8.887831155,12.39417513));
#1250=DIRECTION('',(-1.,0.,-0.));
#1251=DIRECTION('',(0.,0.,-1.));
#1252=AXIS2_PLACEMENT_3D('',#1249,#1250,#1251);
#1253=CIRCLE('',#1252,0.5);
#1254=EDGE_CURVE('',#1248,#1240,#1253,.T.);
#1255=ORIENTED_EDGE('',*,*,#1254,.F.);
#1256=CARTESIAN_POINT('',(-12.5,-10.21900237,11.986769323));
#1257=VERTEX_POINT('',#1256);
#1258=CARTESIAN_POINT('',(-12.5,-0.,0.));
#1259=DIRECTION('',(-1.,0.,-0.));
#1260=DIRECTION('',(0.,0.,-1.));
#1261=AXIS2_PLACEMENT_3D('',#1258,#1259,#1260);
#1262=CIRCLE('',#1261,15.751528442);
#1263=EDGE_CURVE('',#1257,#1248,#1262,.T.);
#1264=ORIENTED_EDGE('',*,*,#1263,.F.);
#1265=CARTESIAN_POINT('',(-12.5,-10.572555761,12.340322714));
#1266=VERTEX_POINT('',#1265);
#1267=CARTESIAN_POINT('',(-12.5,-10.572555761,12.340322714));
#1268=DIRECTION('',(0.,0.707106781,-0.707106781));
#1269=VECTOR('',#1268,0.5);
#1270=LINE('',#1267,#1269);
#1271=EDGE_CURVE('',#1266,#1257,#1270,.T.);
#1272=ORIENTED_EDGE('',*,*,#1271,.F.);
#1273=CARTESIAN_POINT('',(-12.5,-0.,0.));
#1274=DIRECTION('',(1.,0.,0.));
#1275=DIRECTION('',(-0.,0.,1.));
#1276=AXIS2_PLACEMENT_3D('',#1273,#1274,#1275);
#1277=CIRCLE('',#1276,16.25);
#1278=EDGE_CURVE('',#35,#1266,#1277,.T.);
#1279=ORIENTED_EDGE('',*,*,#1278,.F.);
#1280=EDGE_LOOP('',(#41,#50,#59,#67,#76,#85,#94,#102,#111,#120,#128,#137,#145,#154,#163,#171,#180,#189,#198,#206,#215,#224,#232,#241,#249,#258,
#267,#275,#284,#293,#302,#310,#319,#328,#336,#345,#353,#362,#371,#379,#388,#397,#406,#414,#423,#432,#440,#449,#457,#466,#475,
#483,#492,#501,#510,#518,#527,#536,#544,#553,#561,#570,#579,#587,#596,#605,#614,#622,#631,#640,#648,#657,#665,#674,#683,#691,
#700,#709,#718,#726,#735,#744,#752,#761,#769,#778,#787,#795,#804,#813,#822,#830,#839,#848,#856,#865,#873,#882,#891,#899,#908,
#917,#926,#934,#943,#952,#960,#969,#977,#986,#995,#1003,#1012,#1021,#1030,#1038,#1047,#1056,#1064,#1073,#1081,#1090,#1099,#1107,#1116,#1125,
#1134,#1142,#1151,#1160,#1168,#1177,#1185,#1194,#1203,#1211,#1220,#1229,#1238,#1246,#1255,#1264,#1272,#1279));
#1281=FACE_BOUND('',#1280,.T.);
#1282=CARTESIAN_POINT('',(-12.5,-0.499722145,-7.483333333));
#1283=VERTEX_POINT('',#1282);
#1284=CARTESIAN_POINT('',(-12.5,0.499722145,-7.483333333));
#1285=VERTEX_POINT('',#1284);
#1286=CARTESIAN_POINT('',(-12.5,0.,-7.5));
#1287=DIRECTION('',(1.,0.,0.));
#1288=DIRECTION('',(-0.,0.,1.));
#1289=AXIS2_PLACEMENT_3D('',#1286,#1287,#1288);
#1290=CIRCLE('',#1289,0.5);
#1291=EDGE_CURVE('',#1283,#1285,#1290,.T.);
#1292=ORIENTED_EDGE('',*,*,#1291,.T.);
#1293=CARTESIAN_POINT('',(-12.5,-0.,0.));
#1294=DIRECTION('',(1.,0.,0.));
#1295=DIRECTION('',(-0.,0.,1.));
#1296=AXIS2_PLACEMENT_3D('',#1293,#1294,#1295);
#1297=CIRCLE('',#1296,7.5);
#1298=EDGE_CURVE('',#1285,#1283,#1297,.T.);
#1299=ORIENTED_EDGE('',*,*,#1298,.T.);
#1300=EDGE_LOOP('',(#1292,#1299));
#1301=FACE_BOUND('',#1300,.T.);
#1302=ADVANCED_FACE('',(#1281,#1301),#31,.F.);
#1303=CARTESIAN_POINT('',(-0.5,-0.,0.));
#1304=DIRECTION('',(1.,0.,0.));
#1305=DIRECTION('',(0.,-1.,-0.));
#1306=AXIS2_PLACEMENT_3D('',#1303,#1304,#1305);
#1307=PLANE('',#1306);
#1308=CARTESIAN_POINT('',(-0.5,-5.400755081,15.326263229));
#1309=VERTEX_POINT('',#1308);
#1310=CARTESIAN_POINT('',(-0.5,-10.572555761,12.340322714));
#1311=VERTEX_POINT('',#1310);
#1312=CARTESIAN_POINT('',(-0.5,-0.,0.));
#1313=DIRECTION('',(1.,0.,0.));
#1314=DIRECTION('',(-0.,0.,1.));
#1315=AXIS2_PLACEMENT_3D('',#1312,#1313,#1314);
#1316=CIRCLE('',#1315,16.25);
#1317=EDGE_CURVE('',#1309,#1311,#1316,.T.);
#1318=ORIENTED_EDGE('',*,*,#1317,.T.);
#1319=CARTESIAN_POINT('',(-0.5,-10.21900237,11.986769323));
#1320=VERTEX_POINT('',#1319);
#1321=CARTESIAN_POINT('',(-0.5,-10.572555761,12.340322714));
#1322=DIRECTION('',(-0.,0.707106781,-0.707106781));
#1323=VECTOR('',#1322,0.5);
#1324=LINE('',#1321,#1323);
#1325=EDGE_CURVE('',#1311,#1320,#1324,.T.);
#1326=ORIENTED_EDGE('',*,*,#1325,.T.);
#1327=CARTESIAN_POINT('',(-0.5,-9.179206252,12.800500804));
#1328=VERTEX_POINT('',#1327);
#1329=CARTESIAN_POINT('',(-0.5,-0.,0.));
#1330=DIRECTION('',(-1.,0.,-0.));
#1331=DIRECTION('',(0.,0.,-1.));
#1332=AXIS2_PLACEMENT_3D('',#1329,#1330,#1331);
#1333=CIRCLE('',#1332,15.751528442);
#1334=EDGE_CURVE('',#1320,#1328,#1333,.T.);
#1335=ORIENTED_EDGE('',*,*,#1334,.T.);
#1336=CARTESIAN_POINT('',(-0.5,-8.454818454,12.64417513));
#1337=VERTEX_POINT('',#1336);
#1338=CARTESIAN_POINT('',(-0.5,-8.887831155,12.39417513));
#1339=DIRECTION('',(-1.,0.,-0.));
#1340=DIRECTION('',(0.,0.,-1.));
#1341=AXIS2_PLACEMENT_3D('',#1338,#1339,#1340);
#1342=CIRCLE('',#1341,0.5);
#1343=EDGE_CURVE('',#1328,#1337,#1342,.T.);
#1344=ORIENTED_EDGE('',*,*,#1343,.T.);
#1345=CARTESIAN_POINT('',(-0.5,-5.42980947,7.404705877));
#1346=VERTEX_POINT('',#1345);
#1347=CARTESIAN_POINT('',(-0.5,-8.454818454,12.64417513));
#1348=DIRECTION('',(-0.,0.5,-0.866025404));
#1349=VECTOR('',#1348,6.050017968);
#1350=LINE('',#1347,#1349);
#1351=EDGE_CURVE('',#1337,#1346,#1350,.T.);
#1352=ORIENTED_EDGE('',*,*,#1351,.T.);
#1353=CARTESIAN_POINT('',(-0.5,-5.545912865,6.767965019));
#1354=VERTEX_POINT('',#1353);
#1355=CARTESIAN_POINT('',(-0.5,-5.862822172,7.154705877));
#1356=DIRECTION('',(-1.,0.,-0.));
#1357=DIRECTION('',(0.,0.,-1.));
#1358=AXIS2_PLACEMENT_3D('',#1355,#1356,#1357);
#1359=CIRCLE('',#1358,0.5);
#1360=EDGE_CURVE('',#1346,#1354,#1359,.T.);
#1361=ORIENTED_EDGE('',*,*,#1360,.T.);
#1362=CARTESIAN_POINT('',(-0.5,-6.767965019,5.545912865));
#1363=VERTEX_POINT('',#1362);
#1364=CARTESIAN_POINT('',(-0.5,-0.,0.));
#1365=DIRECTION('',(1.,0.,0.));
#1366=DIRECTION('',(-0.,0.,1.));
#1367=AXIS2_PLACEMENT_3D('',#1364,#1365,#1366);
#1368=CIRCLE('',#1367,8.75);
#1369=EDGE_CURVE('',#1354,#1363,#1368,.T.);
#1370=ORIENTED_EDGE('',*,*,#1369,.T.);
#1371=CARTESIAN_POINT('',(-0.5,-7.404705877,5.42980947));
#1372=VERTEX_POINT('',#1371);
#1373=CARTESIAN_POINT('',(-0.5,-7.154705877,5.862822172));
#1374=DIRECTION('',(-1.,0.,-0.));
#1375=DIRECTION('',(0.,0.,-1.));
#1376=AXIS2_PLACEMENT_3D('',#1373,#1374,#1375);
#1377=CIRCLE('',#1376,0.5);
#1378=EDGE_CURVE('',#1363,#1372,#1377,.T.);
#1379=ORIENTED_EDGE('',*,*,#1378,.T.);
#1380=CARTESIAN_POINT('',(-0.5,-12.64417513,8.454818454));
#1381=VERTEX_POINT('',#1380);
#1382=CARTESIAN_POINT('',(-0.5,-7.404705877,5.42980947));
#1383=DIRECTION('',(0.,-0.866025404,0.5));
#1384=VECTOR('',#1383,6.050017968);
#1385=LINE('',#1382,#1384);
#1386=EDGE_CURVE('',#1372,#1381,#1385,.T.);
#1387=ORIENTED_EDGE('',*,*,#1386,.T.);
#1388=CARTESIAN_POINT('',(-0.5,-12.800500804,9.179206252));
#1389=VERTEX_POINT('',#1388);
#1390=CARTESIAN_POINT('',(-0.5,-12.39417513,8.887831155));
#1391=DIRECTION('',(-1.,0.,-0.));
#1392=DIRECTION('',(0.,0.,-1.));
#1393=AXIS2_PLACEMENT_3D('',#1390,#1391,#1392);
#1394=CIRCLE('',#1393,0.5);
#1395=EDGE_CURVE('',#1381,#1389,#1394,.T.);
#1396=ORIENTED_EDGE('',*,*,#1395,.T.);
#1397=CARTESIAN_POINT('',(-0.5,-11.986769323,10.21900237));
#1398=VERTEX_POINT('',#1397);
#1399=CARTESIAN_POINT('',(-0.5,-0.,0.));
#1400=DIRECTION('',(-1.,0.,-0.));
#1401=DIRECTION('',(0.,0.,-1.));
#1402=AXIS2_PLACEMENT_3D('',#1399,#1400,#1401);
#1403=CIRCLE('',#1402,15.751528442);
#1404=EDGE_CURVE('',#1389,#1398,#1403,.T.);
#1405=ORIENTED_EDGE('',*,*,#1404,.T.);
#1406=CARTESIAN_POINT('',(-0.5,-12.340322714,10.572555761));
#1407=VERTEX_POINT('',#1406);
#1408=CARTESIAN_POINT('',(-0.5,-11.986769323,10.21900237));
#1409=DIRECTION('',(0.,-0.707106781,0.707106781));
#1410=VECTOR('',#1409,0.5);
#1411=LINE('',#1408,#1410);
#1412=EDGE_CURVE('',#1398,#1407,#1411,.T.);
#1413=ORIENTED_EDGE('',*,*,#1412,.T.);
#1414=CARTESIAN_POINT('',(-0.5,-15.326263229,5.400755081));
#1415=VERTEX_POINT('',#1414);
#1416=CARTESIAN_POINT('',(-0.5,-0.,0.));
#1417=DIRECTION('',(1.,0.,0.));
#1418=DIRECTION('',(-0.,0.,1.));
#1419=AXIS2_PLACEMENT_3D('',#1416,#1417,#1418);
#1420=CIRCLE('',#1419,16.25);
#1421=EDGE_CURVE('',#1407,#1415,#1420,.T.);
#1422=ORIENTED_EDGE('',*,*,#1421,.T.);
#1423=CARTESIAN_POINT('',(-0.5,-14.843300316,5.271345558));
#1424=VERTEX_POINT('',#1423);
#1425=CARTESIAN_POINT('',(-0.5,-15.326263229,5.400755081));
#1426=DIRECTION('',(-0.,0.965925826,-0.258819045));
#1427=VECTOR('',#1426,0.5);
#1428=LINE('',#1425,#1427);
#1429=EDGE_CURVE('',#1415,#1424,#1428,.T.);
#1430=ORIENTED_EDGE('',*,*,#1429,.T.);
#1431=CARTESIAN_POINT('',(-0.5,-14.349676203,6.495955751));
#1432=VERTEX_POINT('',#1431);
#1433=CARTESIAN_POINT('',(-0.5,-0.,0.));
#1434=DIRECTION('',(-1.,0.,-0.));
#1435=DIRECTION('',(0.,0.,-1.));
#1436=AXIS2_PLACEMENT_3D('',#1433,#1434,#1435);
#1437=CIRCLE('',#1436,15.751528442);
#1438=EDGE_CURVE('',#1424,#1432,#1437,.T.);
#1439=ORIENTED_EDGE('',*,*,#1438,.T.);
#1440=CARTESIAN_POINT('',(-0.5,-13.64417513,6.722767646));
#1441=VERTEX_POINT('',#1440);
#1442=CARTESIAN_POINT('',(-0.5,-13.89417513,6.289754944));
#1443=DIRECTION('',(-1.,0.,-0.));
#1444=DIRECTION('',(0.,0.,-1.));
#1445=AXIS2_PLACEMENT_3D('',#1442,#1443,#1444);
#1446=CIRCLE('',#1445,0.5);
#1447=EDGE_CURVE('',#1432,#1441,#1446,.T.);
#1448=ORIENTED_EDGE('',*,*,#1447,.T.);
#1449=CARTESIAN_POINT('',(-0.5,-8.404705877,3.697758662));
#1450=VERTEX_POINT('',#1449);
#1451=CARTESIAN_POINT('',(-0.5,-13.64417513,6.722767646));
#1452=DIRECTION('',(0.,0.866025404,-0.5));
#1453=VECTOR('',#1452,6.050017968);
#1454=LINE('',#1451,#1453);
#1455=EDGE_CURVE('',#1441,#1450,#1454,.T.);
#1456=ORIENTED_EDGE('',*,*,#1455,.T.);
#1457=CARTESIAN_POINT('',(-0.5,-8.186883938,3.088273206));
#1458=VERTEX_POINT('',#1457);
#1459=CARTESIAN_POINT('',(-0.5,-8.654705877,3.26474596));
#1460=DIRECTION('',(-1.,0.,-0.));
#1461=DIRECTION('',(0.,0.,-1.));
#1462=AXIS2_PLACEMENT_3D('',#1459,#1460,#1461);
#1463=CIRCLE('',#1462,0.5);
#1464=EDGE_CURVE('',#1450,#1458,#1463,.T.);
#1465=ORIENTED_EDGE('',*,*,#1464,.T.);
#1466=CARTESIAN_POINT('',(-0.5,-8.634186071,1.418918919));
#1467=VERTEX_POINT('',#1466);
#1468=CARTESIAN_POINT('',(-0.5,-0.,0.));
#1469=DIRECTION('',(1.,0.,0.));
#1470=DIRECTION('',(-0.,0.,1.));
#1471=AXIS2_PLACEMENT_3D('',#1468,#1469,#1470);
#1472=CIRCLE('',#1471,8.75);
#1473=EDGE_CURVE('',#1458,#1467,#1472,.T.);
#1474=ORIENTED_EDGE('',*,*,#1473,.T.);
#1475=CARTESIAN_POINT('',(-0.5,-9.127568132,1.));
#1476=VERTEX_POINT('',#1475);
#1477=CARTESIAN_POINT('',(-0.5,-9.127568132,1.5));
#1478=DIRECTION('',(-1.,0.,-0.));
#1479=DIRECTION('',(0.,0.,-1.));
#1480=AXIS2_PLACEMENT_3D('',#1477,#1478,#1479);
#1481=CIRCLE('',#1480,0.5);
#1482=EDGE_CURVE('',#1467,#1476,#1481,.T.);
#1483=ORIENTED_EDGE('',*,*,#1482,.T.);
#1484=CARTESIAN_POINT('',(-0.5,-15.1775861,1.));
#1485=VERTEX_POINT('',#1484);
#1486=CARTESIAN_POINT('',(-0.5,-9.127568132,1.));
#1487=DIRECTION('',(0.,-1.,-0.));
#1488=VECTOR('',#1487,6.050017968);
#1489=LINE('',#1486,#1488);
#1490=EDGE_CURVE('',#1476,#1485,#1489,.T.);
#1491=ORIENTED_EDGE('',*,*,#1490,.T.);
#1492=CARTESIAN_POINT('',(-0.5,-15.675162004,1.549175399));
#1493=VERTEX_POINT('',#1492);
#1494=CARTESIAN_POINT('',(-0.5,-15.1775861,1.5));
#1495=DIRECTION('',(-1.,0.,-0.));
#1496=DIRECTION('',(0.,0.,-1.));
#1497=AXIS2_PLACEMENT_3D('',#1494,#1495,#1496);
#1498=CIRCLE('',#1497,0.5);
#1499=EDGE_CURVE('',#1485,#1493,#1498,.T.);
#1500=ORIENTED_EDGE('',*,*,#1499,.T.);
#1501=CARTESIAN_POINT('',(-0.5,-15.490347928,2.856530992));
#1502=VERTEX_POINT('',#1501);
#1503=CARTESIAN_POINT('',(-0.5,-0.,0.));
#1504=DIRECTION('',(-1.,-0.,-0.));
#1505=DIRECTION('',(0.,0.,-1.));
#1506=AXIS2_PLACEMENT_3D('',#1503,#1504,#1505);
#1507=CIRCLE('',#1506,15.751528442);
#1508=EDGE_CURVE('',#1493,#1502,#1507,.T.);
#1509=ORIENTED_EDGE('',*,*,#1508,.T.);
#1510=CARTESIAN_POINT('',(-0.5,-15.973310842,2.985940515));
#1511=VERTEX_POINT('',#1510);
#1512=CARTESIAN_POINT('',(-0.5,-15.490347928,2.856530992));
#1513=DIRECTION('',(0.,-0.965925826,0.258819045));
#1514=VECTOR('',#1513,0.5);
#1515=LINE('',#1512,#1514);
#1516=EDGE_CURVE('',#1502,#1511,#1515,.T.);
#1517=ORIENTED_EDGE('',*,*,#1516,.T.);
#1518=CARTESIAN_POINT('',(-0.5,-15.973310842,-2.985940515));
#1519=VERTEX_POINT('',#1518);
#1520=CARTESIAN_POINT('',(-0.5,-0.,0.));
#1521=DIRECTION('',(1.,0.,0.));
#1522=DIRECTION('',(-0.,0.,1.));
#1523=AXIS2_PLACEMENT_3D('',#1520,#1521,#1522);
#1524=CIRCLE('',#1523,16.25);
#1525=EDGE_CURVE('',#1511,#1519,#1524,.T.);
#1526=ORIENTED_EDGE('',*,*,#1525,.T.);
#1527=CARTESIAN_POINT('',(-0.5,-15.490347928,-2.856530992));
#1528=VERTEX_POINT('',#1527);
#1529=CARTESIAN_POINT('',(-0.5,-15.973310842,-2.985940515));
#1530=DIRECTION('',(0.,0.965925826,0.258819045));
#1531=VECTOR('',#1530,0.5);
#1532=LINE('',#1529,#1531);
#1533=EDGE_CURVE('',#1519,#1528,#1532,.T.);
#1534=ORIENTED_EDGE('',*,*,#1533,.T.);
#1535=CARTESIAN_POINT('',(-0.5,-15.675162004,-1.549175399));
#1536=VERTEX_POINT('',#1535);
#1537=CARTESIAN_POINT('',(-0.5,-0.,0.));
#1538=DIRECTION('',(-1.,-0.,-0.));
#1539=DIRECTION('',(0.,0.,-1.));
#1540=AXIS2_PLACEMENT_3D('',#1537,#1538,#1539);
#1541=CIRCLE('',#1540,15.751528442);
#1542=EDGE_CURVE('',#1528,#1536,#1541,.T.);
#1543=ORIENTED_EDGE('',*,*,#1542,.T.);
#1544=CARTESIAN_POINT('',(-0.5,-15.1775861,-1.));
#1545=VERTEX_POINT('',#1544);
#1546=CARTESIAN_POINT('',(-0.5,-15.1775861,-1.5));
#1547=DIRECTION('',(-1.,0.,-0.));
#1548=DIRECTION('',(0.,0.,-1.));
#1549=AXIS2_PLACEMENT_3D('',#1546,#1547,#1548);
#1550=CIRCLE('',#1549,0.5);
#1551=EDGE_CURVE('',#1536,#1545,#1550,.T.);
#1552=ORIENTED_EDGE('',*,*,#1551,.T.);
#1553=CARTESIAN_POINT('',(-0.5,-9.127568132,-1.));
#1554=VERTEX_POINT('',#1553);
#1555=CARTESIAN_POINT('',(-0.5,-15.1775861,-1.));
#1556=DIRECTION('',(-0.,1.,0.));
#1557=VECTOR('',#1556,6.050017968);
#1558=LINE('',#1555,#1557);
#1559=EDGE_CURVE('',#1545,#1554,#1558,.T.);
#1560=ORIENTED_EDGE('',*,*,#1559,.T.);
#1561=CARTESIAN_POINT('',(-0.5,-8.634186071,-1.418918919));
#1562=VERTEX_POINT('',#1561);
#1563=CARTESIAN_POINT('',(-0.5,-9.127568132,-1.5));
#1564=DIRECTION('',(-1.,0.,-0.));
#1565=DIRECTION('',(0.,0.,-1.));
#1566=AXIS2_PLACEMENT_3D('',#1563,#1564,#1565);
#1567=CIRCLE('',#1566,0.5);
#1568=EDGE_CURVE('',#1554,#1562,#1567,.T.);
#1569=ORIENTED_EDGE('',*,*,#1568,.T.);
#1570=CARTESIAN_POINT('',(-0.5,-8.186883938,-3.088273206));
#1571=VERTEX_POINT('',#1570);
#1572=CARTESIAN_POINT('',(-0.5,-0.,0.));
#1573=DIRECTION('',(1.,-0.,0.));
#1574=DIRECTION('',(-0.,0.,1.));
#1575=AXIS2_PLACEMENT_3D('',#1572,#1573,#1574);
#1576=CIRCLE('',#1575,8.75);
#1577=EDGE_CURVE('',#1562,#1571,#1576,.T.);
#1578=ORIENTED_EDGE('',*,*,#1577,.T.);
#1579=CARTESIAN_POINT('',(-0.5,-8.404705877,-3.697758662));
#1580=VERTEX_POINT('',#1579);
#1581=CARTESIAN_POINT('',(-0.5,-8.654705877,-3.26474596));
#1582=DIRECTION('',(-1.,0.,-0.));
#1583=DIRECTION('',(0.,0.,-1.));
#1584=AXIS2_PLACEMENT_3D('',#1581,#1582,#1583);
#1585=CIRCLE('',#1584,0.5);
#1586=EDGE_CURVE('',#1571,#1580,#1585,.T.);
#1587=ORIENTED_EDGE('',*,*,#1586,.T.);
#1588=CARTESIAN_POINT('',(-0.5,-13.64417513,-6.722767646));
#1589=VERTEX_POINT('',#1588);
#1590=CARTESIAN_POINT('',(-0.5,-8.404705877,-3.697758662));
#1591=DIRECTION('',(0.,-0.866025404,-0.5));
#1592=VECTOR('',#1591,6.050017968);
#1593=LINE('',#1590,#1592);
#1594=EDGE_CURVE('',#1580,#1589,#1593,.T.);
#1595=ORIENTED_EDGE('',*,*,#1594,.T.);
#1596=CARTESIAN_POINT('',(-0.5,-14.349676203,-6.495955751));
#1597=VERTEX_POINT('',#1596);
#1598=CARTESIAN_POINT('',(-0.5,-13.89417513,-6.289754944));
#1599=DIRECTION('',(-1.,0.,-0.));
#1600=DIRECTION('',(0.,0.,-1.));
#1601=AXIS2_PLACEMENT_3D('',#1598,#1599,#1600);
#1602=CIRCLE('',#1601,0.5);
#1603=EDGE_CURVE('',#1589,#1597,#1602,.T.);
#1604=ORIENTED_EDGE('',*,*,#1603,.T.);
#1605=CARTESIAN_POINT('',(-0.5,-14.843300316,-5.271345558));
#1606=VERTEX_POINT('',#1605);
#1607=CARTESIAN_POINT('',(-0.5,-0.,0.));
#1608=DIRECTION('',(-1.,0.,-0.));
#1609=DIRECTION('',(0.,0.,-1.));
#1610=AXIS2_PLACEMENT_3D('',#1607,#1608,#1609);
#1611=CIRCLE('',#1610,15.751528442);
#1612=EDGE_CURVE('',#1597,#1606,#1611,.T.);
#1613=ORIENTED_EDGE('',*,*,#1612,.T.);
#1614=CARTESIAN_POINT('',(-0.5,-15.326263229,-5.400755081));
#1615=VERTEX_POINT('',#1614);
#1616=CARTESIAN_POINT('',(-0.5,-14.843300316,-5.271345558));
#1617=DIRECTION('',(-0.,-0.965925826,-0.258819045));
#1618=VECTOR('',#1617,0.5);
#1619=LINE('',#1616,#1618);
#1620=EDGE_CURVE('',#1606,#1615,#1619,.T.);
#1621=ORIENTED_EDGE('',*,*,#1620,.T.);
#1622=CARTESIAN_POINT('',(-0.5,-12.340322714,-10.572555761));
#1623=VERTEX_POINT('',#1622);
#1624=CARTESIAN_POINT('',(-0.5,-0.,0.));
#1625=DIRECTION('',(1.,0.,0.));
#1626=DIRECTION('',(-0.,0.,1.));
#1627=AXIS2_PLACEMENT_3D('',#1624,#1625,#1626);
#1628=CIRCLE('',#1627,16.25);
#1629=EDGE_CURVE('',#1615,#1623,#1628,.T.);
#1630=ORIENTED_EDGE('',*,*,#1629,.T.);
#1631=CARTESIAN_POINT('',(-0.5,-11.986769323,-10.21900237));
#1632=VERTEX_POINT('',#1631);
#1633=CARTESIAN_POINT('',(-0.5,-12.340322714,-10.572555761));
#1634=DIRECTION('',(0.,0.707106781,0.707106781));
#1635=VECTOR('',#1634,0.5);
#1636=LINE('',#1633,#1635);
#1637=EDGE_CURVE('',#1623,#1632,#1636,.T.);
#1638=ORIENTED_EDGE('',*,*,#1637,.T.);
#1639=CARTESIAN_POINT('',(-0.5,-12.800500804,-9.179206252));
#1640=VERTEX_POINT('',#1639);
#1641=CARTESIAN_POINT('',(-0.5,-0.,0.));
#1642=DIRECTION('',(-1.,0.,-0.));
#1643=DIRECTION('',(0.,0.,-1.));
#1644=AXIS2_PLACEMENT_3D('',#1641,#1642,#1643);
#1645=CIRCLE('',#1644,15.751528442);
#1646=EDGE_CURVE('',#1632,#1640,#1645,.T.);
#1647=ORIENTED_EDGE('',*,*,#1646,.T.);
#1648=CARTESIAN_POINT('',(-0.5,-12.64417513,-8.454818454));
#1649=VERTEX_POINT('',#1648);
#1650=CARTESIAN_POINT('',(-0.5,-12.39417513,-8.887831155));
#1651=DIRECTION('',(-1.,0.,-0.));
#1652=DIRECTION('',(0.,0.,-1.));
#1653=AXIS2_PLACEMENT_3D('',#1650,#1651,#1652);
#1654=CIRCLE('',#1653,0.5);
#1655=EDGE_CURVE('',#1640,#1649,#1654,.T.);
#1656=ORIENTED_EDGE('',*,*,#1655,.T.);
#1657=CARTESIAN_POINT('',(-0.5,-7.404705877,-5.42980947));
#1658=VERTEX_POINT('',#1657);
#1659=CARTESIAN_POINT('',(-0.5,-12.64417513,-8.454818454));
#1660=DIRECTION('',(0.,0.866025404,0.5));
#1661=VECTOR('',#1660,6.050017968);
#1662=LINE('',#1659,#1661);
#1663=EDGE_CURVE('',#1649,#1658,#1662,.T.);
#1664=ORIENTED_EDGE('',*,*,#1663,.T.);
#1665=CARTESIAN_POINT('',(-0.5,-6.767965019,-5.545912865));
#1666=VERTEX_POINT('',#1665);
#1667=CARTESIAN_POINT('',(-0.5,-7.154705877,-5.862822172));
#1668=DIRECTION('',(-1.,0.,-0.));
#1669=DIRECTION('',(0.,0.,-1.));
#1670=AXIS2_PLACEMENT_3D('',#1667,#1668,#1669);
#1671=CIRCLE('',#1670,0.5);
#1672=EDGE_CURVE('',#1658,#1666,#1671,.T.);
#1673=ORIENTED_EDGE('',*,*,#1672,.T.);
#1674=CARTESIAN_POINT('',(-0.5,-5.545912865,-6.767965019));
#1675=VERTEX_POINT('',#1674);
#1676=CARTESIAN_POINT('',(-0.5,-0.,0.));
#1677=DIRECTION('',(1.,0.,0.));
#1678=DIRECTION('',(-0.,0.,1.));
#1679=AXIS2_PLACEMENT_3D('',#1676,#1677,#1678);
#1680=CIRCLE('',#1679,8.75);
#1681=EDGE_CURVE('',#1666,#1675,#1680,.T.);
#1682=ORIENTED_EDGE('',*,*,#1681,.T.);
#1683=CARTESIAN_POINT('',(-0.5,-5.42980947,-7.404705877));
#1684=VERTEX_POINT('',#1683);
#1685=CARTESIAN_POINT('',(-0.5,-5.862822172,-7.154705877));
#1686=DIRECTION('',(-1.,0.,-0.));
#1687=DIRECTION('',(0.,0.,-1.));
#1688=AXIS2_PLACEMENT_3D('',#1685,#1686,#1687);
#1689=CIRCLE('',#1688,0.5);
#1690=EDGE_CURVE('',#1675,#1684,#1689,.T.);
#1691=ORIENTED_EDGE('',*,*,#1690,.T.);
#1692=CARTESIAN_POINT('',(-0.5,-8.454818454,-12.64417513));
#1693=VERTEX_POINT('',#1692);
#1694=CARTESIAN_POINT('',(-0.5,-5.42980947,-7.404705877));
#1695=DIRECTION('',(-0.,-0.5,-0.866025404));
#1696=VECTOR('',#1695,6.050017968);
#1697=LINE('',#1694,#1696);
#1698=EDGE_CURVE('',#1684,#1693,#1697,.T.);
#1699=ORIENTED_EDGE('',*,*,#1698,.T.);
#1700=CARTESIAN_POINT('',(-0.5,-9.179206252,-12.800500804));
#1701=VERTEX_POINT('',#1700);
#1702=CARTESIAN_POINT('',(-0.5,-8.887831155,-12.39417513));
#1703=DIRECTION('',(-1.,0.,-0.));
#1704=DIRECTION('',(0.,0.,-1.));
#1705=AXIS2_PLACEMENT_3D('',#1702,#1703,#1704);
#1706=CIRCLE('',#1705,0.5);
#1707=EDGE_CURVE('',#1693,#1701,#1706,.T.);
#1708=ORIENTED_EDGE('',*,*,#1707,.T.);
#1709=CARTESIAN_POINT('',(-0.5,-10.21900237,-11.986769323));
#1710=VERTEX_POINT('',#1709);
#1711=CARTESIAN_POINT('',(-0.5,-0.,0.));
#1712=DIRECTION('',(-1.,0.,-0.));
#1713=DIRECTION('',(0.,0.,-1.));
#1714=AXIS2_PLACEMENT_3D('',#1711,#1712,#1713);
#1715=CIRCLE('',#1714,15.751528442);
#1716=EDGE_CURVE('',#1701,#1710,#1715,.T.);
#1717=ORIENTED_EDGE('',*,*,#1716,.T.);
#1718=CARTESIAN_POINT('',(-0.5,-10.572555761,-12.340322714));
#1719=VERTEX_POINT('',#1718);
#1720=CARTESIAN_POINT('',(-0.5,-10.21900237,-11.986769323));
#1721=DIRECTION('',(-0.,-0.707106781,-0.707106781));
#1722=VECTOR('',#1721,0.5);
#1723=LINE('',#1720,#1722);
#1724=EDGE_CURVE('',#1710,#1719,#1723,.T.);
#1725=ORIENTED_EDGE('',*,*,#1724,.T.);
#1726=CARTESIAN_POINT('',(-0.5,-5.400755081,-15.326263229));
#1727=VERTEX_POINT('',#1726);
#1728=CARTESIAN_POINT('',(-0.5,-0.,0.));
#1729=DIRECTION('',(1.,0.,0.));
#1730=DIRECTION('',(-0.,0.,1.));
#1731=AXIS2_PLACEMENT_3D('',#1728,#1729,#1730);
#1732=CIRCLE('',#1731,16.25);
#1733=EDGE_CURVE('',#1719,#1727,#1732,.T.);
#1734=ORIENTED_EDGE('',*,*,#1733,.T.);
#1735=CARTESIAN_POINT('',(-0.5,-5.271345558,-14.843300316));
#1736=VERTEX_POINT('',#1735);
#1737=CARTESIAN_POINT('',(-0.5,-5.400755081,-15.326263229));
#1738=DIRECTION('',(0.,0.258819045,0.965925826));
#1739=VECTOR('',#1738,0.5);
#1740=LINE('',#1737,#1739);
#1741=EDGE_CURVE('',#1727,#1736,#1740,.T.);
#1742=ORIENTED_EDGE('',*,*,#1741,.T.);
#1743=CARTESIAN_POINT('',(-0.5,-6.495955751,-14.349676203));
#1744=VERTEX_POINT('',#1743);
#1745=CARTESIAN_POINT('',(-0.5,-0.,0.));
#1746=DIRECTION('',(-1.,0.,-0.));
#1747=DIRECTION('',(0.,0.,-1.));
#1748=AXIS2_PLACEMENT_3D('',#1745,#1746,#1747);
#1749=CIRCLE('',#1748,15.751528442);
#1750=EDGE_CURVE('',#1736,#1744,#1749,.T.);
#1751=ORIENTED_EDGE('',*,*,#1750,.T.);
#1752=CARTESIAN_POINT('',(-0.5,-6.722767646,-13.64417513));
#1753=VERTEX_POINT('',#1752);
#1754=CARTESIAN_POINT('',(-0.5,-6.289754944,-13.89417513));
#1755=DIRECTION('',(-1.,0.,-0.));
#1756=DIRECTION('',(0.,0.,-1.));
#1757=AXIS2_PLACEMENT_3D('',#1754,#1755,#1756);
#1758=CIRCLE('',#1757,0.5);
#1759=EDGE_CURVE('',#1744,#1753,#1758,.T.);
#1760=ORIENTED_EDGE('',*,*,#1759,.T.);
#1761=CARTESIAN_POINT('',(-0.5,-3.697758662,-8.404705877));
#1762=VERTEX_POINT('',#1761);
#1763=CARTESIAN_POINT('',(-0.5,-6.722767646,-13.64417513));
#1764=DIRECTION('',(0.,0.5,0.866025404));
#1765=VECTOR('',#1764,6.050017968);
#1766=LINE('',#1763,#1765);
#1767=EDGE_CURVE('',#1753,#1762,#1766,.T.);
#1768=ORIENTED_EDGE('',*,*,#1767,.T.);
#1769=CARTESIAN_POINT('',(-0.5,-3.088273206,-8.186883938));
#1770=VERTEX_POINT('',#1769);
#1771=CARTESIAN_POINT('',(-0.5,-3.26474596,-8.654705877));
#1772=DIRECTION('',(-1.,0.,-0.));
#1773=DIRECTION('',(0.,0.,-1.));
#1774=AXIS2_PLACEMENT_3D('',#1771,#1772,#1773);
#1775=CIRCLE('',#1774,0.5);
#1776=EDGE_CURVE('',#1762,#1770,#1775,.T.);
#1777=ORIENTED_EDGE('',*,*,#1776,.T.);
#1778=CARTESIAN_POINT('',(-0.5,-1.418918919,-8.634186071));
#1779=VERTEX_POINT('',#1778);
#1780=CARTESIAN_POINT('',(-0.5,-0.,0.));
#1781=DIRECTION('',(1.,0.,0.));
#1782=DIRECTION('',(-0.,0.,1.));
#1783=AXIS2_PLACEMENT_3D('',#1780,#1781,#1782);
#1784=CIRCLE('',#1783,8.75);
#1785=EDGE_CURVE('',#1770,#1779,#1784,.T.);
#1786=ORIENTED_EDGE('',*,*,#1785,.T.);
#1787=CARTESIAN_POINT('',(-0.5,-1.,-9.127568132));
#1788=VERTEX_POINT('',#1787);
#1789=CARTESIAN_POINT('',(-0.5,-1.5,-9.127568132));
#1790=DIRECTION('',(-1.,0.,-0.));
#1791=DIRECTION('',(0.,0.,-1.));
#1792=AXIS2_PLACEMENT_3D('',#1789,#1790,#1791);
#1793=CIRCLE('',#1792,0.5);
#1794=EDGE_CURVE('',#1779,#1788,#1793,.T.);
#1795=ORIENTED_EDGE('',*,*,#1794,.T.);
#1796=CARTESIAN_POINT('',(-0.5,-1.,-15.1775861));
#1797=VERTEX_POINT('',#1796);
#1798=CARTESIAN_POINT('',(-0.5,-1.,-9.127568132));
#1799=DIRECTION('',(0.,0.,-1.));
#1800=VECTOR('',#1799,6.050017968);
#1801=LINE('',#1798,#1800);
#1802=EDGE_CURVE('',#1788,#1797,#1801,.T.);
#1803=ORIENTED_EDGE('',*,*,#1802,.T.);
#1804=CARTESIAN_POINT('',(-0.5,-1.549175399,-15.675162004));
#1805=VERTEX_POINT('',#1804);
#1806=CARTESIAN_POINT('',(-0.5,-1.5,-15.1775861));
#1807=DIRECTION('',(-1.,0.,-0.));
#1808=DIRECTION('',(0.,0.,-1.));
#1809=AXIS2_PLACEMENT_3D('',#1806,#1807,#1808);
#1810=CIRCLE('',#1809,0.5);
#1811=EDGE_CURVE('',#1797,#1805,#1810,.T.);
#1812=ORIENTED_EDGE('',*,*,#1811,.T.);
#1813=CARTESIAN_POINT('',(-0.5,-2.856530992,-15.490347928));
#1814=VERTEX_POINT('',#1813);
#1815=CARTESIAN_POINT('',(-0.5,-0.,0.));
#1816=DIRECTION('',(-1.,0.,-0.));
#1817=DIRECTION('',(0.,0.,-1.));
#1818=AXIS2_PLACEMENT_3D('',#1815,#1816,#1817);
#1819=CIRCLE('',#1818,15.751528442);
#1820=EDGE_CURVE('',#1805,#1814,#1819,.T.);
#1821=ORIENTED_EDGE('',*,*,#1820,.T.);
#1822=CARTESIAN_POINT('',(-0.5,-2.985940515,-15.973310842));
#1823=VERTEX_POINT('',#1822);
#1824=CARTESIAN_POINT('',(-0.5,-2.856530992,-15.490347928));
#1825=DIRECTION('',(-0.,-0.258819045,-0.965925826));
#1826=VECTOR('',#1825,0.5);
#1827=LINE('',#1824,#1826);
#1828=EDGE_CURVE('',#1814,#1823,#1827,.T.);
#1829=ORIENTED_EDGE('',*,*,#1828,.T.);
#1830=CARTESIAN_POINT('',(-0.5,2.985940515,-15.973310842));
#1831=VERTEX_POINT('',#1830);
#1832=CARTESIAN_POINT('',(-0.5,-0.,0.));
#1833=DIRECTION('',(1.,0.,0.));
#1834=DIRECTION('',(-0.,0.,1.));
#1835=AXIS2_PLACEMENT_3D('',#1832,#1833,#1834);
#1836=CIRCLE('',#1835,16.25);
#1837=EDGE_CURVE('',#1823,#1831,#1836,.T.);
#1838=ORIENTED_EDGE('',*,*,#1837,.T.);
#1839=CARTESIAN_POINT('',(-0.5,2.856530992,-15.490347928));
#1840=VERTEX_POINT('',#1839);
#1841=CARTESIAN_POINT('',(-0.5,2.985940515,-15.973310842));
#1842=DIRECTION('',(0.,-0.258819045,0.965925826));
#1843=VECTOR('',#1842,0.5);
#1844=LINE('',#1841,#1843);
#1845=EDGE_CURVE('',#1831,#1840,#1844,.T.);
#1846=ORIENTED_EDGE('',*,*,#1845,.T.);
#1847=CARTESIAN_POINT('',(-0.5,1.549175399,-15.675162004));
#1848=VERTEX_POINT('',#1847);
#1849=CARTESIAN_POINT('',(-0.5,-0.,0.));
#1850=DIRECTION('',(-1.,-0.,-0.));
#1851=DIRECTION('',(0.,0.,-1.));
#1852=AXIS2_PLACEMENT_3D('',#1849,#1850,#1851);
#1853=CIRCLE('',#1852,15.751528442);
#1854=EDGE_CURVE('',#1840,#1848,#1853,.T.);
#1855=ORIENTED_EDGE('',*,*,#1854,.T.);
#1856=CARTESIAN_POINT('',(-0.5,1.,-15.1775861));
#1857=VERTEX_POINT('',#1856);
#1858=CARTESIAN_POINT('',(-0.5,1.5,-15.1775861));
#1859=DIRECTION('',(-1.,-0.,-0.));
#1860=DIRECTION('',(0.,0.,-1.));
#1861=AXIS2_PLACEMENT_3D('',#1858,#1859,#1860);
#1862=CIRCLE('',#1861,0.5);
#1863=EDGE_CURVE('',#1848,#1857,#1862,.T.);
#1864=ORIENTED_EDGE('',*,*,#1863,.T.);
#1865=CARTESIAN_POINT('',(-0.5,1.,-9.127568132));
#1866=VERTEX_POINT('',#1865);
#1867=CARTESIAN_POINT('',(-0.5,1.,-15.1775861));
#1868=DIRECTION('',(-0.,-0.,1.));
#1869=VECTOR('',#1868,6.050017968);
#1870=LINE('',#1867,#1869);
#1871=EDGE_CURVE('',#1857,#1866,#1870,.T.);
#1872=ORIENTED_EDGE('',*,*,#1871,.T.);
#1873=CARTESIAN_POINT('',(-0.5,1.418918919,-8.634186071));
#1874=VERTEX_POINT('',#1873);
#1875=CARTESIAN_POINT('',(-0.5,1.5,-9.127568132));
#1876=DIRECTION('',(-1.,0.,-0.));
#1877=DIRECTION('',(0.,0.,-1.));
#1878=AXIS2_PLACEMENT_3D('',#1875,#1876,#1877);
#1879=CIRCLE('',#1878,0.5);
#1880=EDGE_CURVE('',#1866,#1874,#1879,.T.);
#1881=ORIENTED_EDGE('',*,*,#1880,.T.);
#1882=CARTESIAN_POINT('',(-0.5,3.088273206,-8.186883938));
#1883=VERTEX_POINT('',#1882);
#1884=CARTESIAN_POINT('',(-0.5,-0.,0.));
#1885=DIRECTION('',(1.,-0.,0.));
#1886=DIRECTION('',(-0.,0.,1.));
#1887=AXIS2_PLACEMENT_3D('',#1884,#1885,#1886);
#1888=CIRCLE('',#1887,8.75);
#1889=EDGE_CURVE('',#1874,#1883,#1888,.T.);
#1890=ORIENTED_EDGE('',*,*,#1889,.T.);
#1891=CARTESIAN_POINT('',(-0.5,3.697758662,-8.404705877));
#1892=VERTEX_POINT('',#1891);
#1893=CARTESIAN_POINT('',(-0.5,3.26474596,-8.654705877));
#1894=DIRECTION('',(-1.,0.,-0.));
#1895=DIRECTION('',(0.,0.,-1.));
#1896=AXIS2_PLACEMENT_3D('',#1893,#1894,#1895);
#1897=CIRCLE('',#1896,0.5);
#1898=EDGE_CURVE('',#1883,#1892,#1897,.T.);
#1899=ORIENTED_EDGE('',*,*,#1898,.T.);
#1900=CARTESIAN_POINT('',(-0.5,6.722767646,-13.64417513));
#1901=VERTEX_POINT('',#1900);
#1902=CARTESIAN_POINT('',(-0.5,3.697758662,-8.404705877));
#1903=DIRECTION('',(-0.,0.5,-0.866025404));
#1904=VECTOR('',#1903,6.050017968);
#1905=LINE('',#1902,#1904);
#1906=EDGE_CURVE('',#1892,#1901,#1905,.T.);
#1907=ORIENTED_EDGE('',*,*,#1906,.T.);
#1908=CARTESIAN_POINT('',(-0.5,6.495955751,-14.349676203));
#1909=VERTEX_POINT('',#1908);
#1910=CARTESIAN_POINT('',(-0.5,6.289754944,-13.89417513));
#1911=DIRECTION('',(-1.,-0.,-0.));
#1912=DIRECTION('',(0.,0.,-1.));
#1913=AXIS2_PLACEMENT_3D('',#1910,#1911,#1912);
#1914=CIRCLE('',#1913,0.5);
#1915=EDGE_CURVE('',#1901,#1909,#1914,.T.);
#1916=ORIENTED_EDGE('',*,*,#1915,.T.);
#1917=CARTESIAN_POINT('',(-0.5,5.271345558,-14.843300316));
#1918=VERTEX_POINT('',#1917);
#1919=CARTESIAN_POINT('',(-0.5,-0.,0.));
#1920=DIRECTION('',(-1.,0.,-0.));
#1921=DIRECTION('',(0.,0.,-1.));
#1922=AXIS2_PLACEMENT_3D('',#1919,#1920,#1921);
#1923=CIRCLE('',#1922,15.751528442);
#1924=EDGE_CURVE('',#1909,#1918,#1923,.T.);
#1925=ORIENTED_EDGE('',*,*,#1924,.T.);
#1926=CARTESIAN_POINT('',(-0.5,5.400755081,-15.326263229));
#1927=VERTEX_POINT('',#1926);
#1928=CARTESIAN_POINT('',(-0.5,5.271345558,-14.843300316));
#1929=DIRECTION('',(-0.,0.258819045,-0.965925826));
#1930=VECTOR('',#1929,0.5);
#1931=LINE('',#1928,#1930);
#1932=EDGE_CURVE('',#1918,#1927,#1931,.T.);
#1933=ORIENTED_EDGE('',*,*,#1932,.T.);
#1934=CARTESIAN_POINT('',(-0.5,10.572555761,-12.340322714));
#1935=VERTEX_POINT('',#1934);
#1936=CARTESIAN_POINT('',(-0.5,-0.,0.));
#1937=DIRECTION('',(1.,0.,0.));
#1938=DIRECTION('',(-0.,0.,1.));
#1939=AXIS2_PLACEMENT_3D('',#1936,#1937,#1938);
#1940=CIRCLE('',#1939,16.25);
#1941=EDGE_CURVE('',#1927,#1935,#1940,.T.);
#1942=ORIENTED_EDGE('',*,*,#1941,.T.);
#1943=CARTESIAN_POINT('',(-0.5,10.21900237,-11.986769323));
#1944=VERTEX_POINT('',#1943);
#1945=CARTESIAN_POINT('',(-0.5,10.572555761,-12.340322714));
#1946=DIRECTION('',(0.,-0.707106781,0.707106781));
#1947=VECTOR('',#1946,0.5);
#1948=LINE('',#1945,#1947);
#1949=EDGE_CURVE('',#1935,#1944,#1948,.T.);
#1950=ORIENTED_EDGE('',*,*,#1949,.T.);
#1951=CARTESIAN_POINT('',(-0.5,9.179206252,-12.800500804));
#1952=VERTEX_POINT('',#1951);
#1953=CARTESIAN_POINT('',(-0.5,-0.,0.));
#1954=DIRECTION('',(-1.,0.,-0.));
#1955=DIRECTION('',(0.,0.,-1.));
#1956=AXIS2_PLACEMENT_3D('',#1953,#1954,#1955);
#1957=CIRCLE('',#1956,15.751528442);
#1958=EDGE_CURVE('',#1944,#1952,#1957,.T.);
#1959=ORIENTED_EDGE('',*,*,#1958,.T.);
#1960=CARTESIAN_POINT('',(-0.5,8.454818454,-12.64417513));
#1961=VERTEX_POINT('',#1960);
#1962=CARTESIAN_POINT('',(-0.5,8.887831155,-12.39417513));
#1963=DIRECTION('',(-1.,0.,-0.));
#1964=DIRECTION('',(0.,0.,-1.));
#1965=AXIS2_PLACEMENT_3D('',#1962,#1963,#1964);
#1966=CIRCLE('',#1965,0.5);
#1967=EDGE_CURVE('',#1952,#1961,#1966,.T.);
#1968=ORIENTED_EDGE('',*,*,#1967,.T.);
#1969=CARTESIAN_POINT('',(-0.5,5.42980947,-7.404705877));
#1970=VERTEX_POINT('',#1969);
#1971=CARTESIAN_POINT('',(-0.5,8.454818454,-12.64417513));
#1972=DIRECTION('',(0.,-0.5,0.866025404));
#1973=VECTOR('',#1972,6.050017968);
#1974=LINE('',#1971,#1973);
#1975=EDGE_CURVE('',#1961,#1970,#1974,.T.);
#1976=ORIENTED_EDGE('',*,*,#1975,.T.);
#1977=CARTESIAN_POINT('',(-0.5,5.545912865,-6.767965019));
#1978=VERTEX_POINT('',#1977);
#1979=CARTESIAN_POINT('',(-0.5,5.862822172,-7.154705877));
#1980=DIRECTION('',(-1.,0.,-0.));
#1981=DIRECTION('',(0.,0.,-1.));
#1982=AXIS2_PLACEMENT_3D('',#1979,#1980,#1981);
#1983=CIRCLE('',#1982,0.5);
#1984=EDGE_CURVE('',#1970,#1978,#1983,.T.);
#1985=ORIENTED_EDGE('',*,*,#1984,.T.);
#1986=CARTESIAN_POINT('',(-0.5,6.767965019,-5.545912865));
#1987=VERTEX_POINT('',#1986);
#1988=CARTESIAN_POINT('',(-0.5,-0.,0.));
#1989=DIRECTION('',(1.,0.,0.));
#1990=DIRECTION('',(-0.,0.,1.));
#1991=AXIS2_PLACEMENT_3D('',#1988,#1989,#1990);
#1992=CIRCLE('',#1991,8.75);
#1993=EDGE_CURVE('',#1978,#1987,#1992,.T.);
#1994=ORIENTED_EDGE('',*,*,#1993,.T.);
#1995=CARTESIAN_POINT('',(-0.5,7.404705877,-5.42980947));
#1996=VERTEX_POINT('',#1995);
#1997=CARTESIAN_POINT('',(-0.5,7.154705877,-5.862822172));
#1998=DIRECTION('',(-1.,0.,-0.));
#1999=DIRECTION('',(0.,0.,-1.));
#2000=AXIS2_PLACEMENT_3D('',#1997,#1998,#1999);
#2001=CIRCLE('',#2000,0.5);
#2002=EDGE_CURVE('',#1987,#1996,#2001,.T.);
#2003=ORIENTED_EDGE('',*,*,#2002,.T.);
#2004=CARTESIAN_POINT('',(-0.5,12.64417513,-8.454818454));
#2005=VERTEX_POINT('',#2004);
#2006=CARTESIAN_POINT('',(-0.5,7.404705877,-5.42980947));
#2007=DIRECTION('',(-0.,0.866025404,-0.5));
#2008=VECTOR('',#2007,6.050017968);
#2009=LINE('',#2006,#2008);
#2010=EDGE_CURVE('',#1996,#2005,#2009,.T.);
#2011=ORIENTED_EDGE('',*,*,#2010,.T.);
#2012=CARTESIAN_POINT('',(-0.5,12.800500804,-9.179206252));
#2013=VERTEX_POINT('',#2012);
#2014=CARTESIAN_POINT('',(-0.5,12.39417513,-8.887831155));
#2015=DIRECTION('',(-1.,-0.,-0.));
#2016=DIRECTION('',(0.,0.,-1.));
#2017=AXIS2_PLACEMENT_3D('',#2014,#2015,#2016);
#2018=CIRCLE('',#2017,0.5);
#2019=EDGE_CURVE('',#2005,#2013,#2018,.T.);
#2020=ORIENTED_EDGE('',*,*,#2019,.T.);
#2021=CARTESIAN_POINT('',(-0.5,11.986769323,-10.21900237));
#2022=VERTEX_POINT('',#2021);
#2023=CARTESIAN_POINT('',(-0.5,-0.,0.));
#2024=DIRECTION('',(-1.,0.,-0.));
#2025=DIRECTION('',(0.,0.,-1.));
#2026=AXIS2_PLACEMENT_3D('',#2023,#2024,#2025);
#2027=CIRCLE('',#2026,15.751528442);
#2028=EDGE_CURVE('',#2013,#2022,#2027,.T.);
#2029=ORIENTED_EDGE('',*,*,#2028,.T.);
#2030=CARTESIAN_POINT('',(-0.5,12.340322714,-10.572555761));
#2031=VERTEX_POINT('',#2030);
#2032=CARTESIAN_POINT('',(-0.5,11.986769323,-10.21900237));
#2033=DIRECTION('',(-0.,0.707106781,-0.707106781));
#2034=VECTOR('',#2033,0.5);
#2035=LINE('',#2032,#2034);
#2036=EDGE_CURVE('',#2022,#2031,#2035,.T.);
#2037=ORIENTED_EDGE('',*,*,#2036,.T.);
#2038=CARTESIAN_POINT('',(-0.5,15.326263229,-5.400755081));
#2039=VERTEX_POINT('',#2038);
#2040=CARTESIAN_POINT('',(-0.5,-0.,0.));
#2041=DIRECTION('',(1.,0.,0.));
#2042=DIRECTION('',(-0.,0.,1.));
#2043=AXIS2_PLACEMENT_3D('',#2040,#2041,#2042);
#2044=CIRCLE('',#2043,16.25);
#2045=EDGE_CURVE('',#2031,#2039,#2044,.T.);
#2046=ORIENTED_EDGE('',*,*,#2045,.T.);
#2047=CARTESIAN_POINT('',(-0.5,14.843300316,-5.271345558));
#2048=VERTEX_POINT('',#2047);
#2049=CARTESIAN_POINT('',(-0.5,15.326263229,-5.400755081));
#2050=DIRECTION('',(0.,-0.965925826,0.258819045));
#2051=VECTOR('',#2050,0.5);
#2052=LINE('',#2049,#2051);
#2053=EDGE_CURVE('',#2039,#2048,#2052,.T.);
#2054=ORIENTED_EDGE('',*,*,#2053,.T.);
#2055=CARTESIAN_POINT('',(-0.5,14.349676203,-6.495955751));
#2056=VERTEX_POINT('',#2055);
#2057=CARTESIAN_POINT('',(-0.5,-0.,0.));
#2058=DIRECTION('',(-1.,0.,-0.));
#2059=DIRECTION('',(0.,0.,-1.));
#2060=AXIS2_PLACEMENT_3D('',#2057,#2058,#2059);
#2061=CIRCLE('',#2060,15.751528442);
#2062=EDGE_CURVE('',#2048,#2056,#2061,.T.);
#2063=ORIENTED_EDGE('',*,*,#2062,.T.);
#2064=CARTESIAN_POINT('',(-0.5,13.64417513,-6.722767646));
#2065=VERTEX_POINT('',#2064);
#2066=CARTESIAN_POINT('',(-0.5,13.89417513,-6.289754944));
#2067=DIRECTION('',(-1.,0.,-0.));
#2068=DIRECTION('',(0.,0.,-1.));
#2069=AXIS2_PLACEMENT_3D('',#2066,#2067,#2068);
#2070=CIRCLE('',#2069,0.5);
#2071=EDGE_CURVE('',#2056,#2065,#2070,.T.);
#2072=ORIENTED_EDGE('',*,*,#2071,.T.);
#2073=CARTESIAN_POINT('',(-0.5,8.404705877,-3.697758662));
#2074=VERTEX_POINT('',#2073);
#2075=CARTESIAN_POINT('',(-0.5,13.64417513,-6.722767646));
#2076=DIRECTION('',(-0.,-0.866025404,0.5));
#2077=VECTOR('',#2076,6.050017968);
#2078=LINE('',#2075,#2077);
#2079=EDGE_CURVE('',#2065,#2074,#2078,.T.);
#2080=ORIENTED_EDGE('',*,*,#2079,.T.);
#2081=CARTESIAN_POINT('',(-0.5,8.186883938,-3.088273206));
#2082=VERTEX_POINT('',#2081);
#2083=CARTESIAN_POINT('',(-0.5,8.654705877,-3.26474596));
#2084=DIRECTION('',(-1.,0.,-0.));
#2085=DIRECTION('',(0.,0.,-1.));
#2086=AXIS2_PLACEMENT_3D('',#2083,#2084,#2085);
#2087=CIRCLE('',#2086,0.5);
#2088=EDGE_CURVE('',#2074,#2082,#2087,.T.);
#2089=ORIENTED_EDGE('',*,*,#2088,.T.);
#2090=CARTESIAN_POINT('',(-0.5,8.634186071,-1.418918919));
#2091=VERTEX_POINT('',#2090);
#2092=CARTESIAN_POINT('',(-0.5,-0.,0.));
#2093=DIRECTION('',(1.,0.,0.));
#2094=DIRECTION('',(-0.,0.,1.));
#2095=AXIS2_PLACEMENT_3D('',#2092,#2093,#2094);
#2096=CIRCLE('',#2095,8.75);
#2097=EDGE_CURVE('',#2082,#2091,#2096,.T.);
#2098=ORIENTED_EDGE('',*,*,#2097,.T.);
#2099=CARTESIAN_POINT('',(-0.5,9.127568132,-1.));
#2100=VERTEX_POINT('',#2099);
#2101=CARTESIAN_POINT('',(-0.5,9.127568132,-1.5));
#2102=DIRECTION('',(-1.,0.,-0.));
#2103=DIRECTION('',(0.,0.,-1.));
#2104=AXIS2_PLACEMENT_3D('',#2101,#2102,#2103);
#2105=CIRCLE('',#2104,0.5);
#2106=EDGE_CURVE('',#2091,#2100,#2105,.T.);
#2107=ORIENTED_EDGE('',*,*,#2106,.T.);
#2108=CARTESIAN_POINT('',(-0.5,15.1775861,-1.));
#2109=VERTEX_POINT('',#2108);
#2110=CARTESIAN_POINT('',(-0.5,9.127568132,-1.));
#2111=DIRECTION('',(-0.,1.,0.));
#2112=VECTOR('',#2111,6.050017968);
#2113=LINE('',#2110,#2112);
#2114=EDGE_CURVE('',#2100,#2109,#2113,.T.);
#2115=ORIENTED_EDGE('',*,*,#2114,.T.);
#2116=CARTESIAN_POINT('',(-0.5,15.675162004,-1.549175399));
#2117=VERTEX_POINT('',#2116);
#2118=CARTESIAN_POINT('',(-0.5,15.1775861,-1.5));
#2119=DIRECTION('',(-1.,0.,-0.));
#2120=DIRECTION('',(0.,0.,-1.));
#2121=AXIS2_PLACEMENT_3D('',#2118,#2119,#2120);
#2122=CIRCLE('',#2121,0.5);
#2123=EDGE_CURVE('',#2109,#2117,#2122,.T.);
#2124=ORIENTED_EDGE('',*,*,#2123,.T.);
#2125=CARTESIAN_POINT('',(-0.5,15.490347928,-2.856530992));
#2126=VERTEX_POINT('',#2125);
#2127=CARTESIAN_POINT('',(-0.5,-0.,0.));
#2128=DIRECTION('',(-1.,-0.,-0.));
#2129=DIRECTION('',(0.,0.,-1.));
#2130=AXIS2_PLACEMENT_3D('',#2127,#2128,#2129);
#2131=CIRCLE('',#2130,15.751528442);
#2132=EDGE_CURVE('',#2117,#2126,#2131,.T.);
#2133=ORIENTED_EDGE('',*,*,#2132,.T.);
#2134=CARTESIAN_POINT('',(-0.5,15.973310842,-2.985940515));
#2135=VERTEX_POINT('',#2134);
#2136=CARTESIAN_POINT('',(-0.5,15.490347928,-2.856530992));
#2137=DIRECTION('',(-0.,0.965925826,-0.258819045));
#2138=VECTOR('',#2137,0.5);
#2139=LINE('',#2136,#2138);
#2140=EDGE_CURVE('',#2126,#2135,#2139,.T.);
#2141=ORIENTED_EDGE('',*,*,#2140,.T.);
#2142=CARTESIAN_POINT('',(-0.5,15.973310842,2.985940515));
#2143=VERTEX_POINT('',#2142);
#2144=CARTESIAN_POINT('',(-0.5,-0.,0.));
#2145=DIRECTION('',(1.,0.,0.));
#2146=DIRECTION('',(-0.,0.,1.));
#2147=AXIS2_PLACEMENT_3D('',#2144,#2145,#2146);
#2148=CIRCLE('',#2147,16.25);
#2149=EDGE_CURVE('',#2135,#2143,#2148,.T.);
#2150=ORIENTED_EDGE('',*,*,#2149,.T.);
#2151=CARTESIAN_POINT('',(-0.5,15.490347928,2.856530992));
#2152=VERTEX_POINT('',#2151);
#2153=CARTESIAN_POINT('',(-0.5,15.973310842,2.985940515));
#2154=DIRECTION('',(-0.,-0.965925826,-0.258819045));
#2155=VECTOR('',#2154,0.5);
#2156=LINE('',#2153,#2155);
#2157=EDGE_CURVE('',#2143,#2152,#2156,.T.);
#2158=ORIENTED_EDGE('',*,*,#2157,.T.);
#2159=CARTESIAN_POINT('',(-0.5,15.675162004,1.549175399));
#2160=VERTEX_POINT('',#2159);
#2161=CARTESIAN_POINT('',(-0.5,-0.,0.));
#2162=DIRECTION('',(-1.,-0.,-0.));
#2163=DIRECTION('',(0.,0.,-1.));
#2164=AXIS2_PLACEMENT_3D('',#2161,#2162,#2163);
#2165=CIRCLE('',#2164,15.751528442);
#2166=EDGE_CURVE('',#2152,#2160,#2165,.T.);
#2167=ORIENTED_EDGE('',*,*,#2166,.T.);
#2168=CARTESIAN_POINT('',(-0.5,15.1775861,1.));
#2169=VERTEX_POINT('',#2168);
#2170=CARTESIAN_POINT('',(-0.5,15.1775861,1.5));
#2171=DIRECTION('',(-1.,0.,-0.));
#2172=DIRECTION('',(0.,0.,-1.));
#2173=AXIS2_PLACEMENT_3D('',#2170,#2171,#2172);
#2174=CIRCLE('',#2173,0.5);
#2175=EDGE_CURVE('',#2160,#2169,#2174,.T.);
#2176=ORIENTED_EDGE('',*,*,#2175,.T.);
#2177=CARTESIAN_POINT('',(-0.5,9.127568132,1.));
#2178=VERTEX_POINT('',#2177);
#2179=CARTESIAN_POINT('',(-0.5,15.1775861,1.));
#2180=DIRECTION('',(0.,-1.,-0.));
#2181=VECTOR('',#2180,6.050017968);
#2182=LINE('',#2179,#2181);
#2183=EDGE_CURVE('',#2169,#2178,#2182,.T.);
#2184=ORIENTED_EDGE('',*,*,#2183,.T.);
#2185=CARTESIAN_POINT('',(-0.5,8.634186071,1.418918919));
#2186=VERTEX_POINT('',#2185);
#2187=CARTESIAN_POINT('',(-0.5,9.127568132,1.5));
#2188=DIRECTION('',(-1.,0.,-0.));
#2189=DIRECTION('',(0.,0.,-1.));
#2190=AXIS2_PLACEMENT_3D('',#2187,#2188,#2189);
#2191=CIRCLE('',#2190,0.5);
#2192=EDGE_CURVE('',#2178,#2186,#2191,.T.);
#2193=ORIENTED_EDGE('',*,*,#2192,.T.);
#2194=CARTESIAN_POINT('',(-0.5,8.186883938,3.088273206));
#2195=VERTEX_POINT('',#2194);
#2196=CARTESIAN_POINT('',(-0.5,-0.,0.));
#2197=DIRECTION('',(1.,-0.,0.));
#2198=DIRECTION('',(-0.,0.,1.));
#2199=AXIS2_PLACEMENT_3D('',#2196,#2197,#2198);
#2200=CIRCLE('',#2199,8.75);
#2201=EDGE_CURVE('',#2186,#2195,#2200,.T.);
#2202=ORIENTED_EDGE('',*,*,#2201,.T.);
#2203=CARTESIAN_POINT('',(-0.5,8.404705877,3.697758662));
#2204=VERTEX_POINT('',#2203);
#2205=CARTESIAN_POINT('',(-0.5,8.654705877,3.26474596));
#2206=DIRECTION('',(-1.,0.,-0.));
#2207=DIRECTION('',(0.,0.,-1.));
#2208=AXIS2_PLACEMENT_3D('',#2205,#2206,#2207);
#2209=CIRCLE('',#2208,0.5);
#2210=EDGE_CURVE('',#2195,#2204,#2209,.T.);
#2211=ORIENTED_EDGE('',*,*,#2210,.T.);
#2212=CARTESIAN_POINT('',(-0.5,13.64417513,6.722767646));
#2213=VERTEX_POINT('',#2212);
#2214=CARTESIAN_POINT('',(-0.5,8.404705877,3.697758662));
#2215=DIRECTION('',(-0.,0.866025404,0.5));
#2216=VECTOR('',#2215,6.050017968);
#2217=LINE('',#2214,#2216);
#2218=EDGE_CURVE('',#2204,#2213,#2217,.T.);
#2219=ORIENTED_EDGE('',*,*,#2218,.T.);
#2220=CARTESIAN_POINT('',(-0.5,14.349676203,6.495955751));
#2221=VERTEX_POINT('',#2220);
#2222=CARTESIAN_POINT('',(-0.5,13.89417513,6.289754944));
#2223=DIRECTION('',(-1.,0.,-0.));
#2224=DIRECTION('',(0.,0.,-1.));
#2225=AXIS2_PLACEMENT_3D('',#2222,#2223,#2224);
#2226=CIRCLE('',#2225,0.5);
#2227=EDGE_CURVE('',#2213,#2221,#2226,.T.);
#2228=ORIENTED_EDGE('',*,*,#2227,.T.);
#2229=CARTESIAN_POINT('',(-0.5,14.843300316,5.271345558));
#2230=VERTEX_POINT('',#2229);
#2231=CARTESIAN_POINT('',(-0.5,-0.,0.));
#2232=DIRECTION('',(-1.,0.,-0.));
#2233=DIRECTION('',(0.,0.,-1.));
#2234=AXIS2_PLACEMENT_3D('',#2231,#2232,#2233);
#2235=CIRCLE('',#2234,15.751528442);
#2236=EDGE_CURVE('',#2221,#2230,#2235,.T.);
#2237=ORIENTED_EDGE('',*,*,#2236,.T.);
#2238=CARTESIAN_POINT('',(-0.5,15.326263229,5.400755081));
#2239=VERTEX_POINT('',#2238);
#2240=CARTESIAN_POINT('',(-0.5,14.843300316,5.271345558));
#2241=DIRECTION('',(0.,0.965925826,0.258819045));
#2242=VECTOR('',#2241,0.5);
#2243=LINE('',#2240,#2242);
#2244=EDGE_CURVE('',#2230,#2239,#2243,.T.);
#2245=ORIENTED_EDGE('',*,*,#2244,.T.);
#2246=CARTESIAN_POINT('',(-0.5,12.340322714,10.572555761));
#2247=VERTEX_POINT('',#2246);
#2248=CARTESIAN_POINT('',(-0.5,-0.,0.));
#2249=DIRECTION('',(1.,0.,0.));
#2250=DIRECTION('',(-0.,0.,1.));
#2251=AXIS2_PLACEMENT_3D('',#2248,#2249,#2250);
#2252=CIRCLE('',#2251,16.25);
#2253=EDGE_CURVE('',#2239,#2247,#2252,.T.);
#2254=ORIENTED_EDGE('',*,*,#2253,.T.);
#2255=CARTESIAN_POINT('',(-0.5,11.986769323,10.21900237));
#2256=VERTEX_POINT('',#2255);
#2257=CARTESIAN_POINT('',(-0.5,12.340322714,10.572555761));
#2258=DIRECTION('',(-0.,-0.707106781,-0.707106781));
#2259=VECTOR('',#2258,0.5);
#2260=LINE('',#2257,#2259);
#2261=EDGE_CURVE('',#2247,#2256,#2260,.T.);
#2262=ORIENTED_EDGE('',*,*,#2261,.T.);
#2263=CARTESIAN_POINT('',(-0.5,12.800500804,9.179206252));
#2264=VERTEX_POINT('',#2263);
#2265=CARTESIAN_POINT('',(-0.5,-0.,0.));
#2266=DIRECTION('',(-1.,0.,-0.));
#2267=DIRECTION('',(0.,0.,-1.));
#2268=AXIS2_PLACEMENT_3D('',#2265,#2266,#2267);
#2269=CIRCLE('',#2268,15.751528442);
#2270=EDGE_CURVE('',#2256,#2264,#2269,.T.);
#2271=ORIENTED_EDGE('',*,*,#2270,.T.);
#2272=CARTESIAN_POINT('',(-0.5,12.64417513,8.454818454));
#2273=VERTEX_POINT('',#2272);
#2274=CARTESIAN_POINT('',(-0.5,12.39417513,8.887831155));
#2275=DIRECTION('',(-1.,0.,-0.));
#2276=DIRECTION('',(0.,0.,-1.));
#2277=AXIS2_PLACEMENT_3D('',#2274,#2275,#2276);
#2278=CIRCLE('',#2277,0.5);
#2279=EDGE_CURVE('',#2264,#2273,#2278,.T.);
#2280=ORIENTED_EDGE('',*,*,#2279,.T.);
#2281=CARTESIAN_POINT('',(-0.5,7.404705877,5.42980947));
#2282=VERTEX_POINT('',#2281);
#2283=CARTESIAN_POINT('',(-0.5,12.64417513,8.454818454));
#2284=DIRECTION('',(-0.,-0.866025404,-0.5));
#2285=VECTOR('',#2284,6.050017968);
#2286=LINE('',#2283,#2285);
#2287=EDGE_CURVE('',#2273,#2282,#2286,.T.);
#2288=ORIENTED_EDGE('',*,*,#2287,.T.);
#2289=CARTESIAN_POINT('',(-0.5,6.767965019,5.545912865));
#2290=VERTEX_POINT('',#2289);
#2291=CARTESIAN_POINT('',(-0.5,7.154705877,5.862822172));
#2292=DIRECTION('',(-1.,0.,-0.));
#2293=DIRECTION('',(0.,0.,-1.));
#2294=AXIS2_PLACEMENT_3D('',#2291,#2292,#2293);
#2295=CIRCLE('',#2294,0.5);
#2296=EDGE_CURVE('',#2282,#2290,#2295,.T.);
#2297=ORIENTED_EDGE('',*,*,#2296,.T.);
#2298=CARTESIAN_POINT('',(-0.5,5.545912865,6.767965019));
#2299=VERTEX_POINT('',#2298);
#2300=CARTESIAN_POINT('',(-0.5,-0.,0.));
#2301=DIRECTION('',(1.,0.,0.));
#2302=DIRECTION('',(-0.,0.,1.));
#2303=AXIS2_PLACEMENT_3D('',#2300,#2301,#2302);
#2304=CIRCLE('',#2303,8.75);
#2305=EDGE_CURVE('',#2290,#2299,#2304,.T.);
#2306=ORIENTED_EDGE('',*,*,#2305,.T.);
#2307=CARTESIAN_POINT('',(-0.5,5.42980947,7.404705877));
#2308=VERTEX_POINT('',#2307);
#2309=CARTESIAN_POINT('',(-0.5,5.862822172,7.154705877));
#2310=DIRECTION('',(-1.,0.,-0.));
#2311=DIRECTION('',(0.,0.,-1.));
#2312=AXIS2_PLACEMENT_3D('',#2309,#2310,#2311);
#2313=CIRCLE('',#2312,0.5);
#2314=EDGE_CURVE('',#2299,#2308,#2313,.T.);
#2315=ORIENTED_EDGE('',*,*,#2314,.T.);
#2316=CARTESIAN_POINT('',(-0.5,8.454818454,12.64417513));
#2317=VERTEX_POINT('',#2316);
#2318=CARTESIAN_POINT('',(-0.5,5.42980947,7.404705877));
#2319=DIRECTION('',(0.,0.5,0.866025404));
#2320=VECTOR('',#2319,6.050017968);
#2321=LINE('',#2318,#2320);
#2322=EDGE_CURVE('',#2308,#2317,#2321,.T.);
#2323=ORIENTED_EDGE('',*,*,#2322,.T.);
#2324=CARTESIAN_POINT('',(-0.5,9.179206252,12.800500804));
#2325=VERTEX_POINT('',#2324);
#2326=CARTESIAN_POINT('',(-0.5,8.887831155,12.39417513));
#2327=DIRECTION('',(-1.,-0.,-0.));
#2328=DIRECTION('',(0.,0.,-1.));
#2329=AXIS2_PLACEMENT_3D('',#2326,#2327,#2328);
#2330=CIRCLE('',#2329,0.5);
#2331=EDGE_CURVE('',#2317,#2325,#2330,.T.);
#2332=ORIENTED_EDGE('',*,*,#2331,.T.);
#2333=CARTESIAN_POINT('',(-0.5,10.21900237,11.986769323));
#2334=VERTEX_POINT('',#2333);
#2335=CARTESIAN_POINT('',(-0.5,-0.,0.));
#2336=DIRECTION('',(-1.,0.,-0.));
#2337=DIRECTION('',(0.,0.,-1.));
#2338=AXIS2_PLACEMENT_3D('',#2335,#2336,#2337);
#2339=CIRCLE('',#2338,15.751528442);
#2340=EDGE_CURVE('',#2325,#2334,#2339,.T.);
#2341=ORIENTED_EDGE('',*,*,#2340,.T.);
#2342=CARTESIAN_POINT('',(-0.5,10.572555761,12.340322714));
#2343=VERTEX_POINT('',#2342);
#2344=CARTESIAN_POINT('',(-0.5,10.21900237,11.986769323));
#2345=DIRECTION('',(0.,0.707106781,0.707106781));
#2346=VECTOR('',#2345,0.5);
#2347=LINE('',#2344,#2346);
#2348=EDGE_CURVE('',#2334,#2343,#2347,.T.);
#2349=ORIENTED_EDGE('',*,*,#2348,.T.);
#2350=CARTESIAN_POINT('',(-0.5,5.400755081,15.326263229));
#2351=VERTEX_POINT('',#2350);
#2352=CARTESIAN_POINT('',(-0.5,-0.,0.));
#2353=DIRECTION('',(1.,0.,0.));
#2354=DIRECTION('',(-0.,0.,1.));
#2355=AXIS2_PLACEMENT_3D('',#2352,#2353,#2354);
#2356=CIRCLE('',#2355,16.25);
#2357=EDGE_CURVE('',#2343,#2351,#2356,.T.);
#2358=ORIENTED_EDGE('',*,*,#2357,.T.);
#2359=CARTESIAN_POINT('',(-0.5,5.271345558,14.843300316));
#2360=VERTEX_POINT('',#2359);
#2361=CARTESIAN_POINT('',(-0.5,5.400755081,15.326263229));
#2362=DIRECTION('',(-0.,-0.258819045,-0.965925826));
#2363=VECTOR('',#2362,0.5);
#2364=LINE('',#2361,#2363);
#2365=EDGE_CURVE('',#2351,#2360,#2364,.T.);
#2366=ORIENTED_EDGE('',*,*,#2365,.T.);
#2367=CARTESIAN_POINT('',(-0.5,6.495955751,14.349676203));
#2368=VERTEX_POINT('',#2367);
#2369=CARTESIAN_POINT('',(-0.5,-0.,0.));
#2370=DIRECTION('',(-1.,0.,-0.));
#2371=DIRECTION('',(0.,0.,-1.));
#2372=AXIS2_PLACEMENT_3D('',#2369,#2370,#2371);
#2373=CIRCLE('',#2372,15.751528442);
#2374=EDGE_CURVE('',#2360,#2368,#2373,.T.);
#2375=ORIENTED_EDGE('',*,*,#2374,.T.);
#2376=CARTESIAN_POINT('',(-0.5,6.722767646,13.64417513));
#2377=VERTEX_POINT('',#2376);
#2378=CARTESIAN_POINT('',(-0.5,6.289754944,13.89417513));
#2379=DIRECTION('',(-1.,0.,-0.));
#2380=DIRECTION('',(0.,0.,-1.));
#2381=AXIS2_PLACEMENT_3D('',#2378,#2379,#2380);
#2382=CIRCLE('',#2381,0.5);
#2383=EDGE_CURVE('',#2368,#2377,#2382,.T.);
#2384=ORIENTED_EDGE('',*,*,#2383,.T.);
#2385=CARTESIAN_POINT('',(-0.5,3.697758662,8.404705877));
#2386=VERTEX_POINT('',#2385);
#2387=CARTESIAN_POINT('',(-0.5,6.722767646,13.64417513));
#2388=DIRECTION('',(-0.,-0.5,-0.866025404));
#2389=VECTOR('',#2388,6.050017968);
#2390=LINE('',#2387,#2389);
#2391=EDGE_CURVE('',#2377,#2386,#2390,.T.);
#2392=ORIENTED_EDGE('',*,*,#2391,.T.);
#2393=CARTESIAN_POINT('',(-0.5,3.088273206,8.186883938));
#2394=VERTEX_POINT('',#2393);
#2395=CARTESIAN_POINT('',(-0.5,3.26474596,8.654705877));
#2396=DIRECTION('',(-1.,-0.,-0.));
#2397=DIRECTION('',(0.,0.,-1.));
#2398=AXIS2_PLACEMENT_3D('',#2395,#2396,#2397);
#2399=CIRCLE('',#2398,0.5);
#2400=EDGE_CURVE('',#2386,#2394,#2399,.T.);
#2401=ORIENTED_EDGE('',*,*,#2400,.T.);
#2402=CARTESIAN_POINT('',(-0.5,1.418918919,8.634186071));
#2403=VERTEX_POINT('',#2402);
#2404=CARTESIAN_POINT('',(-0.5,-0.,0.));
#2405=DIRECTION('',(1.,0.,0.));
#2406=DIRECTION('',(-0.,0.,1.));
#2407=AXIS2_PLACEMENT_3D('',#2404,#2405,#2406);
#2408=CIRCLE('',#2407,8.75);
#2409=EDGE_CURVE('',#2394,#2403,#2408,.T.);
#2410=ORIENTED_EDGE('',*,*,#2409,.T.);
#2411=CARTESIAN_POINT('',(-0.5,1.,9.127568132));
#2412=VERTEX_POINT('',#2411);
#2413=CARTESIAN_POINT('',(-0.5,1.5,9.127568132));
#2414=DIRECTION('',(-1.,0.,-0.));
#2415=DIRECTION('',(0.,0.,-1.));
#2416=AXIS2_PLACEMENT_3D('',#2413,#2414,#2415);
#2417=CIRCLE('',#2416,0.5);
#2418=EDGE_CURVE('',#2403,#2412,#2417,.T.);
#2419=ORIENTED_EDGE('',*,*,#2418,.T.);
#2420=CARTESIAN_POINT('',(-0.5,1.,15.1775861));
#2421=VERTEX_POINT('',#2420);
#2422=CARTESIAN_POINT('',(-0.5,1.,9.127568132));
#2423=DIRECTION('',(-0.,-0.,1.));
#2424=VECTOR('',#2423,6.050017968);
#2425=LINE('',#2422,#2424);
#2426=EDGE_CURVE('',#2412,#2421,#2425,.T.);
#2427=ORIENTED_EDGE('',*,*,#2426,.T.);
#2428=CARTESIAN_POINT('',(-0.5,1.549175399,15.675162004));
#2429=VERTEX_POINT('',#2428);
#2430=CARTESIAN_POINT('',(-0.5,1.5,15.1775861));
#2431=DIRECTION('',(-1.,-0.,-0.));
#2432=DIRECTION('',(0.,0.,-1.));
#2433=AXIS2_PLACEMENT_3D('',#2430,#2431,#2432);
#2434=CIRCLE('',#2433,0.5);
#2435=EDGE_CURVE('',#2421,#2429,#2434,.T.);
#2436=ORIENTED_EDGE('',*,*,#2435,.T.);
#2437=CARTESIAN_POINT('',(-0.5,2.856530992,15.490347928));
#2438=VERTEX_POINT('',#2437);
#2439=CARTESIAN_POINT('',(-0.5,-0.,0.));
#2440=DIRECTION('',(-1.,0.,-0.));
#2441=DIRECTION('',(0.,0.,-1.));
#2442=AXIS2_PLACEMENT_3D('',#2439,#2440,#2441);
#2443=CIRCLE('',#2442,15.751528442);
#2444=EDGE_CURVE('',#2429,#2438,#2443,.T.);
#2445=ORIENTED_EDGE('',*,*,#2444,.T.);
#2446=CARTESIAN_POINT('',(-0.5,2.985940515,15.973310842));
#2447=VERTEX_POINT('',#2446);
#2448=CARTESIAN_POINT('',(-0.5,2.856530992,15.490347928));
#2449=DIRECTION('',(0.,0.258819045,0.965925826));
#2450=VECTOR('',#2449,0.5);
#2451=LINE('',#2448,#2450);
#2452=EDGE_CURVE('',#2438,#2447,#2451,.T.);
#2453=ORIENTED_EDGE('',*,*,#2452,.T.);
#2454=CARTESIAN_POINT('',(-0.5,-2.985940515,15.973310842));
#2455=VERTEX_POINT('',#2454);
#2456=CARTESIAN_POINT('',(-0.5,-0.,0.));
#2457=DIRECTION('',(1.,0.,0.));
#2458=DIRECTION('',(-0.,0.,1.));
#2459=AXIS2_PLACEMENT_3D('',#2456,#2457,#2458);
#2460=CIRCLE('',#2459,16.25);
#2461=EDGE_CURVE('',#2447,#2455,#2460,.T.);
#2462=ORIENTED_EDGE('',*,*,#2461,.T.);
#2463=CARTESIAN_POINT('',(-0.5,-2.856530992,15.490347928));
#2464=VERTEX_POINT('',#2463);
#2465=CARTESIAN_POINT('',(-0.5,-2.985940515,15.973310842));
#2466=DIRECTION('',(-0.,0.258819045,-0.965925826));
#2467=VECTOR('',#2466,0.5);
#2468=LINE('',#2465,#2467);
#2469=EDGE_CURVE('',#2455,#2464,#2468,.T.);
#2470=ORIENTED_EDGE('',*,*,#2469,.T.);
#2471=CARTESIAN_POINT('',(-0.5,-1.549175399,15.675162004));
#2472=VERTEX_POINT('',#2471);
#2473=CARTESIAN_POINT('',(-0.5,-0.,0.));
#2474=DIRECTION('',(-1.,-0.,-0.));
#2475=DIRECTION('',(0.,0.,-1.));
#2476=AXIS2_PLACEMENT_3D('',#2473,#2474,#2475);
#2477=CIRCLE('',#2476,15.751528442);
#2478=EDGE_CURVE('',#2464,#2472,#2477,.T.);
#2479=ORIENTED_EDGE('',*,*,#2478,.T.);
#2480=CARTESIAN_POINT('',(-0.5,-1.,15.1775861));
#2481=VERTEX_POINT('',#2480);
#2482=CARTESIAN_POINT('',(-0.5,-1.5,15.1775861));
#2483=DIRECTION('',(-1.,0.,-0.));
#2484=DIRECTION('',(0.,0.,-1.));
#2485=AXIS2_PLACEMENT_3D('',#2482,#2483,#2484);
#2486=CIRCLE('',#2485,0.5);
#2487=EDGE_CURVE('',#2472,#2481,#2486,.T.);
#2488=ORIENTED_EDGE('',*,*,#2487,.T.);
#2489=CARTESIAN_POINT('',(-0.5,-1.,9.127568132));
#2490=VERTEX_POINT('',#2489);
#2491=CARTESIAN_POINT('',(-0.5,-1.,15.1775861));
#2492=DIRECTION('',(0.,0.,-1.));
#2493=VECTOR('',#2492,6.050017968);
#2494=LINE('',#2491,#2493);
#2495=EDGE_CURVE('',#2481,#2490,#2494,.T.);
#2496=ORIENTED_EDGE('',*,*,#2495,.T.);
#2497=CARTESIAN_POINT('',(-0.5,-1.418918919,8.634186071));
#2498=VERTEX_POINT('',#2497);
#2499=CARTESIAN_POINT('',(-0.5,-1.5,9.127568132));
#2500=DIRECTION('',(-1.,0.,-0.));
#2501=DIRECTION('',(0.,0.,-1.));
#2502=AXIS2_PLACEMENT_3D('',#2499,#2500,#2501);
#2503=CIRCLE('',#2502,0.5);
#2504=EDGE_CURVE('',#2490,#2498,#2503,.T.);
#2505=ORIENTED_EDGE('',*,*,#2504,.T.);
#2506=CARTESIAN_POINT('',(-0.5,-3.088273206,8.186883938));
#2507=VERTEX_POINT('',#2506);
#2508=CARTESIAN_POINT('',(-0.5,-0.,0.));
#2509=DIRECTION('',(1.,-0.,0.));
#2510=DIRECTION('',(-0.,0.,1.));
#2511=AXIS2_PLACEMENT_3D('',#2508,#2509,#2510);
#2512=CIRCLE('',#2511,8.75);
#2513=EDGE_CURVE('',#2498,#2507,#2512,.T.);
#2514=ORIENTED_EDGE('',*,*,#2513,.T.);
#2515=CARTESIAN_POINT('',(-0.5,-3.697758662,8.404705877));
#2516=VERTEX_POINT('',#2515);
#2517=CARTESIAN_POINT('',(-0.5,-3.26474596,8.654705877));
#2518=DIRECTION('',(-1.,0.,-0.));
#2519=DIRECTION('',(0.,0.,-1.));
#2520=AXIS2_PLACEMENT_3D('',#2517,#2518,#2519);
#2521=CIRCLE('',#2520,0.5);
#2522=EDGE_CURVE('',#2507,#2516,#2521,.T.);
#2523=ORIENTED_EDGE('',*,*,#2522,.T.);
#2524=CARTESIAN_POINT('',(-0.5,-6.722767646,13.64417513));
#2525=VERTEX_POINT('',#2524);
#2526=CARTESIAN_POINT('',(-0.5,-3.697758662,8.404705877));
#2527=DIRECTION('',(0.,-0.5,0.866025404));
#2528=VECTOR('',#2527,6.050017968);
#2529=LINE('',#2526,#2528);
#2530=EDGE_CURVE('',#2516,#2525,#2529,.T.);
#2531=ORIENTED_EDGE('',*,*,#2530,.T.);
#2532=CARTESIAN_POINT('',(-0.5,-6.495955751,14.349676203));
#2533=VERTEX_POINT('',#2532);
#2534=CARTESIAN_POINT('',(-0.5,-6.289754944,13.89417513));
#2535=DIRECTION('',(-1.,0.,-0.));
#2536=DIRECTION('',(0.,0.,-1.));
#2537=AXIS2_PLACEMENT_3D('',#2534,#2535,#2536);
#2538=CIRCLE('',#2537,0.5);
#2539=EDGE_CURVE('',#2525,#2533,#2538,.T.);
#2540=ORIENTED_EDGE('',*,*,#2539,.T.);
#2541=CARTESIAN_POINT('',(-0.5,-5.271345558,14.843300316));
#2542=VERTEX_POINT('',#2541);
#2543=CARTESIAN_POINT('',(-0.5,-0.,0.));
#2544=DIRECTION('',(-1.,0.,-0.));
#2545=DIRECTION('',(0.,0.,-1.));
#2546=AXIS2_PLACEMENT_3D('',#2543,#2544,#2545);
#2547=CIRCLE('',#2546,15.751528442);
#2548=EDGE_CURVE('',#2533,#2542,#2547,.T.);
#2549=ORIENTED_EDGE('',*,*,#2548,.T.);
#2550=CARTESIAN_POINT('',(-0.5,-5.271345558,14.843300316));
#2551=DIRECTION('',(0.,-0.258819045,0.965925826));
#2552=VECTOR('',#2551,0.5);
#2553=LINE('',#2550,#2552);
#2554=EDGE_CURVE('',#2542,#1309,#2553,.T.);
#2555=ORIENTED_EDGE('',*,*,#2554,.T.);
#2556=EDGE_LOOP('',(#1318,#1326,#1335,#1344,#1352,#1361,#1370,#1379,#1387,#1396,#1405,#1413,#1422,#1430,#1439,#1448,#1456,#1465,#1474,#1483,#1491,#1500,#1509,#1517,#1526,#1534,
#1543,#1552,#1560,#1569,#1578,#1587,#1595,#1604,#1613,#1621,#1630,#1638,#1647,#1656,#1664,#1673,#1682,#1691,#1699,#1708,#1717,#1725,#1734,#1742,#1751,
#1760,#1768,#1777,#1786,#1795,#1803,#1812,#1821,#1829,#1838,#1846,#1855,#1864,#1872,#1881,#1890,#1899,#1907,#1916,#1925,#1933,#1942,#1950,#1959,#1968,
#1976,#1985,#1994,#2003,#2011,#2020,#2029,#2037,#2046,#2054,#2063,#2072,#2080,#2089,#2098,#2107,#2115,#2124,#2133,#2141,#2150,#2158,#2167,#2176,#2184,
#2193,#2202,#2211,#2219,#2228,#2237,#2245,#2254,#2262,#2271,#2280,#2288,#2297,#2306,#2315,#2323,#2332,#2341,#2349,#2358,#2366,#2375,#2384,#2392,#2401,
#2410,#2419,#2427,#2436,#2445,#2453,#2462,#2470,#2479,#2488,#2496,#2505,#2514,#2523,#2531,#2540,#2549,#2555));
#2557=FACE_BOUND('',#2556,.T.);
#2558=CARTESIAN_POINT('',(-0.5,0.499722145,-7.483333333));
#2559=VERTEX_POINT('',#2558);
#2560=CARTESIAN_POINT('',(-0.5,-0.499722145,-7.483333333));
#2561=VERTEX_POINT('',#2560);
#2562=CARTESIAN_POINT('',(-0.5,0.,-7.5));
#2563=DIRECTION('',(-1.,-0.,-0.));
#2564=DIRECTION('',(-0.,0.,1.));
#2565=AXIS2_PLACEMENT_3D('',#2562,#2563,#2564);
#2566=CIRCLE('',#2565,0.5);
#2567=EDGE_CURVE('',#2559,#2561,#2566,.T.);
#2568=ORIENTED_EDGE('',*,*,#2567,.T.);
#2569=CARTESIAN_POINT('',(-0.5,-0.,0.));
#2570=DIRECTION('',(-1.,-0.,-0.));
#2571=DIRECTION('',(-0.,0.,1.));
#2572=AXIS2_PLACEMENT_3D('',#2569,#2570,#2571);
#2573=CIRCLE('',#2572,7.5);
#2574=EDGE_CURVE('',#2561,#2559,#2573,.T.);
#2575=ORIENTED_EDGE('',*,*,#2574,.T.);
#2576=EDGE_LOOP('',(#2568,#2575));
#2577=FACE_BOUND('',#2576,.T.);
#2578=ADVANCED_FACE('',(#2557,#2577),#1307,.T.);
#2579=CARTESIAN_POINT('',(-12.5,-0.,0.));
#2580=DIRECTION('',(1.,0.,0.));
#2581=DIRECTION('',(0.,0.066629619,-0.997777778));
#2582=AXIS2_PLACEMENT_3D('',#2579,#2580,#2581);
#2583=CYLINDRICAL_SURFACE('',#2582,7.5);
#2584=ORIENTED_EDGE('',*,*,#2574,.F.);
#2585=CARTESIAN_POINT('',(-12.5,-0.499722145,-7.483333333));
#2586=DIRECTION('',(1.,0.,0.));
#2587=VECTOR('',#2586,12.);
#2588=LINE('',#2585,#2587);
#2589=EDGE_CURVE('',#1283,#2561,#2588,.T.);
#2590=ORIENTED_EDGE('',*,*,#2589,.F.);
#2591=ORIENTED_EDGE('',*,*,#1298,.F.);
#2592=CARTESIAN_POINT('',(-12.5,0.499722145,-7.483333333));
#2593=DIRECTION('',(1.,0.,0.));
#2594=VECTOR('',#2593,12.);
#2595=LINE('',#2592,#2594);
#2596=EDGE_CURVE('',#1285,#2559,#2595,.T.);
#2597=ORIENTED_EDGE('',*,*,#2596,.T.);
#2598=EDGE_LOOP('',(#2584,#2590,#2591,#2597));
#2599=FACE_BOUND('',#2598,.T.);
#2600=ADVANCED_FACE('',(#2599),#2583,.F.);
#2601=CARTESIAN_POINT('',(-12.5,0.,-7.5));
#2602=DIRECTION('',(1.,0.,0.));
#2603=DIRECTION('',(-0.,-0.99944429,0.033333333));
#2604=AXIS2_PLACEMENT_3D('',#2601,#2602,#2603);
#2605=CYLINDRICAL_SURFACE('',#2604,0.5);
#2606=ORIENTED_EDGE('',*,*,#2567,.F.);
#2607=ORIENTED_EDGE('',*,*,#2596,.F.);
#2608=ORIENTED_EDGE('',*,*,#1291,.F.);
#2609=ORIENTED_EDGE('',*,*,#2589,.T.);
#2610=EDGE_LOOP('',(#2606,#2607,#2608,#2609));
#2611=FACE_BOUND('',#2610,.T.);
#2612=ADVANCED_FACE('',(#2611),#2605,.F.);
#2613=CARTESIAN_POINT('',(-12.5,-5.271345558,14.843300316));
#2614=DIRECTION('',(-0.,0.965925826,0.258819045));
#2615=DIRECTION('',(-0.,-0.258819045,0.965925826));
#2616=AXIS2_PLACEMENT_3D('',#2613,#2614,#2615);
#2617=PLANE('',#2616);
#2618=ORIENTED_EDGE('',*,*,#40,.T.);
#2619=CARTESIAN_POINT('',(-12.5,-5.400755081,15.326263229));
#2620=DIRECTION('',(1.,-0.,0.));
#2621=VECTOR('',#2620,12.);
#2622=LINE('',#2619,#2621);
#2623=EDGE_CURVE('',#35,#1309,#2622,.T.);
#2624=ORIENTED_EDGE('',*,*,#2623,.T.);
#2625=ORIENTED_EDGE('',*,*,#2554,.F.);
#2626=CARTESIAN_POINT('',(-12.5,-5.271345558,14.843300316));
#2627=DIRECTION('',(1.,-0.,0.));
#2628=VECTOR('',#2627,12.);
#2629=LINE('',#2626,#2628);
#2630=EDGE_CURVE('',#33,#2542,#2629,.T.);
#2631=ORIENTED_EDGE('',*,*,#2630,.F.);
#2632=EDGE_LOOP('',(#2618,#2624,#2625,#2631));
#2633=FACE_BOUND('',#2632,.T.);
#2634=ADVANCED_FACE('',(#2633),#2617,.T.);
#2635=CARTESIAN_POINT('',(-12.5,-0.,0.));
#2636=DIRECTION('',(-1.,0.,-0.));
#2637=DIRECTION('',(-0.,-0.412401614,0.911002145));
#2638=AXIS2_PLACEMENT_3D('',#2635,#2636,#2637);
#2639=CYLINDRICAL_SURFACE('',#2638,15.751528442);
#2640=ORIENTED_EDGE('',*,*,#49,.T.);
#2641=ORIENTED_EDGE('',*,*,#2630,.T.);
#2642=ORIENTED_EDGE('',*,*,#2548,.F.);
#2643=CARTESIAN_POINT('',(-12.5,-6.495955751,14.349676203));
#2644=DIRECTION('',(1.,-0.,0.));
#2645=VECTOR('',#2644,12.);
#2646=LINE('',#2643,#2645);
#2647=EDGE_CURVE('',#43,#2533,#2646,.T.);
#2648=ORIENTED_EDGE('',*,*,#2647,.F.);
#2649=EDGE_LOOP('',(#2640,#2641,#2642,#2648));
#2650=FACE_BOUND('',#2649,.T.);
#2651=ADVANCED_FACE('',(#2650),#2639,.F.);
#2652=CARTESIAN_POINT('',(-12.5,-6.289754944,13.89417513));
#2653=DIRECTION('',(-1.,0.,-0.));
#2654=DIRECTION('',(0.,-0.866025404,-0.5));
#2655=AXIS2_PLACEMENT_3D('',#2652,#2653,#2654);
#2656=CYLINDRICAL_SURFACE('',#2655,0.5);
#2657=ORIENTED_EDGE('',*,*,#58,.T.);
#2658=ORIENTED_EDGE('',*,*,#2647,.T.);
#2659=ORIENTED_EDGE('',*,*,#2539,.F.);
#2660=CARTESIAN_POINT('',(-12.5,-6.722767646,13.64417513));
#2661=DIRECTION('',(1.,-0.,0.));
#2662=VECTOR('',#2661,12.);
#2663=LINE('',#2660,#2662);
#2664=EDGE_CURVE('',#52,#2525,#2663,.T.);
#2665=ORIENTED_EDGE('',*,*,#2664,.F.);
#2666=EDGE_LOOP('',(#2657,#2658,#2659,#2665));
#2667=FACE_BOUND('',#2666,.T.);
#2668=ADVANCED_FACE('',(#2667),#2656,.F.);
#2669=CARTESIAN_POINT('',(-12.5,-3.697758662,8.404705877));
#2670=DIRECTION('',(-0.,0.866025404,0.5));
#2671=DIRECTION('',(-0.,-0.5,0.866025404));
#2672=AXIS2_PLACEMENT_3D('',#2669,#2670,#2671);
#2673=PLANE('',#2672);
#2674=ORIENTED_EDGE('',*,*,#66,.T.);
#2675=ORIENTED_EDGE('',*,*,#2664,.T.);
#2676=ORIENTED_EDGE('',*,*,#2530,.F.);
#2677=CARTESIAN_POINT('',(-12.5,-3.697758662,8.404705877));
#2678=DIRECTION('',(1.,-0.,0.));
#2679=VECTOR('',#2678,12.);
#2680=LINE('',#2677,#2679);
#2681=EDGE_CURVE('',#61,#2516,#2680,.T.);
#2682=ORIENTED_EDGE('',*,*,#2681,.F.);
#2683=EDGE_LOOP('',(#2674,#2675,#2676,#2682));
#2684=FACE_BOUND('',#2683,.T.);
#2685=ADVANCED_FACE('',(#2684),#2673,.T.);
#2686=CARTESIAN_POINT('',(-12.5,-3.26474596,8.654705877));
#2687=DIRECTION('',(-1.,0.,-0.));
#2688=DIRECTION('',(0.,0.352945509,-0.935643879));
#2689=AXIS2_PLACEMENT_3D('',#2686,#2687,#2688);
#2690=CYLINDRICAL_SURFACE('',#2689,0.5);
#2691=ORIENTED_EDGE('',*,*,#75,.T.);
#2692=ORIENTED_EDGE('',*,*,#2681,.T.);
#2693=ORIENTED_EDGE('',*,*,#2522,.F.);
#2694=CARTESIAN_POINT('',(-12.5,-3.088273206,8.186883938));
#2695=DIRECTION('',(1.,-0.,0.));
#2696=VECTOR('',#2695,12.);
#2697=LINE('',#2694,#2696);
#2698=EDGE_CURVE('',#69,#2507,#2697,.T.);
#2699=ORIENTED_EDGE('',*,*,#2698,.F.);
#2700=EDGE_LOOP('',(#2691,#2692,#2693,#2699));
#2701=FACE_BOUND('',#2700,.T.);
#2702=ADVANCED_FACE('',(#2701),#2690,.F.);
#2703=CARTESIAN_POINT('',(-12.5,-0.,0.));
#2704=DIRECTION('',(1.,-0.,0.));
#2705=DIRECTION('',(-0.,-0.162162162,0.986764122));
#2706=AXIS2_PLACEMENT_3D('',#2703,#2704,#2705);
#2707=CYLINDRICAL_SURFACE('',#2706,8.75);
#2708=ORIENTED_EDGE('',*,*,#84,.T.);
#2709=ORIENTED_EDGE('',*,*,#2698,.T.);
#2710=ORIENTED_EDGE('',*,*,#2513,.F.);
#2711=CARTESIAN_POINT('',(-12.5,-1.418918919,8.634186071));
#2712=DIRECTION('',(1.,-0.,0.));
#2713=VECTOR('',#2712,12.);
#2714=LINE('',#2711,#2713);
#2715=EDGE_CURVE('',#78,#2498,#2714,.T.);
#2716=ORIENTED_EDGE('',*,*,#2715,.F.);
#2717=EDGE_LOOP('',(#2708,#2709,#2710,#2716));
#2718=FACE_BOUND('',#2717,.T.);
#2719=ADVANCED_FACE('',(#2718),#2707,.T.);
#2720=CARTESIAN_POINT('',(-12.5,-1.5,9.127568132));
#2721=DIRECTION('',(-1.,0.,-0.));
#2722=DIRECTION('',(-0.,1.,0.));
#2723=AXIS2_PLACEMENT_3D('',#2720,#2721,#2722);
#2724=CYLINDRICAL_SURFACE('',#2723,0.5);
#2725=ORIENTED_EDGE('',*,*,#93,.T.);
#2726=ORIENTED_EDGE('',*,*,#2715,.T.);
#2727=ORIENTED_EDGE('',*,*,#2504,.F.);
#2728=CARTESIAN_POINT('',(-12.5,-1.,9.127568132));
#2729=DIRECTION('',(1.,-0.,0.));
#2730=VECTOR('',#2729,12.);
#2731=LINE('',#2728,#2730);
#2732=EDGE_CURVE('',#87,#2490,#2731,.T.);
#2733=ORIENTED_EDGE('',*,*,#2732,.F.);
#2734=EDGE_LOOP('',(#2725,#2726,#2727,#2733));
#2735=FACE_BOUND('',#2734,.T.);
#2736=ADVANCED_FACE('',(#2735),#2724,.F.);
#2737=CARTESIAN_POINT('',(-12.5,-1.,15.1775861));
#2738=DIRECTION('',(0.,-1.,-0.));
#2739=DIRECTION('',(0.,0.,-1.));
#2740=AXIS2_PLACEMENT_3D('',#2737,#2738,#2739);
#2741=PLANE('',#2740);
#2742=ORIENTED_EDGE('',*,*,#101,.T.);
#2743=ORIENTED_EDGE('',*,*,#2732,.T.);
#2744=ORIENTED_EDGE('',*,*,#2495,.F.);
#2745=CARTESIAN_POINT('',(-12.5,-1.,15.1775861));
#2746=DIRECTION('',(1.,-0.,0.));
#2747=VECTOR('',#2746,12.);
#2748=LINE('',#2745,#2747);
#2749=EDGE_CURVE('',#96,#2481,#2748,.T.);
#2750=ORIENTED_EDGE('',*,*,#2749,.F.);
#2751=EDGE_LOOP('',(#2742,#2743,#2744,#2750));
#2752=FACE_BOUND('',#2751,.T.);
#2753=ADVANCED_FACE('',(#2752),#2741,.T.);
#2754=CARTESIAN_POINT('',(-12.5,-1.5,15.1775861));
#2755=DIRECTION('',(-1.,-0.,-0.));
#2756=DIRECTION('',(-0.,-0.098350798,0.995151808));
#2757=AXIS2_PLACEMENT_3D('',#2754,#2755,#2756);
#2758=CYLINDRICAL_SURFACE('',#2757,0.5);
#2759=ORIENTED_EDGE('',*,*,#110,.T.);
#2760=ORIENTED_EDGE('',*,*,#2749,.T.);
#2761=ORIENTED_EDGE('',*,*,#2487,.F.);
#2762=CARTESIAN_POINT('',(-12.5,-1.549175399,15.675162004));
#2763=DIRECTION('',(1.,0.,0.));
#2764=VECTOR('',#2763,12.);
#2765=LINE('',#2762,#2764);
#2766=EDGE_CURVE('',#104,#2472,#2765,.T.);
#2767=ORIENTED_EDGE('',*,*,#2766,.F.);
#2768=EDGE_LOOP('',(#2759,#2760,#2761,#2767));
#2769=FACE_BOUND('',#2768,.T.);
#2770=ADVANCED_FACE('',(#2769),#2758,.F.);
#2771=CARTESIAN_POINT('',(-12.5,-0.,0.));
#2772=DIRECTION('',(-1.,-0.,-0.));
#2773=DIRECTION('',(-0.,-0.181349448,0.983418719));
#2774=AXIS2_PLACEMENT_3D('',#2771,#2772,#2773);
#2775=CYLINDRICAL_SURFACE('',#2774,15.751528442);
#2776=ORIENTED_EDGE('',*,*,#119,.T.);
#2777=ORIENTED_EDGE('',*,*,#2766,.T.);
#2778=ORIENTED_EDGE('',*,*,#2478,.F.);
#2779=CARTESIAN_POINT('',(-12.5,-2.856530992,15.490347928));
#2780=DIRECTION('',(1.,-0.,0.));
#2781=VECTOR('',#2780,12.);
#2782=LINE('',#2779,#2781);
#2783=EDGE_CURVE('',#113,#2464,#2782,.T.);
#2784=ORIENTED_EDGE('',*,*,#2783,.F.);
#2785=EDGE_LOOP('',(#2776,#2777,#2778,#2784));
#2786=FACE_BOUND('',#2785,.T.);
#2787=ADVANCED_FACE('',(#2786),#2775,.F.);
#2788=CARTESIAN_POINT('',(-12.5,-2.985940515,15.973310842));
#2789=DIRECTION('',(0.,-0.965925826,-0.258819045));
#2790=DIRECTION('',(0.,0.258819045,-0.965925826));
#2791=AXIS2_PLACEMENT_3D('',#2788,#2789,#2790);
#2792=PLANE('',#2791);
#2793=ORIENTED_EDGE('',*,*,#127,.T.);
#2794=ORIENTED_EDGE('',*,*,#2783,.T.);
#2795=ORIENTED_EDGE('',*,*,#2469,.F.);
#2796=CARTESIAN_POINT('',(-12.5,-2.985940515,15.973310842));
#2797=DIRECTION('',(1.,0.,0.));
#2798=VECTOR('',#2797,12.);
#2799=LINE('',#2796,#2798);
#2800=EDGE_CURVE('',#122,#2455,#2799,.T.);
#2801=ORIENTED_EDGE('',*,*,#2800,.F.);
#2802=EDGE_LOOP('',(#2793,#2794,#2795,#2801));
#2803=FACE_BOUND('',#2802,.T.);
#2804=ADVANCED_FACE('',(#2803),#2792,.T.);
#2805=CARTESIAN_POINT('',(-12.5,-0.,0.));
#2806=DIRECTION('',(1.,-0.,0.));
#2807=DIRECTION('',(-0.,0.183750186,0.982972975));
#2808=AXIS2_PLACEMENT_3D('',#2805,#2806,#2807);
#2809=CYLINDRICAL_SURFACE('',#2808,16.25);
#2810=ORIENTED_EDGE('',*,*,#136,.T.);
#2811=ORIENTED_EDGE('',*,*,#2800,.T.);
#2812=ORIENTED_EDGE('',*,*,#2461,.F.);
#2813=CARTESIAN_POINT('',(-12.5,2.985940515,15.973310842));
#2814=DIRECTION('',(1.,0.,0.));
#2815=VECTOR('',#2814,12.);
#2816=LINE('',#2813,#2815);
#2817=EDGE_CURVE('',#130,#2447,#2816,.T.);
#2818=ORIENTED_EDGE('',*,*,#2817,.F.);
#2819=EDGE_LOOP('',(#2810,#2811,#2812,#2818));
#2820=FACE_BOUND('',#2819,.T.);
#2821=ADVANCED_FACE('',(#2820),#2809,.T.);
#2822=CARTESIAN_POINT('',(-12.5,2.856530992,15.490347928));
#2823=DIRECTION('',(0.,0.965925826,-0.258819045));
#2824=DIRECTION('',(-0.,0.258819045,0.965925826));
#2825=AXIS2_PLACEMENT_3D('',#2822,#2823,#2824);
#2826=PLANE('',#2825);
#2827=ORIENTED_EDGE('',*,*,#144,.T.);
#2828=ORIENTED_EDGE('',*,*,#2817,.T.);
#2829=ORIENTED_EDGE('',*,*,#2452,.F.);
#2830=CARTESIAN_POINT('',(-12.5,2.856530992,15.490347928));
#2831=DIRECTION('',(1.,-0.,0.));
#2832=VECTOR('',#2831,12.);
#2833=LINE('',#2830,#2832);
#2834=EDGE_CURVE('',#139,#2438,#2833,.T.);
#2835=ORIENTED_EDGE('',*,*,#2834,.F.);
#2836=EDGE_LOOP('',(#2827,#2828,#2829,#2835));
#2837=FACE_BOUND('',#2836,.T.);
#2838=ADVANCED_FACE('',(#2837),#2826,.T.);
#2839=CARTESIAN_POINT('',(-12.5,-0.,0.));
#2840=DIRECTION('',(-1.,0.,-0.));
#2841=DIRECTION('',(-0.,0.098350798,0.995151808));
#2842=AXIS2_PLACEMENT_3D('',#2839,#2840,#2841);
#2843=CYLINDRICAL_SURFACE('',#2842,15.751528442);
#2844=ORIENTED_EDGE('',*,*,#153,.T.);
#2845=ORIENTED_EDGE('',*,*,#2834,.T.);
#2846=ORIENTED_EDGE('',*,*,#2444,.F.);
#2847=CARTESIAN_POINT('',(-12.5,1.549175399,15.675162004));
#2848=DIRECTION('',(1.,0.,0.));
#2849=VECTOR('',#2848,12.);
#2850=LINE('',#2847,#2849);
#2851=EDGE_CURVE('',#147,#2429,#2850,.T.);
#2852=ORIENTED_EDGE('',*,*,#2851,.F.);
#2853=EDGE_LOOP('',(#2844,#2845,#2846,#2852));
#2854=FACE_BOUND('',#2853,.T.);
#2855=ADVANCED_FACE('',(#2854),#2843,.F.);
#2856=CARTESIAN_POINT('',(-12.5,1.5,15.1775861));
#2857=DIRECTION('',(-1.,-0.,-0.));
#2858=DIRECTION('',(-0.,-1.,0.));
#2859=AXIS2_PLACEMENT_3D('',#2856,#2857,#2858);
#2860=CYLINDRICAL_SURFACE('',#2859,0.5);
#2861=ORIENTED_EDGE('',*,*,#162,.T.);
#2862=ORIENTED_EDGE('',*,*,#2851,.T.);
#2863=ORIENTED_EDGE('',*,*,#2435,.F.);
#2864=CARTESIAN_POINT('',(-12.5,1.,15.1775861));
#2865=DIRECTION('',(1.,-0.,0.));
#2866=VECTOR('',#2865,12.);
#2867=LINE('',#2864,#2866);
#2868=EDGE_CURVE('',#156,#2421,#2867,.T.);
#2869=ORIENTED_EDGE('',*,*,#2868,.F.);
#2870=EDGE_LOOP('',(#2861,#2862,#2863,#2869));
#2871=FACE_BOUND('',#2870,.T.);
#2872=ADVANCED_FACE('',(#2871),#2860,.F.);
#2873=CARTESIAN_POINT('',(-12.5,1.,9.127568132));
#2874=DIRECTION('',(-0.,1.,0.));
#2875=DIRECTION('',(-0.,-0.,1.));
#2876=AXIS2_PLACEMENT_3D('',#2873,#2874,#2875);
#2877=PLANE('',#2876);
#2878=ORIENTED_EDGE('',*,*,#170,.T.);
#2879=ORIENTED_EDGE('',*,*,#2868,.T.);
#2880=ORIENTED_EDGE('',*,*,#2426,.F.);
#2881=CARTESIAN_POINT('',(-12.5,1.,9.127568132));
#2882=DIRECTION('',(1.,-0.,0.));
#2883=VECTOR('',#2882,12.);
#2884=LINE('',#2881,#2883);
#2885=EDGE_CURVE('',#165,#2412,#2884,.T.);
#2886=ORIENTED_EDGE('',*,*,#2885,.F.);
#2887=EDGE_LOOP('',(#2878,#2879,#2880,#2886));
#2888=FACE_BOUND('',#2887,.T.);
#2889=ADVANCED_FACE('',(#2888),#2877,.T.);
#2890=CARTESIAN_POINT('',(-12.5,1.5,9.127568132));
#2891=DIRECTION('',(-1.,0.,-0.));
#2892=DIRECTION('',(0.,-0.162162162,-0.986764122));
#2893=AXIS2_PLACEMENT_3D('',#2890,#2891,#2892);
#2894=CYLINDRICAL_SURFACE('',#2893,0.5);
#2895=ORIENTED_EDGE('',*,*,#179,.T.);
#2896=ORIENTED_EDGE('',*,*,#2885,.T.);
#2897=ORIENTED_EDGE('',*,*,#2418,.F.);
#2898=CARTESIAN_POINT('',(-12.5,1.418918919,8.634186071));
#2899=DIRECTION('',(1.,0.,0.));
#2900=VECTOR('',#2899,12.);
#2901=LINE('',#2898,#2900);
#2902=EDGE_CURVE('',#173,#2403,#2901,.T.);
#2903=ORIENTED_EDGE('',*,*,#2902,.F.);
#2904=EDGE_LOOP('',(#2895,#2896,#2897,#2903));
#2905=FACE_BOUND('',#2904,.T.);
#2906=ADVANCED_FACE('',(#2905),#2894,.F.);
#2907=CARTESIAN_POINT('',(-12.5,-0.,0.));
#2908=DIRECTION('',(1.,0.,0.));
#2909=DIRECTION('',(-0.,0.352945509,0.935643879));
#2910=AXIS2_PLACEMENT_3D('',#2907,#2908,#2909);
#2911=CYLINDRICAL_SURFACE('',#2910,8.75);
#2912=ORIENTED_EDGE('',*,*,#188,.T.);
#2913=ORIENTED_EDGE('',*,*,#2902,.T.);
#2914=ORIENTED_EDGE('',*,*,#2409,.F.);
#2915=CARTESIAN_POINT('',(-12.5,3.088273206,8.186883938));
#2916=DIRECTION('',(1.,0.,0.));
#2917=VECTOR('',#2916,12.);
#2918=LINE('',#2915,#2917);
#2919=EDGE_CURVE('',#182,#2394,#2918,.T.);
#2920=ORIENTED_EDGE('',*,*,#2919,.F.);
#2921=EDGE_LOOP('',(#2912,#2913,#2914,#2920));
#2922=FACE_BOUND('',#2921,.T.);
#2923=ADVANCED_FACE('',(#2922),#2911,.T.);
#2924=CARTESIAN_POINT('',(-12.5,3.26474596,8.654705877));
#2925=DIRECTION('',(-1.,-0.,-0.));
#2926=DIRECTION('',(0.,0.866025404,-0.5));
#2927=AXIS2_PLACEMENT_3D('',#2924,#2925,#2926);
#2928=CYLINDRICAL_SURFACE('',#2927,0.5);
#2929=ORIENTED_EDGE('',*,*,#197,.T.);
#2930=ORIENTED_EDGE('',*,*,#2919,.T.);
#2931=ORIENTED_EDGE('',*,*,#2400,.F.);
#2932=CARTESIAN_POINT('',(-12.5,3.697758662,8.404705877));
#2933=DIRECTION('',(1.,0.,0.));
#2934=VECTOR('',#2933,12.);
#2935=LINE('',#2932,#2934);
#2936=EDGE_CURVE('',#191,#2386,#2935,.T.);
#2937=ORIENTED_EDGE('',*,*,#2936,.F.);
#2938=EDGE_LOOP('',(#2929,#2930,#2931,#2937));
#2939=FACE_BOUND('',#2938,.T.);
#2940=ADVANCED_FACE('',(#2939),#2928,.F.);
#2941=CARTESIAN_POINT('',(-12.5,6.722767646,13.64417513));
#2942=DIRECTION('',(-0.,-0.866025404,0.5));
#2943=DIRECTION('',(0.,-0.5,-0.866025404));
#2944=AXIS2_PLACEMENT_3D('',#2941,#2942,#2943);
#2945=PLANE('',#2944);
#2946=ORIENTED_EDGE('',*,*,#205,.T.);
#2947=ORIENTED_EDGE('',*,*,#2936,.T.);
#2948=ORIENTED_EDGE('',*,*,#2391,.F.);
#2949=CARTESIAN_POINT('',(-12.5,6.722767646,13.64417513));
#2950=DIRECTION('',(1.,-0.,0.));
#2951=VECTOR('',#2950,12.);
#2952=LINE('',#2949,#2951);
#2953=EDGE_CURVE('',#200,#2377,#2952,.T.);
#2954=ORIENTED_EDGE('',*,*,#2953,.F.);
#2955=EDGE_LOOP('',(#2946,#2947,#2948,#2954));
#2956=FACE_BOUND('',#2955,.T.);
#2957=ADVANCED_FACE('',(#2956),#2945,.T.);
#2958=CARTESIAN_POINT('',(-12.5,6.289754944,13.89417513));
#2959=DIRECTION('',(-1.,-0.,-0.));
#2960=DIRECTION('',(-0.,0.412401614,0.911002145));
#2961=AXIS2_PLACEMENT_3D('',#2958,#2959,#2960);
#2962=CYLINDRICAL_SURFACE('',#2961,0.5);
#2963=ORIENTED_EDGE('',*,*,#214,.T.);
#2964=ORIENTED_EDGE('',*,*,#2953,.T.);
#2965=ORIENTED_EDGE('',*,*,#2383,.F.);
#2966=CARTESIAN_POINT('',(-12.5,6.495955751,14.349676203));
#2967=DIRECTION('',(1.,-0.,0.));
#2968=VECTOR('',#2967,12.);
#2969=LINE('',#2966,#2968);
#2970=EDGE_CURVE('',#208,#2368,#2969,.T.);
#2971=ORIENTED_EDGE('',*,*,#2970,.F.);
#2972=EDGE_LOOP('',(#2963,#2964,#2965,#2971));
#2973=FACE_BOUND('',#2972,.T.);
#2974=ADVANCED_FACE('',(#2973),#2962,.F.);
#2975=CARTESIAN_POINT('',(-12.5,-0.,0.));
#2976=DIRECTION('',(-1.,0.,-0.));
#2977=DIRECTION('',(-0.,0.334656131,0.942340318));
#2978=AXIS2_PLACEMENT_3D('',#2975,#2976,#2977);
#2979=CYLINDRICAL_SURFACE('',#2978,15.751528442);
#2980=ORIENTED_EDGE('',*,*,#223,.T.);
#2981=ORIENTED_EDGE('',*,*,#2970,.T.);
#2982=ORIENTED_EDGE('',*,*,#2374,.F.);
#2983=CARTESIAN_POINT('',(-12.5,5.271345558,14.843300316));
#2984=DIRECTION('',(1.,0.,0.));
#2985=VECTOR('',#2984,12.);
#2986=LINE('',#2983,#2985);
#2987=EDGE_CURVE('',#217,#2360,#2986,.T.);
#2988=ORIENTED_EDGE('',*,*,#2987,.F.);
#2989=EDGE_LOOP('',(#2980,#2981,#2982,#2988));
#2990=FACE_BOUND('',#2989,.T.);
#2991=ADVANCED_FACE('',(#2990),#2979,.F.);
#2992=CARTESIAN_POINT('',(-12.5,5.400755081,15.326263229));
#2993=DIRECTION('',(-0.,-0.965925826,0.258819045));
#2994=DIRECTION('',(0.,-0.258819045,-0.965925826));
#2995=AXIS2_PLACEMENT_3D('',#2992,#2993,#2994);
#2996=PLANE('',#2995);
#2997=ORIENTED_EDGE('',*,*,#231,.T.);
#2998=ORIENTED_EDGE('',*,*,#2987,.T.);
#2999=ORIENTED_EDGE('',*,*,#2365,.F.);
#3000=CARTESIAN_POINT('',(-12.5,5.400755081,15.326263229));
#3001=DIRECTION('',(1.,0.,0.));
#3002=VECTOR('',#3001,12.);
#3003=LINE('',#3000,#3002);
#3004=EDGE_CURVE('',#226,#2351,#3003,.T.);
#3005=ORIENTED_EDGE('',*,*,#3004,.F.);
#3006=EDGE_LOOP('',(#2997,#2998,#2999,#3005));
#3007=FACE_BOUND('',#3006,.T.);
#3008=ADVANCED_FACE('',(#3007),#2996,.T.);
#3009=CARTESIAN_POINT('',(-12.5,-0.,0.));
#3010=DIRECTION('',(1.,0.,0.));
#3011=DIRECTION('',(-0.,0.650618816,0.759404475));
#3012=AXIS2_PLACEMENT_3D('',#3009,#3010,#3011);
#3013=CYLINDRICAL_SURFACE('',#3012,16.25);
#3014=ORIENTED_EDGE('',*,*,#240,.T.);
#3015=ORIENTED_EDGE('',*,*,#3004,.T.);
#3016=ORIENTED_EDGE('',*,*,#2357,.F.);
#3017=CARTESIAN_POINT('',(-12.5,10.572555761,12.340322714));
#3018=DIRECTION('',(1.,-0.,0.));
#3019=VECTOR('',#3018,12.);
#3020=LINE('',#3017,#3019);
#3021=EDGE_CURVE('',#234,#2343,#3020,.T.);
#3022=ORIENTED_EDGE('',*,*,#3021,.F.);
#3023=EDGE_LOOP('',(#3014,#3015,#3016,#3022));
#3024=FACE_BOUND('',#3023,.T.);
#3025=ADVANCED_FACE('',(#3024),#3013,.T.);
#3026=CARTESIAN_POINT('',(-12.5,10.21900237,11.986769323));
#3027=DIRECTION('',(0.,0.707106781,-0.707106781));
#3028=DIRECTION('',(-0.,0.707106781,0.707106781));
#3029=AXIS2_PLACEMENT_3D('',#3026,#3027,#3028);
#3030=PLANE('',#3029);
#3031=ORIENTED_EDGE('',*,*,#248,.T.);
#3032=ORIENTED_EDGE('',*,*,#3021,.T.);
#3033=ORIENTED_EDGE('',*,*,#2348,.F.);
#3034=CARTESIAN_POINT('',(-12.5,10.21900237,11.986769323));
#3035=DIRECTION('',(1.,-0.,0.));
#3036=VECTOR('',#3035,12.);
#3037=LINE('',#3034,#3036);
#3038=EDGE_CURVE('',#243,#2334,#3037,.T.);
#3039=ORIENTED_EDGE('',*,*,#3038,.F.);
#3040=EDGE_LOOP('',(#3031,#3032,#3033,#3039));
#3041=FACE_BOUND('',#3040,.T.);
#3042=ADVANCED_FACE('',(#3041),#3030,.T.);
#3043=CARTESIAN_POINT('',(-12.5,-0.,0.));
#3044=DIRECTION('',(-1.,0.,-0.));
#3045=DIRECTION('',(-0.,0.582750194,0.812651347));
#3046=AXIS2_PLACEMENT_3D('',#3043,#3044,#3045);
#3047=CYLINDRICAL_SURFACE('',#3046,15.751528442);
#3048=ORIENTED_EDGE('',*,*,#257,.T.);
#3049=ORIENTED_EDGE('',*,*,#3038,.T.);
#3050=ORIENTED_EDGE('',*,*,#2340,.F.);
#3051=CARTESIAN_POINT('',(-12.5,9.179206252,12.800500804));
#3052=DIRECTION('',(1.,0.,0.));
#3053=VECTOR('',#3052,12.);
#3054=LINE('',#3051,#3053);
#3055=EDGE_CURVE('',#251,#2325,#3054,.T.);
#3056=ORIENTED_EDGE('',*,*,#3055,.F.);
#3057=EDGE_LOOP('',(#3048,#3049,#3050,#3056));
#3058=FACE_BOUND('',#3057,.T.);
#3059=ADVANCED_FACE('',(#3058),#3047,.F.);
#3060=CARTESIAN_POINT('',(-12.5,8.887831155,12.39417513));
#3061=DIRECTION('',(-1.,-0.,-0.));
#3062=DIRECTION('',(-0.,-0.866025404,0.5));
#3063=AXIS2_PLACEMENT_3D('',#3060,#3061,#3062);
#3064=CYLINDRICAL_SURFACE('',#3063,0.5);
#3065=ORIENTED_EDGE('',*,*,#266,.T.);
#3066=ORIENTED_EDGE('',*,*,#3055,.T.);
#3067=ORIENTED_EDGE('',*,*,#2331,.F.);
#3068=CARTESIAN_POINT('',(-12.5,8.454818454,12.64417513));
#3069=DIRECTION('',(1.,-0.,0.));
#3070=VECTOR('',#3069,12.);
#3071=LINE('',#3068,#3070);
#3072=EDGE_CURVE('',#260,#2317,#3071,.T.);
#3073=ORIENTED_EDGE('',*,*,#3072,.F.);
#3074=EDGE_LOOP('',(#3065,#3066,#3067,#3073));
#3075=FACE_BOUND('',#3074,.T.);
#3076=ADVANCED_FACE('',(#3075),#3064,.F.);
#3077=CARTESIAN_POINT('',(-12.5,5.42980947,7.404705877));
#3078=DIRECTION('',(0.,0.866025404,-0.5));
#3079=DIRECTION('',(-0.,0.5,0.866025404));
#3080=AXIS2_PLACEMENT_3D('',#3077,#3078,#3079);
#3081=PLANE('',#3080);
#3082=ORIENTED_EDGE('',*,*,#274,.T.);
#3083=ORIENTED_EDGE('',*,*,#3072,.T.);
#3084=ORIENTED_EDGE('',*,*,#2322,.F.);
#3085=CARTESIAN_POINT('',(-12.5,5.42980947,7.404705877));
#3086=DIRECTION('',(1.,-0.,0.));
#3087=VECTOR('',#3086,12.);
#3088=LINE('',#3085,#3087);
#3089=EDGE_CURVE('',#269,#2308,#3088,.T.);
#3090=ORIENTED_EDGE('',*,*,#3089,.F.);
#3091=EDGE_LOOP('',(#3082,#3083,#3084,#3090));
#3092=FACE_BOUND('',#3091,.T.);
#3093=ADVANCED_FACE('',(#3092),#3081,.T.);
#3094=CARTESIAN_POINT('',(-12.5,5.862822172,7.154705877));
#3095=DIRECTION('',(-1.,-0.,-0.));
#3096=DIRECTION('',(0.,-0.633818613,-0.773481716));
#3097=AXIS2_PLACEMENT_3D('',#3094,#3095,#3096);
#3098=CYLINDRICAL_SURFACE('',#3097,0.5);
#3099=ORIENTED_EDGE('',*,*,#283,.T.);
#3100=ORIENTED_EDGE('',*,*,#3089,.T.);
#3101=ORIENTED_EDGE('',*,*,#2314,.F.);
#3102=CARTESIAN_POINT('',(-12.5,5.545912865,6.767965019));
#3103=DIRECTION('',(1.,0.,0.));
#3104=VECTOR('',#3103,12.);
#3105=LINE('',#3102,#3104);
#3106=EDGE_CURVE('',#277,#2299,#3105,.T.);
#3107=ORIENTED_EDGE('',*,*,#3106,.F.);
#3108=EDGE_LOOP('',(#3099,#3100,#3101,#3107));
#3109=FACE_BOUND('',#3108,.T.);
#3110=ADVANCED_FACE('',(#3109),#3098,.F.);
#3111=CARTESIAN_POINT('',(-12.5,-0.,0.));
#3112=DIRECTION('',(1.,0.,0.));
#3113=DIRECTION('',(-0.,0.773481716,0.633818613));
#3114=AXIS2_PLACEMENT_3D('',#3111,#3112,#3113);
#3115=CYLINDRICAL_SURFACE('',#3114,8.75);
#3116=ORIENTED_EDGE('',*,*,#292,.T.);
#3117=ORIENTED_EDGE('',*,*,#3106,.T.);
#3118=ORIENTED_EDGE('',*,*,#2305,.F.);
#3119=CARTESIAN_POINT('',(-12.5,6.767965019,5.545912865));
#3120=DIRECTION('',(1.,-0.,0.));
#3121=VECTOR('',#3120,12.);
#3122=LINE('',#3119,#3121);
#3123=EDGE_CURVE('',#286,#2290,#3122,.T.);
#3124=ORIENTED_EDGE('',*,*,#3123,.F.);
#3125=EDGE_LOOP('',(#3116,#3117,#3118,#3124));
#3126=FACE_BOUND('',#3125,.T.);
#3127=ADVANCED_FACE('',(#3126),#3115,.T.);
#3128=CARTESIAN_POINT('',(-12.5,7.154705877,5.862822172));
#3129=DIRECTION('',(-1.,0.,-0.));
#3130=DIRECTION('',(0.,0.5,-0.866025404));
#3131=AXIS2_PLACEMENT_3D('',#3128,#3129,#3130);
#3132=CYLINDRICAL_SURFACE('',#3131,0.5);
#3133=ORIENTED_EDGE('',*,*,#301,.T.);
#3134=ORIENTED_EDGE('',*,*,#3123,.T.);
#3135=ORIENTED_EDGE('',*,*,#2296,.F.);
#3136=CARTESIAN_POINT('',(-12.5,7.404705877,5.42980947));
#3137=DIRECTION('',(1.,-0.,0.));
#3138=VECTOR('',#3137,12.);
#3139=LINE('',#3136,#3138);
#3140=EDGE_CURVE('',#295,#2282,#3139,.T.);
#3141=ORIENTED_EDGE('',*,*,#3140,.F.);
#3142=EDGE_LOOP('',(#3133,#3134,#3135,#3141));
#3143=FACE_BOUND('',#3142,.T.);
#3144=ADVANCED_FACE('',(#3143),#3132,.F.);
#3145=CARTESIAN_POINT('',(-12.5,12.64417513,8.454818454));
#3146=DIRECTION('',(-0.,-0.5,0.866025404));
#3147=DIRECTION('',(0.,-0.866025404,-0.5));
#3148=AXIS2_PLACEMENT_3D('',#3145,#3146,#3147);
#3149=PLANE('',#3148);
#3150=ORIENTED_EDGE('',*,*,#309,.T.);
#3151=ORIENTED_EDGE('',*,*,#3140,.T.);
#3152=ORIENTED_EDGE('',*,*,#2287,.F.);
#3153=CARTESIAN_POINT('',(-12.5,12.64417513,8.454818454));
#3154=DIRECTION('',(1.,-0.,0.));
#3155=VECTOR('',#3154,12.);
#3156=LINE('',#3153,#3155);
#3157=EDGE_CURVE('',#304,#2273,#3156,.T.);
#3158=ORIENTED_EDGE('',*,*,#3157,.F.);
#3159=EDGE_LOOP('',(#3150,#3151,#3152,#3158));
#3160=FACE_BOUND('',#3159,.T.);
#3161=ADVANCED_FACE('',(#3160),#3149,.T.);
#3162=CARTESIAN_POINT('',(-12.5,12.39417513,8.887831155));
#3163=DIRECTION('',(-1.,0.,-0.));
#3164=DIRECTION('',(-0.,0.812651347,0.582750194));
#3165=AXIS2_PLACEMENT_3D('',#3162,#3163,#3164);
#3166=CYLINDRICAL_SURFACE('',#3165,0.5);
#3167=ORIENTED_EDGE('',*,*,#318,.T.);
#3168=ORIENTED_EDGE('',*,*,#3157,.T.);
#3169=ORIENTED_EDGE('',*,*,#2279,.F.);
#3170=CARTESIAN_POINT('',(-12.5,12.800500804,9.179206252));
#3171=DIRECTION('',(1.,-0.,0.));
#3172=VECTOR('',#3171,12.);
#3173=LINE('',#3170,#3172);
#3174=EDGE_CURVE('',#312,#2264,#3173,.T.);
#3175=ORIENTED_EDGE('',*,*,#3174,.F.);
#3176=EDGE_LOOP('',(#3167,#3168,#3169,#3175));
#3177=FACE_BOUND('',#3176,.T.);
#3178=ADVANCED_FACE('',(#3177),#3166,.F.);
#3179=CARTESIAN_POINT('',(-12.5,-0.,0.));
#3180=DIRECTION('',(-1.,0.,-0.));
#3181=DIRECTION('',(-0.,0.760990869,0.648762589));
#3182=AXIS2_PLACEMENT_3D('',#3179,#3180,#3181);
#3183=CYLINDRICAL_SURFACE('',#3182,15.751528442);
#3184=ORIENTED_EDGE('',*,*,#327,.T.);
#3185=ORIENTED_EDGE('',*,*,#3174,.T.);
#3186=ORIENTED_EDGE('',*,*,#2270,.F.);
#3187=CARTESIAN_POINT('',(-12.5,11.986769323,10.21900237));
#3188=DIRECTION('',(1.,-0.,0.));
#3189=VECTOR('',#3188,12.);
#3190=LINE('',#3187,#3189);
#3191=EDGE_CURVE('',#321,#2256,#3190,.T.);
#3192=ORIENTED_EDGE('',*,*,#3191,.F.);
#3193=EDGE_LOOP('',(#3184,#3185,#3186,#3192));
#3194=FACE_BOUND('',#3193,.T.);
#3195=ADVANCED_FACE('',(#3194),#3183,.F.);
#3196=CARTESIAN_POINT('',(-12.5,12.340322714,10.572555761));
#3197=DIRECTION('',(-0.,-0.707106781,0.707106781));
#3198=DIRECTION('',(0.,-0.707106781,-0.707106781));
#3199=AXIS2_PLACEMENT_3D('',#3196,#3197,#3198);
#3200=PLANE('',#3199);
#3201=ORIENTED_EDGE('',*,*,#335,.T.);
#3202=ORIENTED_EDGE('',*,*,#3191,.T.);
#3203=ORIENTED_EDGE('',*,*,#2261,.F.);
#3204=CARTESIAN_POINT('',(-12.5,12.340322714,10.572555761));
#3205=DIRECTION('',(1.,0.,0.));
#3206=VECTOR('',#3205,12.);
#3207=LINE('',#3204,#3206);
#3208=EDGE_CURVE('',#330,#2247,#3207,.T.);
#3209=ORIENTED_EDGE('',*,*,#3208,.F.);
#3210=EDGE_LOOP('',(#3201,#3202,#3203,#3209));
#3211=FACE_BOUND('',#3210,.T.);
#3212=ADVANCED_FACE('',(#3211),#3200,.T.);
#3213=CARTESIAN_POINT('',(-12.5,-0.,0.));
#3214=DIRECTION('',(1.,0.,0.));
#3215=DIRECTION('',(-0.,0.94315466,0.332354159));
#3216=AXIS2_PLACEMENT_3D('',#3213,#3214,#3215);
#3217=CYLINDRICAL_SURFACE('',#3216,16.25);
#3218=ORIENTED_EDGE('',*,*,#344,.T.);
#3219=ORIENTED_EDGE('',*,*,#3208,.T.);
#3220=ORIENTED_EDGE('',*,*,#2253,.F.);
#3221=CARTESIAN_POINT('',(-12.5,15.326263229,5.400755081));
#3222=DIRECTION('',(1.,-0.,0.));
#3223=VECTOR('',#3222,12.);
#3224=LINE('',#3221,#3223);
#3225=EDGE_CURVE('',#338,#2239,#3224,.T.);
#3226=ORIENTED_EDGE('',*,*,#3225,.F.);
#3227=EDGE_LOOP('',(#3218,#3219,#3220,#3226));
#3228=FACE_BOUND('',#3227,.T.);
#3229=ADVANCED_FACE('',(#3228),#3217,.T.);
#3230=CARTESIAN_POINT('',(-12.5,14.843300316,5.271345558));
#3231=DIRECTION('',(0.,0.258819045,-0.965925826));
#3232=DIRECTION('',(-0.,0.965925826,0.258819045));
#3233=AXIS2_PLACEMENT_3D('',#3230,#3231,#3232);
#3234=PLANE('',#3233);
#3235=ORIENTED_EDGE('',*,*,#352,.T.);
#3236=ORIENTED_EDGE('',*,*,#3225,.T.);
#3237=ORIENTED_EDGE('',*,*,#2244,.F.);
#3238=CARTESIAN_POINT('',(-12.5,14.843300316,5.271345558));
#3239=DIRECTION('',(1.,-0.,0.));
#3240=VECTOR('',#3239,12.);
#3241=LINE('',#3238,#3240);
#3242=EDGE_CURVE('',#347,#2230,#3241,.T.);
#3243=ORIENTED_EDGE('',*,*,#3242,.F.);
#3244=EDGE_LOOP('',(#3235,#3236,#3237,#3243));
#3245=FACE_BOUND('',#3244,.T.);
#3246=ADVANCED_FACE('',(#3245),#3234,.T.);
#3247=CARTESIAN_POINT('',(-12.5,-0.,0.));
#3248=DIRECTION('',(-1.,0.,-0.));
#3249=DIRECTION('',(-0.,0.911002145,0.412401614));
#3250=AXIS2_PLACEMENT_3D('',#3247,#3248,#3249);
#3251=CYLINDRICAL_SURFACE('',#3250,15.751528442);
#3252=ORIENTED_EDGE('',*,*,#361,.T.);
#3253=ORIENTED_EDGE('',*,*,#3242,.T.);
#3254=ORIENTED_EDGE('',*,*,#2236,.F.);
#3255=CARTESIAN_POINT('',(-12.5,14.349676203,6.495955751));
#3256=DIRECTION('',(1.,-0.,0.));
#3257=VECTOR('',#3256,12.);
#3258=LINE('',#3255,#3257);
#3259=EDGE_CURVE('',#355,#2221,#3258,.T.);
#3260=ORIENTED_EDGE('',*,*,#3259,.F.);
#3261=EDGE_LOOP('',(#3252,#3253,#3254,#3260));
#3262=FACE_BOUND('',#3261,.T.);
#3263=ADVANCED_FACE('',(#3262),#3251,.F.);
#3264=CARTESIAN_POINT('',(-12.5,13.89417513,6.289754944));
#3265=DIRECTION('',(-1.,0.,-0.));
#3266=DIRECTION('',(-0.,-0.5,0.866025404));
#3267=AXIS2_PLACEMENT_3D('',#3264,#3265,#3266);
#3268=CYLINDRICAL_SURFACE('',#3267,0.5);
#3269=ORIENTED_EDGE('',*,*,#370,.T.);
#3270=ORIENTED_EDGE('',*,*,#3259,.T.);
#3271=ORIENTED_EDGE('',*,*,#2227,.F.);
#3272=CARTESIAN_POINT('',(-12.5,13.64417513,6.722767646));
#3273=DIRECTION('',(1.,-0.,0.));
#3274=VECTOR('',#3273,12.);
#3275=LINE('',#3272,#3274);
#3276=EDGE_CURVE('',#364,#2213,#3275,.T.);
#3277=ORIENTED_EDGE('',*,*,#3276,.F.);
#3278=EDGE_LOOP('',(#3269,#3270,#3271,#3277));
#3279=FACE_BOUND('',#3278,.T.);
#3280=ADVANCED_FACE('',(#3279),#3268,.F.);
#3281=CARTESIAN_POINT('',(-12.5,8.404705877,3.697758662));
#3282=DIRECTION('',(0.,0.5,-0.866025404));
#3283=DIRECTION('',(-0.,0.866025404,0.5));
#3284=AXIS2_PLACEMENT_3D('',#3281,#3282,#3283);
#3285=PLANE('',#3284);
#3286=ORIENTED_EDGE('',*,*,#378,.T.);
#3287=ORIENTED_EDGE('',*,*,#3276,.T.);
#3288=ORIENTED_EDGE('',*,*,#2218,.F.);
#3289=CARTESIAN_POINT('',(-12.5,8.404705877,3.697758662));
#3290=DIRECTION('',(1.,-0.,0.));
#3291=VECTOR('',#3290,12.);
#3292=LINE('',#3289,#3291);
#3293=EDGE_CURVE('',#373,#2204,#3292,.T.);
#3294=ORIENTED_EDGE('',*,*,#3293,.F.);
#3295=EDGE_LOOP('',(#3286,#3287,#3288,#3294));
#3296=FACE_BOUND('',#3295,.T.);
#3297=ADVANCED_FACE('',(#3296),#3285,.T.);
#3298=CARTESIAN_POINT('',(-12.5,8.654705877,3.26474596));
#3299=DIRECTION('',(-1.,0.,-0.));
#3300=DIRECTION('',(0.,-0.935643879,-0.352945509));
#3301=AXIS2_PLACEMENT_3D('',#3298,#3299,#3300);
#3302=CYLINDRICAL_SURFACE('',#3301,0.5);
#3303=ORIENTED_EDGE('',*,*,#387,.T.);
#3304=ORIENTED_EDGE('',*,*,#3293,.T.);
#3305=ORIENTED_EDGE('',*,*,#2210,.F.);
#3306=CARTESIAN_POINT('',(-12.5,8.186883938,3.088273206));
#3307=DIRECTION('',(1.,-0.,0.));
#3308=VECTOR('',#3307,12.);
#3309=LINE('',#3306,#3308);
#3310=EDGE_CURVE('',#381,#2195,#3309,.T.);
#3311=ORIENTED_EDGE('',*,*,#3310,.F.);
#3312=EDGE_LOOP('',(#3303,#3304,#3305,#3311));
#3313=FACE_BOUND('',#3312,.T.);
#3314=ADVANCED_FACE('',(#3313),#3302,.F.);
#3315=CARTESIAN_POINT('',(-12.5,-0.,0.));
#3316=DIRECTION('',(1.,-0.,0.));
#3317=DIRECTION('',(-0.,0.986764122,0.162162162));
#3318=AXIS2_PLACEMENT_3D('',#3315,#3316,#3317);
#3319=CYLINDRICAL_SURFACE('',#3318,8.75);
#3320=ORIENTED_EDGE('',*,*,#396,.T.);
#3321=ORIENTED_EDGE('',*,*,#3310,.T.);
#3322=ORIENTED_EDGE('',*,*,#2201,.F.);
#3323=CARTESIAN_POINT('',(-12.5,8.634186071,1.418918919));
#3324=DIRECTION('',(1.,-0.,0.));
#3325=VECTOR('',#3324,12.);
#3326=LINE('',#3323,#3325);
#3327=EDGE_CURVE('',#390,#2186,#3326,.T.);
#3328=ORIENTED_EDGE('',*,*,#3327,.F.);
#3329=EDGE_LOOP('',(#3320,#3321,#3322,#3328));
#3330=FACE_BOUND('',#3329,.T.);
#3331=ADVANCED_FACE('',(#3330),#3319,.T.);
#3332=CARTESIAN_POINT('',(-12.5,9.127568132,1.5));
#3333=DIRECTION('',(-1.,0.,-0.));
#3334=DIRECTION('',(0.,0.,-1.));
#3335=AXIS2_PLACEMENT_3D('',#3332,#3333,#3334);
#3336=CYLINDRICAL_SURFACE('',#3335,0.5);
#3337=ORIENTED_EDGE('',*,*,#405,.T.);
#3338=ORIENTED_EDGE('',*,*,#3327,.T.);
#3339=ORIENTED_EDGE('',*,*,#2192,.F.);
#3340=CARTESIAN_POINT('',(-12.5,9.127568132,1.));
#3341=DIRECTION('',(1.,-0.,0.));
#3342=VECTOR('',#3341,12.);
#3343=LINE('',#3340,#3342);
#3344=EDGE_CURVE('',#399,#2178,#3343,.T.);
#3345=ORIENTED_EDGE('',*,*,#3344,.F.);
#3346=EDGE_LOOP('',(#3337,#3338,#3339,#3345));
#3347=FACE_BOUND('',#3346,.T.);
#3348=ADVANCED_FACE('',(#3347),#3336,.F.);
#3349=CARTESIAN_POINT('',(-12.5,15.1775861,1.));
#3350=DIRECTION('',(-0.,-0.,1.));
#3351=DIRECTION('',(0.,-1.,-0.));
#3352=AXIS2_PLACEMENT_3D('',#3349,#3350,#3351);
#3353=PLANE('',#3352);
#3354=ORIENTED_EDGE('',*,*,#413,.T.);
#3355=ORIENTED_EDGE('',*,*,#3344,.T.);
#3356=ORIENTED_EDGE('',*,*,#2183,.F.);
#3357=CARTESIAN_POINT('',(-12.5,15.1775861,1.));
#3358=DIRECTION('',(1.,-0.,0.));
#3359=VECTOR('',#3358,12.);
#3360=LINE('',#3357,#3359);
#3361=EDGE_CURVE('',#408,#2169,#3360,.T.);
#3362=ORIENTED_EDGE('',*,*,#3361,.F.);
#3363=EDGE_LOOP('',(#3354,#3355,#3356,#3362));
#3364=FACE_BOUND('',#3363,.T.);
#3365=ADVANCED_FACE('',(#3364),#3353,.T.);
#3366=CARTESIAN_POINT('',(-12.5,15.1775861,1.5));
#3367=DIRECTION('',(-1.,0.,-0.));
#3368=DIRECTION('',(-0.,0.995151808,0.098350798));
#3369=AXIS2_PLACEMENT_3D('',#3366,#3367,#3368);
#3370=CYLINDRICAL_SURFACE('',#3369,0.5);
#3371=ORIENTED_EDGE('',*,*,#422,.T.);
#3372=ORIENTED_EDGE('',*,*,#3361,.T.);
#3373=ORIENTED_EDGE('',*,*,#2175,.F.);
#3374=CARTESIAN_POINT('',(-12.5,15.675162004,1.549175399));
#3375=DIRECTION('',(1.,0.,0.));
#3376=VECTOR('',#3375,12.);
#3377=LINE('',#3374,#3376);
#3378=EDGE_CURVE('',#416,#2160,#3377,.T.);
#3379=ORIENTED_EDGE('',*,*,#3378,.F.);
#3380=EDGE_LOOP('',(#3371,#3372,#3373,#3379));
#3381=FACE_BOUND('',#3380,.T.);
#3382=ADVANCED_FACE('',(#3381),#3370,.F.);
#3383=CARTESIAN_POINT('',(-12.5,-0.,0.));
#3384=DIRECTION('',(-1.,-0.,-0.));
#3385=DIRECTION('',(-0.,0.983418719,0.181349448));
#3386=AXIS2_PLACEMENT_3D('',#3383,#3384,#3385);
#3387=CYLINDRICAL_SURFACE('',#3386,15.751528442);
#3388=ORIENTED_EDGE('',*,*,#431,.T.);
#3389=ORIENTED_EDGE('',*,*,#3378,.T.);
#3390=ORIENTED_EDGE('',*,*,#2166,.F.);
#3391=CARTESIAN_POINT('',(-12.5,15.490347928,2.856530992));
#3392=DIRECTION('',(1.,-0.,0.));
#3393=VECTOR('',#3392,12.);
#3394=LINE('',#3391,#3393);
#3395=EDGE_CURVE('',#425,#2152,#3394,.T.);
#3396=ORIENTED_EDGE('',*,*,#3395,.F.);
#3397=EDGE_LOOP('',(#3388,#3389,#3390,#3396));
#3398=FACE_BOUND('',#3397,.T.);
#3399=ADVANCED_FACE('',(#3398),#3387,.F.);
#3400=CARTESIAN_POINT('',(-12.5,15.973310842,2.985940515));
#3401=DIRECTION('',(-0.,-0.258819045,0.965925826));
#3402=DIRECTION('',(0.,-0.965925826,-0.258819045));
#3403=AXIS2_PLACEMENT_3D('',#3400,#3401,#3402);
#3404=PLANE('',#3403);
#3405=ORIENTED_EDGE('',*,*,#439,.T.);
#3406=ORIENTED_EDGE('',*,*,#3395,.T.);
#3407=ORIENTED_EDGE('',*,*,#2157,.F.);
#3408=CARTESIAN_POINT('',(-12.5,15.973310842,2.985940515));
#3409=DIRECTION('',(1.,0.,0.));
#3410=VECTOR('',#3409,12.);
#3411=LINE('',#3408,#3410);
#3412=EDGE_CURVE('',#434,#2143,#3411,.T.);
#3413=ORIENTED_EDGE('',*,*,#3412,.F.);
#3414=EDGE_LOOP('',(#3405,#3406,#3407,#3413));
#3415=FACE_BOUND('',#3414,.T.);
#3416=ADVANCED_FACE('',(#3415),#3404,.T.);
#3417=CARTESIAN_POINT('',(-12.5,-0.,0.));
#3418=DIRECTION('',(1.,-0.,0.));
#3419=DIRECTION('',(0.,0.982972975,-0.183750186));
#3420=AXIS2_PLACEMENT_3D('',#3417,#3418,#3419);
#3421=CYLINDRICAL_SURFACE('',#3420,16.25);
#3422=ORIENTED_EDGE('',*,*,#448,.T.);
#3423=ORIENTED_EDGE('',*,*,#3412,.T.);
#3424=ORIENTED_EDGE('',*,*,#2149,.F.);
#3425=CARTESIAN_POINT('',(-12.5,15.973310842,-2.985940515));
#3426=DIRECTION('',(1.,0.,0.));
#3427=VECTOR('',#3426,12.);
#3428=LINE('',#3425,#3427);
#3429=EDGE_CURVE('',#442,#2135,#3428,.T.);
#3430=ORIENTED_EDGE('',*,*,#3429,.F.);
#3431=EDGE_LOOP('',(#3422,#3423,#3424,#3430));
#3432=FACE_BOUND('',#3431,.T.);
#3433=ADVANCED_FACE('',(#3432),#3421,.T.);
#3434=CARTESIAN_POINT('',(-12.5,15.490347928,-2.856530992));
#3435=DIRECTION('',(0.,-0.258819045,-0.965925826));
#3436=DIRECTION('',(0.,0.965925826,-0.258819045));
#3437=AXIS2_PLACEMENT_3D('',#3434,#3435,#3436);
#3438=PLANE('',#3437);
#3439=ORIENTED_EDGE('',*,*,#456,.T.);
#3440=ORIENTED_EDGE('',*,*,#3429,.T.);
#3441=ORIENTED_EDGE('',*,*,#2140,.F.);
#3442=CARTESIAN_POINT('',(-12.5,15.490347928,-2.856530992));
#3443=DIRECTION('',(1.,0.,0.));
#3444=VECTOR('',#3443,12.);
#3445=LINE('',#3442,#3444);
#3446=EDGE_CURVE('',#451,#2126,#3445,.T.);
#3447=ORIENTED_EDGE('',*,*,#3446,.F.);
#3448=EDGE_LOOP('',(#3439,#3440,#3441,#3447));
#3449=FACE_BOUND('',#3448,.T.);
#3450=ADVANCED_FACE('',(#3449),#3438,.T.);
#3451=CARTESIAN_POINT('',(-12.5,-0.,0.));
#3452=DIRECTION('',(-1.,-0.,-0.));
#3453=DIRECTION('',(0.,0.995151808,-0.098350798));
#3454=AXIS2_PLACEMENT_3D('',#3451,#3452,#3453);
#3455=CYLINDRICAL_SURFACE('',#3454,15.751528442);
#3456=ORIENTED_EDGE('',*,*,#465,.T.);
#3457=ORIENTED_EDGE('',*,*,#3446,.T.);
#3458=ORIENTED_EDGE('',*,*,#2132,.F.);
#3459=CARTESIAN_POINT('',(-12.5,15.675162004,-1.549175399));
#3460=DIRECTION('',(1.,-0.,0.));
#3461=VECTOR('',#3460,12.);
#3462=LINE('',#3459,#3461);
#3463=EDGE_CURVE('',#459,#2117,#3462,.T.);
#3464=ORIENTED_EDGE('',*,*,#3463,.F.);
#3465=EDGE_LOOP('',(#3456,#3457,#3458,#3464));
#3466=FACE_BOUND('',#3465,.T.);
#3467=ADVANCED_FACE('',(#3466),#3455,.F.);
#3468=CARTESIAN_POINT('',(-12.5,15.1775861,-1.5));
#3469=DIRECTION('',(-1.,0.,-0.));
#3470=DIRECTION('',(-0.,0.,1.));
#3471=AXIS2_PLACEMENT_3D('',#3468,#3469,#3470);
#3472=CYLINDRICAL_SURFACE('',#3471,0.5);
#3473=ORIENTED_EDGE('',*,*,#474,.T.);
#3474=ORIENTED_EDGE('',*,*,#3463,.T.);
#3475=ORIENTED_EDGE('',*,*,#2123,.F.);
#3476=CARTESIAN_POINT('',(-12.5,15.1775861,-1.));
#3477=DIRECTION('',(1.,-0.,0.));
#3478=VECTOR('',#3477,12.);
#3479=LINE('',#3476,#3478);
#3480=EDGE_CURVE('',#468,#2109,#3479,.T.);
#3481=ORIENTED_EDGE('',*,*,#3480,.F.);
#3482=EDGE_LOOP('',(#3473,#3474,#3475,#3481));
#3483=FACE_BOUND('',#3482,.T.);
#3484=ADVANCED_FACE('',(#3483),#3472,.F.);
#3485=CARTESIAN_POINT('',(-12.5,9.127568132,-1.));
#3486=DIRECTION('',(0.,0.,-1.));
#3487=DIRECTION('',(-0.,1.,0.));
#3488=AXIS2_PLACEMENT_3D('',#3485,#3486,#3487);
#3489=PLANE('',#3488);
#3490=ORIENTED_EDGE('',*,*,#482,.T.);
#3491=ORIENTED_EDGE('',*,*,#3480,.T.);
#3492=ORIENTED_EDGE('',*,*,#2114,.F.);
#3493=CARTESIAN_POINT('',(-12.5,9.127568132,-1.));
#3494=DIRECTION('',(1.,-0.,0.));
#3495=VECTOR('',#3494,12.);
#3496=LINE('',#3493,#3495);
#3497=EDGE_CURVE('',#477,#2100,#3496,.T.);
#3498=ORIENTED_EDGE('',*,*,#3497,.F.);
#3499=EDGE_LOOP('',(#3490,#3491,#3492,#3498));
#3500=FACE_BOUND('',#3499,.T.);
#3501=ADVANCED_FACE('',(#3500),#3489,.T.);
#3502=CARTESIAN_POINT('',(-12.5,9.127568132,-1.5));
#3503=DIRECTION('',(-1.,0.,-0.));
#3504=DIRECTION('',(-0.,-0.986764122,0.162162162));
#3505=AXIS2_PLACEMENT_3D('',#3502,#3503,#3504);
#3506=CYLINDRICAL_SURFACE('',#3505,0.5);
#3507=ORIENTED_EDGE('',*,*,#491,.T.);
#3508=ORIENTED_EDGE('',*,*,#3497,.T.);
#3509=ORIENTED_EDGE('',*,*,#2106,.F.);
#3510=CARTESIAN_POINT('',(-12.5,8.634186071,-1.418918919));
#3511=DIRECTION('',(1.,0.,0.));
#3512=VECTOR('',#3511,12.);
#3513=LINE('',#3510,#3512);
#3514=EDGE_CURVE('',#485,#2091,#3513,.T.);
#3515=ORIENTED_EDGE('',*,*,#3514,.F.);
#3516=EDGE_LOOP('',(#3507,#3508,#3509,#3515));
#3517=FACE_BOUND('',#3516,.T.);
#3518=ADVANCED_FACE('',(#3517),#3506,.F.);
#3519=CARTESIAN_POINT('',(-12.5,-0.,0.));
#3520=DIRECTION('',(1.,0.,0.));
#3521=DIRECTION('',(0.,0.935643879,-0.352945509));
#3522=AXIS2_PLACEMENT_3D('',#3519,#3520,#3521);
#3523=CYLINDRICAL_SURFACE('',#3522,8.75);
#3524=ORIENTED_EDGE('',*,*,#500,.T.);
#3525=ORIENTED_EDGE('',*,*,#3514,.T.);
#3526=ORIENTED_EDGE('',*,*,#2097,.F.);
#3527=CARTESIAN_POINT('',(-12.5,8.186883938,-3.088273206));
#3528=DIRECTION('',(1.,-0.,0.));
#3529=VECTOR('',#3528,12.);
#3530=LINE('',#3527,#3529);
#3531=EDGE_CURVE('',#494,#2082,#3530,.T.);
#3532=ORIENTED_EDGE('',*,*,#3531,.F.);
#3533=EDGE_LOOP('',(#3524,#3525,#3526,#3532));
#3534=FACE_BOUND('',#3533,.T.);
#3535=ADVANCED_FACE('',(#3534),#3523,.T.);
#3536=CARTESIAN_POINT('',(-12.5,8.654705877,-3.26474596));
#3537=DIRECTION('',(-1.,0.,-0.));
#3538=DIRECTION('',(0.,-0.5,-0.866025404));
#3539=AXIS2_PLACEMENT_3D('',#3536,#3537,#3538);
#3540=CYLINDRICAL_SURFACE('',#3539,0.5);
#3541=ORIENTED_EDGE('',*,*,#509,.T.);
#3542=ORIENTED_EDGE('',*,*,#3531,.T.);
#3543=ORIENTED_EDGE('',*,*,#2088,.F.);
#3544=CARTESIAN_POINT('',(-12.5,8.404705877,-3.697758662));
#3545=DIRECTION('',(1.,-0.,0.));
#3546=VECTOR('',#3545,12.);
#3547=LINE('',#3544,#3546);
#3548=EDGE_CURVE('',#503,#2074,#3547,.T.);
#3549=ORIENTED_EDGE('',*,*,#3548,.F.);
#3550=EDGE_LOOP('',(#3541,#3542,#3543,#3549));
#3551=FACE_BOUND('',#3550,.T.);
#3552=ADVANCED_FACE('',(#3551),#3540,.F.);
#3553=CARTESIAN_POINT('',(-12.5,13.64417513,-6.722767646));
#3554=DIRECTION('',(-0.,0.5,0.866025404));
#3555=DIRECTION('',(-0.,-0.866025404,0.5));
#3556=AXIS2_PLACEMENT_3D('',#3553,#3554,#3555);
#3557=PLANE('',#3556);
#3558=ORIENTED_EDGE('',*,*,#517,.T.);
#3559=ORIENTED_EDGE('',*,*,#3548,.T.);
#3560=ORIENTED_EDGE('',*,*,#2079,.F.);
#3561=CARTESIAN_POINT('',(-12.5,13.64417513,-6.722767646));
#3562=DIRECTION('',(1.,-0.,0.));
#3563=VECTOR('',#3562,12.);
#3564=LINE('',#3561,#3563);
#3565=EDGE_CURVE('',#512,#2065,#3564,.T.);
#3566=ORIENTED_EDGE('',*,*,#3565,.F.);
#3567=EDGE_LOOP('',(#3558,#3559,#3560,#3566));
#3568=FACE_BOUND('',#3567,.T.);
#3569=ADVANCED_FACE('',(#3568),#3557,.T.);
#3570=CARTESIAN_POINT('',(-12.5,13.89417513,-6.289754944));
#3571=DIRECTION('',(-1.,0.,-0.));
#3572=DIRECTION('',(0.,0.911002145,-0.412401614));
#3573=AXIS2_PLACEMENT_3D('',#3570,#3571,#3572);
#3574=CYLINDRICAL_SURFACE('',#3573,0.5);
#3575=ORIENTED_EDGE('',*,*,#526,.T.);
#3576=ORIENTED_EDGE('',*,*,#3565,.T.);
#3577=ORIENTED_EDGE('',*,*,#2071,.F.);
#3578=CARTESIAN_POINT('',(-12.5,14.349676203,-6.495955751));
#3579=DIRECTION('',(1.,-0.,0.));
#3580=VECTOR('',#3579,12.);
#3581=LINE('',#3578,#3580);
#3582=EDGE_CURVE('',#520,#2056,#3581,.T.);
#3583=ORIENTED_EDGE('',*,*,#3582,.F.);
#3584=EDGE_LOOP('',(#3575,#3576,#3577,#3583));
#3585=FACE_BOUND('',#3584,.T.);
#3586=ADVANCED_FACE('',(#3585),#3574,.F.);
#3587=CARTESIAN_POINT('',(-12.5,-0.,0.));
#3588=DIRECTION('',(-1.,0.,-0.));
#3589=DIRECTION('',(0.,0.942340318,-0.334656131));
#3590=AXIS2_PLACEMENT_3D('',#3587,#3588,#3589);
#3591=CYLINDRICAL_SURFACE('',#3590,15.751528442);
#3592=ORIENTED_EDGE('',*,*,#535,.T.);
#3593=ORIENTED_EDGE('',*,*,#3582,.T.);
#3594=ORIENTED_EDGE('',*,*,#2062,.F.);
#3595=CARTESIAN_POINT('',(-12.5,14.843300316,-5.271345558));
#3596=DIRECTION('',(1.,0.,0.));
#3597=VECTOR('',#3596,12.);
#3598=LINE('',#3595,#3597);
#3599=EDGE_CURVE('',#529,#2048,#3598,.T.);
#3600=ORIENTED_EDGE('',*,*,#3599,.F.);
#3601=EDGE_LOOP('',(#3592,#3593,#3594,#3600));
#3602=FACE_BOUND('',#3601,.T.);
#3603=ADVANCED_FACE('',(#3602),#3591,.F.);
#3604=CARTESIAN_POINT('',(-12.5,15.326263229,-5.400755081));
#3605=DIRECTION('',(-0.,0.258819045,0.965925826));
#3606=DIRECTION('',(-0.,-0.965925826,0.258819045));
#3607=AXIS2_PLACEMENT_3D('',#3604,#3605,#3606);
#3608=PLANE('',#3607);
#3609=ORIENTED_EDGE('',*,*,#543,.T.);
#3610=ORIENTED_EDGE('',*,*,#3599,.T.);
#3611=ORIENTED_EDGE('',*,*,#2053,.F.);
#3612=CARTESIAN_POINT('',(-12.5,15.326263229,-5.400755081));
#3613=DIRECTION('',(1.,0.,0.));
#3614=VECTOR('',#3613,12.);
#3615=LINE('',#3612,#3614);
#3616=EDGE_CURVE('',#538,#2039,#3615,.T.);
#3617=ORIENTED_EDGE('',*,*,#3616,.F.);
#3618=EDGE_LOOP('',(#3609,#3610,#3611,#3617));
#3619=FACE_BOUND('',#3618,.T.);
#3620=ADVANCED_FACE('',(#3619),#3608,.T.);
#3621=CARTESIAN_POINT('',(-12.5,-0.,0.));
#3622=DIRECTION('',(1.,0.,0.));
#3623=DIRECTION('',(0.,0.759404475,-0.650618816));
#3624=AXIS2_PLACEMENT_3D('',#3621,#3622,#3623);
#3625=CYLINDRICAL_SURFACE('',#3624,16.25);
#3626=ORIENTED_EDGE('',*,*,#552,.T.);
#3627=ORIENTED_EDGE('',*,*,#3616,.T.);
#3628=ORIENTED_EDGE('',*,*,#2045,.F.);
#3629=CARTESIAN_POINT('',(-12.5,12.340322714,-10.572555761));
#3630=DIRECTION('',(1.,0.,0.));
#3631=VECTOR('',#3630,12.);
#3632=LINE('',#3629,#3631);
#3633=EDGE_CURVE('',#546,#2031,#3632,.T.);
#3634=ORIENTED_EDGE('',*,*,#3633,.F.);
#3635=EDGE_LOOP('',(#3626,#3627,#3628,#3634));
#3636=FACE_BOUND('',#3635,.T.);
#3637=ADVANCED_FACE('',(#3636),#3625,.T.);
#3638=CARTESIAN_POINT('',(-12.5,11.986769323,-10.21900237));
#3639=DIRECTION('',(0.,-0.707106781,-0.707106781));
#3640=DIRECTION('',(0.,0.707106781,-0.707106781));
#3641=AXIS2_PLACEMENT_3D('',#3638,#3639,#3640);
#3642=PLANE('',#3641);
#3643=ORIENTED_EDGE('',*,*,#560,.T.);
#3644=ORIENTED_EDGE('',*,*,#3633,.T.);
#3645=ORIENTED_EDGE('',*,*,#2036,.F.);
#3646=CARTESIAN_POINT('',(-12.5,11.986769323,-10.21900237));
#3647=DIRECTION('',(1.,-0.,0.));
#3648=VECTOR('',#3647,12.);
#3649=LINE('',#3646,#3648);
#3650=EDGE_CURVE('',#555,#2022,#3649,.T.);
#3651=ORIENTED_EDGE('',*,*,#3650,.F.);
#3652=EDGE_LOOP('',(#3643,#3644,#3645,#3651));
#3653=FACE_BOUND('',#3652,.T.);
#3654=ADVANCED_FACE('',(#3653),#3642,.T.);
#3655=CARTESIAN_POINT('',(-12.5,-0.,0.));
#3656=DIRECTION('',(-1.,-0.,-0.));
#3657=DIRECTION('',(0.,0.812651347,-0.582750194));
#3658=AXIS2_PLACEMENT_3D('',#3655,#3656,#3657);
#3659=CYLINDRICAL_SURFACE('',#3658,15.751528442);
#3660=ORIENTED_EDGE('',*,*,#569,.T.);
#3661=ORIENTED_EDGE('',*,*,#3650,.T.);
#3662=ORIENTED_EDGE('',*,*,#2028,.F.);
#3663=CARTESIAN_POINT('',(-12.5,12.800500804,-9.179206252));
#3664=DIRECTION('',(1.,0.,0.));
#3665=VECTOR('',#3664,12.);
#3666=LINE('',#3663,#3665);
#3667=EDGE_CURVE('',#563,#2013,#3666,.T.);
#3668=ORIENTED_EDGE('',*,*,#3667,.F.);
#3669=EDGE_LOOP('',(#3660,#3661,#3662,#3668));
#3670=FACE_BOUND('',#3669,.T.);
#3671=ADVANCED_FACE('',(#3670),#3659,.F.);
#3672=CARTESIAN_POINT('',(-12.5,12.39417513,-8.887831155));
#3673=DIRECTION('',(-1.,-0.,-0.));
#3674=DIRECTION('',(-0.,0.5,0.866025404));
#3675=AXIS2_PLACEMENT_3D('',#3672,#3673,#3674);
#3676=CYLINDRICAL_SURFACE('',#3675,0.5);
#3677=ORIENTED_EDGE('',*,*,#578,.T.);
#3678=ORIENTED_EDGE('',*,*,#3667,.T.);
#3679=ORIENTED_EDGE('',*,*,#2019,.F.);
#3680=CARTESIAN_POINT('',(-12.5,12.64417513,-8.454818454));
#3681=DIRECTION('',(1.,-0.,0.));
#3682=VECTOR('',#3681,12.);
#3683=LINE('',#3680,#3682);
#3684=EDGE_CURVE('',#572,#2005,#3683,.T.);
#3685=ORIENTED_EDGE('',*,*,#3684,.F.);
#3686=EDGE_LOOP('',(#3677,#3678,#3679,#3685));
#3687=FACE_BOUND('',#3686,.T.);
#3688=ADVANCED_FACE('',(#3687),#3676,.F.);
#3689=CARTESIAN_POINT('',(-12.5,7.404705877,-5.42980947));
#3690=DIRECTION('',(0.,-0.5,-0.866025404));
#3691=DIRECTION('',(0.,0.866025404,-0.5));
#3692=AXIS2_PLACEMENT_3D('',#3689,#3690,#3691);
#3693=PLANE('',#3692);
#3694=ORIENTED_EDGE('',*,*,#586,.T.);
#3695=ORIENTED_EDGE('',*,*,#3684,.T.);
#3696=ORIENTED_EDGE('',*,*,#2010,.F.);
#3697=CARTESIAN_POINT('',(-12.5,7.404705877,-5.42980947));
#3698=DIRECTION('',(1.,-0.,0.));
#3699=VECTOR('',#3698,12.);
#3700=LINE('',#3697,#3699);
#3701=EDGE_CURVE('',#581,#1996,#3700,.T.);
#3702=ORIENTED_EDGE('',*,*,#3701,.F.);
#3703=EDGE_LOOP('',(#3694,#3695,#3696,#3702));
#3704=FACE_BOUND('',#3703,.T.);
#3705=ADVANCED_FACE('',(#3704),#3693,.T.);
#3706=CARTESIAN_POINT('',(-12.5,7.154705877,-5.862822172));
#3707=DIRECTION('',(-1.,0.,-0.));
#3708=DIRECTION('',(-0.,-0.773481716,0.633818613));
#3709=AXIS2_PLACEMENT_3D('',#3706,#3707,#3708);
#3710=CYLINDRICAL_SURFACE('',#3709,0.5);
#3711=ORIENTED_EDGE('',*,*,#595,.T.);
#3712=ORIENTED_EDGE('',*,*,#3701,.T.);
#3713=ORIENTED_EDGE('',*,*,#2002,.F.);
#3714=CARTESIAN_POINT('',(-12.5,6.767965019,-5.545912865));
#3715=DIRECTION('',(1.,0.,0.));
#3716=VECTOR('',#3715,12.);
#3717=LINE('',#3714,#3716);
#3718=EDGE_CURVE('',#589,#1987,#3717,.T.);
#3719=ORIENTED_EDGE('',*,*,#3718,.F.);
#3720=EDGE_LOOP('',(#3711,#3712,#3713,#3719));
#3721=FACE_BOUND('',#3720,.T.);
#3722=ADVANCED_FACE('',(#3721),#3710,.F.);
#3723=CARTESIAN_POINT('',(-12.5,-0.,0.));
#3724=DIRECTION('',(1.,0.,0.));
#3725=DIRECTION('',(0.,0.633818613,-0.773481716));
#3726=AXIS2_PLACEMENT_3D('',#3723,#3724,#3725);
#3727=CYLINDRICAL_SURFACE('',#3726,8.75);
#3728=ORIENTED_EDGE('',*,*,#604,.T.);
#3729=ORIENTED_EDGE('',*,*,#3718,.T.);
#3730=ORIENTED_EDGE('',*,*,#1993,.F.);
#3731=CARTESIAN_POINT('',(-12.5,5.545912865,-6.767965019));
#3732=DIRECTION('',(1.,-0.,0.));
#3733=VECTOR('',#3732,12.);
#3734=LINE('',#3731,#3733);
#3735=EDGE_CURVE('',#598,#1978,#3734,.T.);
#3736=ORIENTED_EDGE('',*,*,#3735,.F.);
#3737=EDGE_LOOP('',(#3728,#3729,#3730,#3736));
#3738=FACE_BOUND('',#3737,.T.);
#3739=ADVANCED_FACE('',(#3738),#3727,.T.);
#3740=CARTESIAN_POINT('',(-12.5,5.862822172,-7.154705877));
#3741=DIRECTION('',(-1.,0.,-0.));
#3742=DIRECTION('',(0.,-0.866025404,-0.5));
#3743=AXIS2_PLACEMENT_3D('',#3740,#3741,#3742);
#3744=CYLINDRICAL_SURFACE('',#3743,0.5);
#3745=ORIENTED_EDGE('',*,*,#613,.T.);
#3746=ORIENTED_EDGE('',*,*,#3735,.T.);
#3747=ORIENTED_EDGE('',*,*,#1984,.F.);
#3748=CARTESIAN_POINT('',(-12.5,5.42980947,-7.404705877));
#3749=DIRECTION('',(1.,0.,0.));
#3750=VECTOR('',#3749,12.);
#3751=LINE('',#3748,#3750);
#3752=EDGE_CURVE('',#607,#1970,#3751,.T.);
#3753=ORIENTED_EDGE('',*,*,#3752,.F.);
#3754=EDGE_LOOP('',(#3745,#3746,#3747,#3753));
#3755=FACE_BOUND('',#3754,.T.);
#3756=ADVANCED_FACE('',(#3755),#3744,.F.);
#3757=CARTESIAN_POINT('',(-12.5,8.454818454,-12.64417513));
#3758=DIRECTION('',(-0.,0.866025404,0.5));
#3759=DIRECTION('',(-0.,-0.5,0.866025404));
#3760=AXIS2_PLACEMENT_3D('',#3757,#3758,#3759);
#3761=PLANE('',#3760);
#3762=ORIENTED_EDGE('',*,*,#621,.T.);
#3763=ORIENTED_EDGE('',*,*,#3752,.T.);
#3764=ORIENTED_EDGE('',*,*,#1975,.F.);
#3765=CARTESIAN_POINT('',(-12.5,8.454818454,-12.64417513));
#3766=DIRECTION('',(1.,-0.,0.));
#3767=VECTOR('',#3766,12.);
#3768=LINE('',#3765,#3767);
#3769=EDGE_CURVE('',#616,#1961,#3768,.T.);
#3770=ORIENTED_EDGE('',*,*,#3769,.F.);
#3771=EDGE_LOOP('',(#3762,#3763,#3764,#3770));
#3772=FACE_BOUND('',#3771,.T.);
#3773=ADVANCED_FACE('',(#3772),#3761,.T.);
#3774=CARTESIAN_POINT('',(-12.5,8.887831155,-12.39417513));
#3775=DIRECTION('',(-1.,0.,-0.));
#3776=DIRECTION('',(0.,0.582750194,-0.812651347));
#3777=AXIS2_PLACEMENT_3D('',#3774,#3775,#3776);
#3778=CYLINDRICAL_SURFACE('',#3777,0.5);
#3779=ORIENTED_EDGE('',*,*,#630,.T.);
#3780=ORIENTED_EDGE('',*,*,#3769,.T.);
#3781=ORIENTED_EDGE('',*,*,#1967,.F.);
#3782=CARTESIAN_POINT('',(-12.5,9.179206252,-12.800500804));
#3783=DIRECTION('',(1.,-0.,0.));
#3784=VECTOR('',#3783,12.);
#3785=LINE('',#3782,#3784);
#3786=EDGE_CURVE('',#624,#1952,#3785,.T.);
#3787=ORIENTED_EDGE('',*,*,#3786,.F.);
#3788=EDGE_LOOP('',(#3779,#3780,#3781,#3787));
#3789=FACE_BOUND('',#3788,.T.);
#3790=ADVANCED_FACE('',(#3789),#3778,.F.);
#3791=CARTESIAN_POINT('',(-12.5,-0.,0.));
#3792=DIRECTION('',(-1.,-0.,-0.));
#3793=DIRECTION('',(0.,0.648762589,-0.760990869));
#3794=AXIS2_PLACEMENT_3D('',#3791,#3792,#3793);
#3795=CYLINDRICAL_SURFACE('',#3794,15.751528442);
#3796=ORIENTED_EDGE('',*,*,#639,.T.);
#3797=ORIENTED_EDGE('',*,*,#3786,.T.);
#3798=ORIENTED_EDGE('',*,*,#1958,.F.);
#3799=CARTESIAN_POINT('',(-12.5,10.21900237,-11.986769323));
#3800=DIRECTION('',(1.,0.,0.));
#3801=VECTOR('',#3800,12.);
#3802=LINE('',#3799,#3801);
#3803=EDGE_CURVE('',#633,#1944,#3802,.T.);
#3804=ORIENTED_EDGE('',*,*,#3803,.F.);
#3805=EDGE_LOOP('',(#3796,#3797,#3798,#3804));
#3806=FACE_BOUND('',#3805,.T.);
#3807=ADVANCED_FACE('',(#3806),#3795,.F.);
#3808=CARTESIAN_POINT('',(-12.5,10.572555761,-12.340322714));
#3809=DIRECTION('',(-0.,0.707106781,0.707106781));
#3810=DIRECTION('',(-0.,-0.707106781,0.707106781));
#3811=AXIS2_PLACEMENT_3D('',#3808,#3809,#3810);
#3812=PLANE('',#3811);
#3813=ORIENTED_EDGE('',*,*,#647,.T.);
#3814=ORIENTED_EDGE('',*,*,#3803,.T.);
#3815=ORIENTED_EDGE('',*,*,#1949,.F.);
#3816=CARTESIAN_POINT('',(-12.5,10.572555761,-12.340322714));
#3817=DIRECTION('',(1.,0.,0.));
#3818=VECTOR('',#3817,12.);
#3819=LINE('',#3816,#3818);
#3820=EDGE_CURVE('',#642,#1935,#3819,.T.);
#3821=ORIENTED_EDGE('',*,*,#3820,.F.);
#3822=EDGE_LOOP('',(#3813,#3814,#3815,#3821));
#3823=FACE_BOUND('',#3822,.T.);
#3824=ADVANCED_FACE('',(#3823),#3812,.T.);
#3825=CARTESIAN_POINT('',(-12.5,-0.,0.));
#3826=DIRECTION('',(1.,0.,0.));
#3827=DIRECTION('',(0.,0.332354159,-0.94315466));
#3828=AXIS2_PLACEMENT_3D('',#3825,#3826,#3827);
#3829=CYLINDRICAL_SURFACE('',#3828,16.25);
#3830=ORIENTED_EDGE('',*,*,#656,.T.);
#3831=ORIENTED_EDGE('',*,*,#3820,.T.);
#3832=ORIENTED_EDGE('',*,*,#1941,.F.);
#3833=CARTESIAN_POINT('',(-12.5,5.400755081,-15.326263229));
#3834=DIRECTION('',(1.,-0.,0.));
#3835=VECTOR('',#3834,12.);
#3836=LINE('',#3833,#3835);
#3837=EDGE_CURVE('',#650,#1927,#3836,.T.);
#3838=ORIENTED_EDGE('',*,*,#3837,.F.);
#3839=EDGE_LOOP('',(#3830,#3831,#3832,#3838));
#3840=FACE_BOUND('',#3839,.T.);
#3841=ADVANCED_FACE('',(#3840),#3829,.T.);
#3842=CARTESIAN_POINT('',(-12.5,5.271345558,-14.843300316));
#3843=DIRECTION('',(0.,-0.965925826,-0.258819045));
#3844=DIRECTION('',(0.,0.258819045,-0.965925826));
#3845=AXIS2_PLACEMENT_3D('',#3842,#3843,#3844);
#3846=PLANE('',#3845);
#3847=ORIENTED_EDGE('',*,*,#664,.T.);
#3848=ORIENTED_EDGE('',*,*,#3837,.T.);
#3849=ORIENTED_EDGE('',*,*,#1932,.F.);
#3850=CARTESIAN_POINT('',(-12.5,5.271345558,-14.843300316));
#3851=DIRECTION('',(1.,-0.,0.));
#3852=VECTOR('',#3851,12.);
#3853=LINE('',#3850,#3852);
#3854=EDGE_CURVE('',#659,#1918,#3853,.T.);
#3855=ORIENTED_EDGE('',*,*,#3854,.F.);
#3856=EDGE_LOOP('',(#3847,#3848,#3849,#3855));
#3857=FACE_BOUND('',#3856,.T.);
#3858=ADVANCED_FACE('',(#3857),#3846,.T.);
#3859=CARTESIAN_POINT('',(-12.5,-0.,0.));
#3860=DIRECTION('',(-1.,0.,-0.));
#3861=DIRECTION('',(0.,0.412401614,-0.911002145));
#3862=AXIS2_PLACEMENT_3D('',#3859,#3860,#3861);
#3863=CYLINDRICAL_SURFACE('',#3862,15.751528442);
#3864=ORIENTED_EDGE('',*,*,#673,.T.);
#3865=ORIENTED_EDGE('',*,*,#3854,.T.);
#3866=ORIENTED_EDGE('',*,*,#1924,.F.);
#3867=CARTESIAN_POINT('',(-12.5,6.495955751,-14.349676203));
#3868=DIRECTION('',(1.,0.,0.));
#3869=VECTOR('',#3868,12.);
#3870=LINE('',#3867,#3869);
#3871=EDGE_CURVE('',#667,#1909,#3870,.T.);
#3872=ORIENTED_EDGE('',*,*,#3871,.F.);
#3873=EDGE_LOOP('',(#3864,#3865,#3866,#3872));
#3874=FACE_BOUND('',#3873,.T.);
#3875=ADVANCED_FACE('',(#3874),#3863,.F.);
#3876=CARTESIAN_POINT('',(-12.5,6.289754944,-13.89417513));
#3877=DIRECTION('',(-1.,-0.,-0.));
#3878=DIRECTION('',(-0.,0.866025404,0.5));
#3879=AXIS2_PLACEMENT_3D('',#3876,#3877,#3878);
#3880=CYLINDRICAL_SURFACE('',#3879,0.5);
#3881=ORIENTED_EDGE('',*,*,#682,.T.);
#3882=ORIENTED_EDGE('',*,*,#3871,.T.);
#3883=ORIENTED_EDGE('',*,*,#1915,.F.);
#3884=CARTESIAN_POINT('',(-12.5,6.722767646,-13.64417513));
#3885=DIRECTION('',(1.,-0.,0.));
#3886=VECTOR('',#3885,12.);
#3887=LINE('',#3884,#3886);
#3888=EDGE_CURVE('',#676,#1901,#3887,.T.);
#3889=ORIENTED_EDGE('',*,*,#3888,.F.);
#3890=EDGE_LOOP('',(#3881,#3882,#3883,#3889));
#3891=FACE_BOUND('',#3890,.T.);
#3892=ADVANCED_FACE('',(#3891),#3880,.F.);
#3893=CARTESIAN_POINT('',(-12.5,3.697758662,-8.404705877));
#3894=DIRECTION('',(0.,-0.866025404,-0.5));
#3895=DIRECTION('',(0.,0.5,-0.866025404));
#3896=AXIS2_PLACEMENT_3D('',#3893,#3894,#3895);
#3897=PLANE('',#3896);
#3898=ORIENTED_EDGE('',*,*,#690,.T.);
#3899=ORIENTED_EDGE('',*,*,#3888,.T.);
#3900=ORIENTED_EDGE('',*,*,#1906,.F.);
#3901=CARTESIAN_POINT('',(-12.5,3.697758662,-8.404705877));
#3902=DIRECTION('',(1.,-0.,0.));
#3903=VECTOR('',#3902,12.);
#3904=LINE('',#3901,#3903);
#3905=EDGE_CURVE('',#685,#1892,#3904,.T.);
#3906=ORIENTED_EDGE('',*,*,#3905,.F.);
#3907=EDGE_LOOP('',(#3898,#3899,#3900,#3906));
#3908=FACE_BOUND('',#3907,.T.);
#3909=ADVANCED_FACE('',(#3908),#3897,.T.);
#3910=CARTESIAN_POINT('',(-12.5,3.26474596,-8.654705877));
#3911=DIRECTION('',(-1.,0.,-0.));
#3912=DIRECTION('',(-0.,-0.352945509,0.935643879));
#3913=AXIS2_PLACEMENT_3D('',#3910,#3911,#3912);
#3914=CYLINDRICAL_SURFACE('',#3913,0.5);
#3915=ORIENTED_EDGE('',*,*,#699,.T.);
#3916=ORIENTED_EDGE('',*,*,#3905,.T.);
#3917=ORIENTED_EDGE('',*,*,#1898,.F.);
#3918=CARTESIAN_POINT('',(-12.5,3.088273206,-8.186883938));
#3919=DIRECTION('',(1.,-0.,0.));
#3920=VECTOR('',#3919,12.);
#3921=LINE('',#3918,#3920);
#3922=EDGE_CURVE('',#693,#1883,#3921,.T.);
#3923=ORIENTED_EDGE('',*,*,#3922,.F.);
#3924=EDGE_LOOP('',(#3915,#3916,#3917,#3923));
#3925=FACE_BOUND('',#3924,.T.);
#3926=ADVANCED_FACE('',(#3925),#3914,.F.);
#3927=CARTESIAN_POINT('',(-12.5,-0.,0.));
#3928=DIRECTION('',(1.,-0.,0.));
#3929=DIRECTION('',(0.,0.162162162,-0.986764122));
#3930=AXIS2_PLACEMENT_3D('',#3927,#3928,#3929);
#3931=CYLINDRICAL_SURFACE('',#3930,8.75);
#3932=ORIENTED_EDGE('',*,*,#708,.T.);
#3933=ORIENTED_EDGE('',*,*,#3922,.T.);
#3934=ORIENTED_EDGE('',*,*,#1889,.F.);
#3935=CARTESIAN_POINT('',(-12.5,1.418918919,-8.634186071));
#3936=DIRECTION('',(1.,-0.,0.));
#3937=VECTOR('',#3936,12.);
#3938=LINE('',#3935,#3937);
#3939=EDGE_CURVE('',#702,#1874,#3938,.T.);
#3940=ORIENTED_EDGE('',*,*,#3939,.F.);
#3941=EDGE_LOOP('',(#3932,#3933,#3934,#3940));
#3942=FACE_BOUND('',#3941,.T.);
#3943=ADVANCED_FACE('',(#3942),#3931,.T.);
#3944=CARTESIAN_POINT('',(-12.5,1.5,-9.127568132));
#3945=DIRECTION('',(-1.,0.,-0.));
#3946=DIRECTION('',(0.,-1.,-0.));
#3947=AXIS2_PLACEMENT_3D('',#3944,#3945,#3946);
#3948=CYLINDRICAL_SURFACE('',#3947,0.5);
#3949=ORIENTED_EDGE('',*,*,#717,.T.);
#3950=ORIENTED_EDGE('',*,*,#3939,.T.);
#3951=ORIENTED_EDGE('',*,*,#1880,.F.);
#3952=CARTESIAN_POINT('',(-12.5,1.,-9.127568132));
#3953=DIRECTION('',(1.,-0.,0.));
#3954=VECTOR('',#3953,12.);
#3955=LINE('',#3952,#3954);
#3956=EDGE_CURVE('',#711,#1866,#3955,.T.);
#3957=ORIENTED_EDGE('',*,*,#3956,.F.);
#3958=EDGE_LOOP('',(#3949,#3950,#3951,#3957));
#3959=FACE_BOUND('',#3958,.T.);
#3960=ADVANCED_FACE('',(#3959),#3948,.F.);
#3961=CARTESIAN_POINT('',(-12.5,1.,-15.1775861));
#3962=DIRECTION('',(-0.,1.,0.));
#3963=DIRECTION('',(-0.,-0.,1.));
#3964=AXIS2_PLACEMENT_3D('',#3961,#3962,#3963);
#3965=PLANE('',#3964);
#3966=ORIENTED_EDGE('',*,*,#725,.T.);
#3967=ORIENTED_EDGE('',*,*,#3956,.T.);
#3968=ORIENTED_EDGE('',*,*,#1871,.F.);
#3969=CARTESIAN_POINT('',(-12.5,1.,-15.1775861));
#3970=DIRECTION('',(1.,0.,0.));
#3971=VECTOR('',#3970,12.);
#3972=LINE('',#3969,#3971);
#3973=EDGE_CURVE('',#720,#1857,#3972,.T.);
#3974=ORIENTED_EDGE('',*,*,#3973,.F.);
#3975=EDGE_LOOP('',(#3966,#3967,#3968,#3974));
#3976=FACE_BOUND('',#3975,.T.);
#3977=ADVANCED_FACE('',(#3976),#3965,.T.);
#3978=CARTESIAN_POINT('',(-12.5,1.5,-15.1775861));
#3979=DIRECTION('',(-1.,-0.,-0.));
#3980=DIRECTION('',(0.,0.098350798,-0.995151808));
#3981=AXIS2_PLACEMENT_3D('',#3978,#3979,#3980);
#3982=CYLINDRICAL_SURFACE('',#3981,0.5);
#3983=ORIENTED_EDGE('',*,*,#734,.T.);
#3984=ORIENTED_EDGE('',*,*,#3973,.T.);
#3985=ORIENTED_EDGE('',*,*,#1863,.F.);
#3986=CARTESIAN_POINT('',(-12.5,1.549175399,-15.675162004));
#3987=DIRECTION('',(1.,0.,0.));
#3988=VECTOR('',#3987,12.);
#3989=LINE('',#3986,#3988);
#3990=EDGE_CURVE('',#728,#1848,#3989,.T.);
#3991=ORIENTED_EDGE('',*,*,#3990,.F.);
#3992=EDGE_LOOP('',(#3983,#3984,#3985,#3991));
#3993=FACE_BOUND('',#3992,.T.);
#3994=ADVANCED_FACE('',(#3993),#3982,.F.);
#3995=CARTESIAN_POINT('',(-12.5,-0.,0.));
#3996=DIRECTION('',(-1.,-0.,-0.));
#3997=DIRECTION('',(0.,0.181349448,-0.983418719));
#3998=AXIS2_PLACEMENT_3D('',#3995,#3996,#3997);
#3999=CYLINDRICAL_SURFACE('',#3998,15.751528442);
#4000=ORIENTED_EDGE('',*,*,#743,.T.);
#4001=ORIENTED_EDGE('',*,*,#3990,.T.);
#4002=ORIENTED_EDGE('',*,*,#1854,.F.);
#4003=CARTESIAN_POINT('',(-12.5,2.856530992,-15.490347928));
#4004=DIRECTION('',(1.,-0.,0.));
#4005=VECTOR('',#4004,12.);
#4006=LINE('',#4003,#4005);
#4007=EDGE_CURVE('',#737,#1840,#4006,.T.);
#4008=ORIENTED_EDGE('',*,*,#4007,.F.);
#4009=EDGE_LOOP('',(#4000,#4001,#4002,#4008));
#4010=FACE_BOUND('',#4009,.T.);
#4011=ADVANCED_FACE('',(#4010),#3999,.F.);
#4012=CARTESIAN_POINT('',(-12.5,2.985940515,-15.973310842));
#4013=DIRECTION('',(-0.,0.965925826,0.258819045));
#4014=DIRECTION('',(-0.,-0.258819045,0.965925826));
#4015=AXIS2_PLACEMENT_3D('',#4012,#4013,#4014);
#4016=PLANE('',#4015);
#4017=ORIENTED_EDGE('',*,*,#751,.T.);
#4018=ORIENTED_EDGE('',*,*,#4007,.T.);
#4019=ORIENTED_EDGE('',*,*,#1845,.F.);
#4020=CARTESIAN_POINT('',(-12.5,2.985940515,-15.973310842));
#4021=DIRECTION('',(1.,0.,0.));
#4022=VECTOR('',#4021,12.);
#4023=LINE('',#4020,#4022);
#4024=EDGE_CURVE('',#746,#1831,#4023,.T.);
#4025=ORIENTED_EDGE('',*,*,#4024,.F.);
#4026=EDGE_LOOP('',(#4017,#4018,#4019,#4025));
#4027=FACE_BOUND('',#4026,.T.);
#4028=ADVANCED_FACE('',(#4027),#4016,.T.);
#4029=CARTESIAN_POINT('',(-12.5,-0.,0.));
#4030=DIRECTION('',(1.,-0.,0.));
#4031=DIRECTION('',(0.,-0.183750186,-0.982972975));
#4032=AXIS2_PLACEMENT_3D('',#4029,#4030,#4031);
#4033=CYLINDRICAL_SURFACE('',#4032,16.25);
#4034=ORIENTED_EDGE('',*,*,#760,.T.);
#4035=ORIENTED_EDGE('',*,*,#4024,.T.);
#4036=ORIENTED_EDGE('',*,*,#1837,.F.);
#4037=CARTESIAN_POINT('',(-12.5,-2.985940515,-15.973310842));
#4038=DIRECTION('',(1.,0.,0.));
#4039=VECTOR('',#4038,12.);
#4040=LINE('',#4037,#4039);
#4041=EDGE_CURVE('',#754,#1823,#4040,.T.);
#4042=ORIENTED_EDGE('',*,*,#4041,.F.);
#4043=EDGE_LOOP('',(#4034,#4035,#4036,#4042));
#4044=FACE_BOUND('',#4043,.T.);
#4045=ADVANCED_FACE('',(#4044),#4033,.T.);
#4046=CARTESIAN_POINT('',(-12.5,-2.856530992,-15.490347928));
#4047=DIRECTION('',(-0.,-0.965925826,0.258819045));
#4048=DIRECTION('',(0.,-0.258819045,-0.965925826));
#4049=AXIS2_PLACEMENT_3D('',#4046,#4047,#4048);
#4050=PLANE('',#4049);
#4051=ORIENTED_EDGE('',*,*,#768,.T.);
#4052=ORIENTED_EDGE('',*,*,#4041,.T.);
#4053=ORIENTED_EDGE('',*,*,#1828,.F.);
#4054=CARTESIAN_POINT('',(-12.5,-2.856530992,-15.490347928));
#4055=DIRECTION('',(1.,-0.,0.));
#4056=VECTOR('',#4055,12.);
#4057=LINE('',#4054,#4056);
#4058=EDGE_CURVE('',#763,#1814,#4057,.T.);
#4059=ORIENTED_EDGE('',*,*,#4058,.F.);
#4060=EDGE_LOOP('',(#4051,#4052,#4053,#4059));
#4061=FACE_BOUND('',#4060,.T.);
#4062=ADVANCED_FACE('',(#4061),#4050,.T.);
#4063=CARTESIAN_POINT('',(-12.5,-0.,0.));
#4064=DIRECTION('',(-1.,0.,-0.));
#4065=DIRECTION('',(0.,-0.098350798,-0.995151808));
#4066=AXIS2_PLACEMENT_3D('',#4063,#4064,#4065);
#4067=CYLINDRICAL_SURFACE('',#4066,15.751528442);
#4068=ORIENTED_EDGE('',*,*,#777,.T.);
#4069=ORIENTED_EDGE('',*,*,#4058,.T.);
#4070=ORIENTED_EDGE('',*,*,#1820,.F.);
#4071=CARTESIAN_POINT('',(-12.5,-1.549175399,-15.675162004));
#4072=DIRECTION('',(1.,-0.,0.));
#4073=VECTOR('',#4072,12.);
#4074=LINE('',#4071,#4073);
#4075=EDGE_CURVE('',#771,#1805,#4074,.T.);
#4076=ORIENTED_EDGE('',*,*,#4075,.F.);
#4077=EDGE_LOOP('',(#4068,#4069,#4070,#4076));
#4078=FACE_BOUND('',#4077,.T.);
#4079=ADVANCED_FACE('',(#4078),#4067,.F.);
#4080=CARTESIAN_POINT('',(-12.5,-1.5,-15.1775861));
#4081=DIRECTION('',(-1.,0.,-0.));
#4082=DIRECTION('',(-0.,1.,0.));
#4083=AXIS2_PLACEMENT_3D('',#4080,#4081,#4082);
#4084=CYLINDRICAL_SURFACE('',#4083,0.5);
#4085=ORIENTED_EDGE('',*,*,#786,.T.);
#4086=ORIENTED_EDGE('',*,*,#4075,.T.);
#4087=ORIENTED_EDGE('',*,*,#1811,.F.);
#4088=CARTESIAN_POINT('',(-12.5,-1.,-15.1775861));
#4089=DIRECTION('',(1.,-0.,0.));
#4090=VECTOR('',#4089,12.);
#4091=LINE('',#4088,#4090);
#4092=EDGE_CURVE('',#780,#1797,#4091,.T.);
#4093=ORIENTED_EDGE('',*,*,#4092,.F.);
#4094=EDGE_LOOP('',(#4085,#4086,#4087,#4093));
#4095=FACE_BOUND('',#4094,.T.);
#4096=ADVANCED_FACE('',(#4095),#4084,.F.);
#4097=CARTESIAN_POINT('',(-12.5,-1.,-9.127568132));
#4098=DIRECTION('',(0.,-1.,-0.));
#4099=DIRECTION('',(0.,0.,-1.));
#4100=AXIS2_PLACEMENT_3D('',#4097,#4098,#4099);
#4101=PLANE('',#4100);
#4102=ORIENTED_EDGE('',*,*,#794,.T.);
#4103=ORIENTED_EDGE('',*,*,#4092,.T.);
#4104=ORIENTED_EDGE('',*,*,#1802,.F.);
#4105=CARTESIAN_POINT('',(-12.5,-1.,-9.127568132));
#4106=DIRECTION('',(1.,-0.,0.));
#4107=VECTOR('',#4106,12.);
#4108=LINE('',#4105,#4107);
#4109=EDGE_CURVE('',#789,#1788,#4108,.T.);
#4110=ORIENTED_EDGE('',*,*,#4109,.F.);
#4111=EDGE_LOOP('',(#4102,#4103,#4104,#4110));
#4112=FACE_BOUND('',#4111,.T.);
#4113=ADVANCED_FACE('',(#4112),#4101,.T.);
#4114=CARTESIAN_POINT('',(-12.5,-1.5,-9.127568132));
#4115=DIRECTION('',(-1.,0.,-0.));
#4116=DIRECTION('',(-0.,0.162162162,0.986764122));
#4117=AXIS2_PLACEMENT_3D('',#4114,#4115,#4116);
#4118=CYLINDRICAL_SURFACE('',#4117,0.5);
#4119=ORIENTED_EDGE('',*,*,#803,.T.);
#4120=ORIENTED_EDGE('',*,*,#4109,.T.);
#4121=ORIENTED_EDGE('',*,*,#1794,.F.);
#4122=CARTESIAN_POINT('',(-12.5,-1.418918919,-8.634186071));
#4123=DIRECTION('',(1.,0.,0.));
#4124=VECTOR('',#4123,12.);
#4125=LINE('',#4122,#4124);
#4126=EDGE_CURVE('',#797,#1779,#4125,.T.);
#4127=ORIENTED_EDGE('',*,*,#4126,.F.);
#4128=EDGE_LOOP('',(#4119,#4120,#4121,#4127));
#4129=FACE_BOUND('',#4128,.T.);
#4130=ADVANCED_FACE('',(#4129),#4118,.F.);
#4131=CARTESIAN_POINT('',(-12.5,-0.,0.));
#4132=DIRECTION('',(1.,0.,0.));
#4133=DIRECTION('',(0.,-0.352945509,-0.935643879));
#4134=AXIS2_PLACEMENT_3D('',#4131,#4132,#4133);
#4135=CYLINDRICAL_SURFACE('',#4134,8.75);
#4136=ORIENTED_EDGE('',*,*,#812,.T.);
#4137=ORIENTED_EDGE('',*,*,#4126,.T.);
#4138=ORIENTED_EDGE('',*,*,#1785,.F.);
#4139=CARTESIAN_POINT('',(-12.5,-3.088273206,-8.186883938));
#4140=DIRECTION('',(1.,-0.,0.));
#4141=VECTOR('',#4140,12.);
#4142=LINE('',#4139,#4141);
#4143=EDGE_CURVE('',#806,#1770,#4142,.T.);
#4144=ORIENTED_EDGE('',*,*,#4143,.F.);
#4145=EDGE_LOOP('',(#4136,#4137,#4138,#4144));
#4146=FACE_BOUND('',#4145,.T.);
#4147=ADVANCED_FACE('',(#4146),#4135,.T.);
#4148=CARTESIAN_POINT('',(-12.5,-3.26474596,-8.654705877));
#4149=DIRECTION('',(-1.,0.,-0.));
#4150=DIRECTION('',(-0.,-0.866025404,0.5));
#4151=AXIS2_PLACEMENT_3D('',#4148,#4149,#4150);
#4152=CYLINDRICAL_SURFACE('',#4151,0.5);
#4153=ORIENTED_EDGE('',*,*,#821,.T.);
#4154=ORIENTED_EDGE('',*,*,#4143,.T.);
#4155=ORIENTED_EDGE('',*,*,#1776,.F.);
#4156=CARTESIAN_POINT('',(-12.5,-3.697758662,-8.404705877));
#4157=DIRECTION('',(1.,0.,0.));
#4158=VECTOR('',#4157,12.);
#4159=LINE('',#4156,#4158);
#4160=EDGE_CURVE('',#815,#1762,#4159,.T.);
#4161=ORIENTED_EDGE('',*,*,#4160,.F.);
#4162=EDGE_LOOP('',(#4153,#4154,#4155,#4161));
#4163=FACE_BOUND('',#4162,.T.);
#4164=ADVANCED_FACE('',(#4163),#4152,.F.);
#4165=CARTESIAN_POINT('',(-12.5,-6.722767646,-13.64417513));
#4166=DIRECTION('',(0.,0.866025404,-0.5));
#4167=DIRECTION('',(-0.,0.5,0.866025404));
#4168=AXIS2_PLACEMENT_3D('',#4165,#4166,#4167);
#4169=PLANE('',#4168);
#4170=ORIENTED_EDGE('',*,*,#829,.T.);
#4171=ORIENTED_EDGE('',*,*,#4160,.T.);
#4172=ORIENTED_EDGE('',*,*,#1767,.F.);
#4173=CARTESIAN_POINT('',(-12.5,-6.722767646,-13.64417513));
#4174=DIRECTION('',(1.,-0.,0.));
#4175=VECTOR('',#4174,12.);
#4176=LINE('',#4173,#4175);
#4177=EDGE_CURVE('',#824,#1753,#4176,.T.);
#4178=ORIENTED_EDGE('',*,*,#4177,.F.);
#4179=EDGE_LOOP('',(#4170,#4171,#4172,#4178));
#4180=FACE_BOUND('',#4179,.T.);
#4181=ADVANCED_FACE('',(#4180),#4169,.T.);
#4182=CARTESIAN_POINT('',(-12.5,-6.289754944,-13.89417513));
#4183=DIRECTION('',(-1.,-0.,-0.));
#4184=DIRECTION('',(0.,-0.412401614,-0.911002145));
#4185=AXIS2_PLACEMENT_3D('',#4182,#4183,#4184);
#4186=CYLINDRICAL_SURFACE('',#4185,0.5);
#4187=ORIENTED_EDGE('',*,*,#838,.T.);
#4188=ORIENTED_EDGE('',*,*,#4177,.T.);
#4189=ORIENTED_EDGE('',*,*,#1759,.F.);
#4190=CARTESIAN_POINT('',(-12.5,-6.495955751,-14.349676203));
#4191=DIRECTION('',(1.,-0.,0.));
#4192=VECTOR('',#4191,12.);
#4193=LINE('',#4190,#4192);
#4194=EDGE_CURVE('',#832,#1744,#4193,.T.);
#4195=ORIENTED_EDGE('',*,*,#4194,.F.);
#4196=EDGE_LOOP('',(#4187,#4188,#4189,#4195));
#4197=FACE_BOUND('',#4196,.T.);
#4198=ADVANCED_FACE('',(#4197),#4186,.F.);
#4199=CARTESIAN_POINT('',(-12.5,-0.,0.));
#4200=DIRECTION('',(-1.,-0.,-0.));
#4201=DIRECTION('',(0.,-0.334656131,-0.942340318));
#4202=AXIS2_PLACEMENT_3D('',#4199,#4200,#4201);
#4203=CYLINDRICAL_SURFACE('',#4202,15.751528442);
#4204=ORIENTED_EDGE('',*,*,#847,.T.);
#4205=ORIENTED_EDGE('',*,*,#4194,.T.);
#4206=ORIENTED_EDGE('',*,*,#1750,.F.);
#4207=CARTESIAN_POINT('',(-12.5,-5.271345558,-14.843300316));
#4208=DIRECTION('',(1.,0.,0.));
#4209=VECTOR('',#4208,12.);
#4210=LINE('',#4207,#4209);
#4211=EDGE_CURVE('',#841,#1736,#4210,.T.);
#4212=ORIENTED_EDGE('',*,*,#4211,.F.);
#4213=EDGE_LOOP('',(#4204,#4205,#4206,#4212));
#4214=FACE_BOUND('',#4213,.T.);
#4215=ADVANCED_FACE('',(#4214),#4203,.F.);
#4216=CARTESIAN_POINT('',(-12.5,-5.400755081,-15.326263229));
#4217=DIRECTION('',(0.,0.965925826,-0.258819045));
#4218=DIRECTION('',(-0.,0.258819045,0.965925826));
#4219=AXIS2_PLACEMENT_3D('',#4216,#4217,#4218);
#4220=PLANE('',#4219);
#4221=ORIENTED_EDGE('',*,*,#855,.T.);
#4222=ORIENTED_EDGE('',*,*,#4211,.T.);
#4223=ORIENTED_EDGE('',*,*,#1741,.F.);
#4224=CARTESIAN_POINT('',(-12.5,-5.400755081,-15.326263229));
#4225=DIRECTION('',(1.,0.,0.));
#4226=VECTOR('',#4225,12.);
#4227=LINE('',#4224,#4226);
#4228=EDGE_CURVE('',#850,#1727,#4227,.T.);
#4229=ORIENTED_EDGE('',*,*,#4228,.F.);
#4230=EDGE_LOOP('',(#4221,#4222,#4223,#4229));
#4231=FACE_BOUND('',#4230,.T.);
#4232=ADVANCED_FACE('',(#4231),#4220,.T.);
#4233=CARTESIAN_POINT('',(-12.5,-0.,0.));
#4234=DIRECTION('',(1.,0.,0.));
#4235=DIRECTION('',(0.,-0.650618816,-0.759404475));
#4236=AXIS2_PLACEMENT_3D('',#4233,#4234,#4235);
#4237=CYLINDRICAL_SURFACE('',#4236,16.25);
#4238=ORIENTED_EDGE('',*,*,#864,.T.);
#4239=ORIENTED_EDGE('',*,*,#4228,.T.);
#4240=ORIENTED_EDGE('',*,*,#1733,.F.);
#4241=CARTESIAN_POINT('',(-12.5,-10.572555761,-12.340322714));
#4242=DIRECTION('',(1.,0.,0.));
#4243=VECTOR('',#4242,12.);
#4244=LINE('',#4241,#4243);
#4245=EDGE_CURVE('',#858,#1719,#4244,.T.);
#4246=ORIENTED_EDGE('',*,*,#4245,.F.);
#4247=EDGE_LOOP('',(#4238,#4239,#4240,#4246));
#4248=FACE_BOUND('',#4247,.T.);
#4249=ADVANCED_FACE('',(#4248),#4237,.T.);
#4250=CARTESIAN_POINT('',(-12.5,-10.21900237,-11.986769323));
#4251=DIRECTION('',(-0.,-0.707106781,0.707106781));
#4252=DIRECTION('',(0.,-0.707106781,-0.707106781));
#4253=AXIS2_PLACEMENT_3D('',#4250,#4251,#4252);
#4254=PLANE('',#4253);
#4255=ORIENTED_EDGE('',*,*,#872,.T.);
#4256=ORIENTED_EDGE('',*,*,#4245,.T.);
#4257=ORIENTED_EDGE('',*,*,#1724,.F.);
#4258=CARTESIAN_POINT('',(-12.5,-10.21900237,-11.986769323));
#4259=DIRECTION('',(1.,-0.,0.));
#4260=VECTOR('',#4259,12.);
#4261=LINE('',#4258,#4260);
#4262=EDGE_CURVE('',#867,#1710,#4261,.T.);
#4263=ORIENTED_EDGE('',*,*,#4262,.F.);
#4264=EDGE_LOOP('',(#4255,#4256,#4257,#4263));
#4265=FACE_BOUND('',#4264,.T.);
#4266=ADVANCED_FACE('',(#4265),#4254,.T.);
#4267=CARTESIAN_POINT('',(-12.5,-0.,0.));
#4268=DIRECTION('',(-1.,0.,-0.));
#4269=DIRECTION('',(0.,-0.582750194,-0.812651347));
#4270=AXIS2_PLACEMENT_3D('',#4267,#4268,#4269);
#4271=CYLINDRICAL_SURFACE('',#4270,15.751528442);
#4272=ORIENTED_EDGE('',*,*,#881,.T.);
#4273=ORIENTED_EDGE('',*,*,#4262,.T.);
#4274=ORIENTED_EDGE('',*,*,#1716,.F.);
#4275=CARTESIAN_POINT('',(-12.5,-9.179206252,-12.800500804));
#4276=DIRECTION('',(1.,-0.,0.));
#4277=VECTOR('',#4276,12.);
#4278=LINE('',#4275,#4277);
#4279=EDGE_CURVE('',#875,#1701,#4278,.T.);
#4280=ORIENTED_EDGE('',*,*,#4279,.F.);
#4281=EDGE_LOOP('',(#4272,#4273,#4274,#4280));
#4282=FACE_BOUND('',#4281,.T.);
#4283=ADVANCED_FACE('',(#4282),#4271,.F.);
#4284=CARTESIAN_POINT('',(-12.5,-8.887831155,-12.39417513));
#4285=DIRECTION('',(-1.,0.,-0.));
#4286=DIRECTION('',(0.,0.866025404,-0.5));
#4287=AXIS2_PLACEMENT_3D('',#4284,#4285,#4286);
#4288=CYLINDRICAL_SURFACE('',#4287,0.5);
#4289=ORIENTED_EDGE('',*,*,#890,.T.);
#4290=ORIENTED_EDGE('',*,*,#4279,.T.);
#4291=ORIENTED_EDGE('',*,*,#1707,.F.);
#4292=CARTESIAN_POINT('',(-12.5,-8.454818454,-12.64417513));
#4293=DIRECTION('',(1.,0.,0.));
#4294=VECTOR('',#4293,12.);
#4295=LINE('',#4292,#4294);
#4296=EDGE_CURVE('',#884,#1693,#4295,.T.);
#4297=ORIENTED_EDGE('',*,*,#4296,.F.);
#4298=EDGE_LOOP('',(#4289,#4290,#4291,#4297));
#4299=FACE_BOUND('',#4298,.T.);
#4300=ADVANCED_FACE('',(#4299),#4288,.F.);
#4301=CARTESIAN_POINT('',(-12.5,-5.42980947,-7.404705877));
#4302=DIRECTION('',(-0.,-0.866025404,0.5));
#4303=DIRECTION('',(0.,-0.5,-0.866025404));
#4304=AXIS2_PLACEMENT_3D('',#4301,#4302,#4303);
#4305=PLANE('',#4304);
#4306=ORIENTED_EDGE('',*,*,#898,.T.);
#4307=ORIENTED_EDGE('',*,*,#4296,.T.);
#4308=ORIENTED_EDGE('',*,*,#1698,.F.);
#4309=CARTESIAN_POINT('',(-12.5,-5.42980947,-7.404705877));
#4310=DIRECTION('',(1.,-0.,0.));
#4311=VECTOR('',#4310,12.);
#4312=LINE('',#4309,#4311);
#4313=EDGE_CURVE('',#893,#1684,#4312,.T.);
#4314=ORIENTED_EDGE('',*,*,#4313,.F.);
#4315=EDGE_LOOP('',(#4306,#4307,#4308,#4314));
#4316=FACE_BOUND('',#4315,.T.);
#4317=ADVANCED_FACE('',(#4316),#4305,.T.);
#4318=CARTESIAN_POINT('',(-12.5,-5.862822172,-7.154705877));
#4319=DIRECTION('',(-1.,0.,-0.));
#4320=DIRECTION('',(-0.,0.633818613,0.773481716));
#4321=AXIS2_PLACEMENT_3D('',#4318,#4319,#4320);
#4322=CYLINDRICAL_SURFACE('',#4321,0.5);
#4323=ORIENTED_EDGE('',*,*,#907,.T.);
#4324=ORIENTED_EDGE('',*,*,#4313,.T.);
#4325=ORIENTED_EDGE('',*,*,#1690,.F.);
#4326=CARTESIAN_POINT('',(-12.5,-5.545912865,-6.767965019));
#4327=DIRECTION('',(1.,0.,0.));
#4328=VECTOR('',#4327,12.);
#4329=LINE('',#4326,#4328);
#4330=EDGE_CURVE('',#901,#1675,#4329,.T.);
#4331=ORIENTED_EDGE('',*,*,#4330,.F.);
#4332=EDGE_LOOP('',(#4323,#4324,#4325,#4331));
#4333=FACE_BOUND('',#4332,.T.);
#4334=ADVANCED_FACE('',(#4333),#4322,.F.);
#4335=CARTESIAN_POINT('',(-12.5,-0.,0.));
#4336=DIRECTION('',(1.,0.,0.));
#4337=DIRECTION('',(0.,-0.773481716,-0.633818613));
#4338=AXIS2_PLACEMENT_3D('',#4335,#4336,#4337);
#4339=CYLINDRICAL_SURFACE('',#4338,8.75);
#4340=ORIENTED_EDGE('',*,*,#916,.T.);
#4341=ORIENTED_EDGE('',*,*,#4330,.T.);
#4342=ORIENTED_EDGE('',*,*,#1681,.F.);
#4343=CARTESIAN_POINT('',(-12.5,-6.767965019,-5.545912865));
#4344=DIRECTION('',(1.,-0.,0.));
#4345=VECTOR('',#4344,12.);
#4346=LINE('',#4343,#4345);
#4347=EDGE_CURVE('',#910,#1666,#4346,.T.);
#4348=ORIENTED_EDGE('',*,*,#4347,.F.);
#4349=EDGE_LOOP('',(#4340,#4341,#4342,#4348));
#4350=FACE_BOUND('',#4349,.T.);
#4351=ADVANCED_FACE('',(#4350),#4339,.T.);
#4352=CARTESIAN_POINT('',(-12.5,-7.154705877,-5.862822172));
#4353=DIRECTION('',(-1.,0.,-0.));
#4354=DIRECTION('',(-0.,-0.5,0.866025404));
#4355=AXIS2_PLACEMENT_3D('',#4352,#4353,#4354);
#4356=CYLINDRICAL_SURFACE('',#4355,0.5);
#4357=ORIENTED_EDGE('',*,*,#925,.T.);
#4358=ORIENTED_EDGE('',*,*,#4347,.T.);
#4359=ORIENTED_EDGE('',*,*,#1672,.F.);
#4360=CARTESIAN_POINT('',(-12.5,-7.404705877,-5.42980947));
#4361=DIRECTION('',(1.,0.,0.));
#4362=VECTOR('',#4361,12.);
#4363=LINE('',#4360,#4362);
#4364=EDGE_CURVE('',#919,#1658,#4363,.T.);
#4365=ORIENTED_EDGE('',*,*,#4364,.F.);
#4366=EDGE_LOOP('',(#4357,#4358,#4359,#4365));
#4367=FACE_BOUND('',#4366,.T.);
#4368=ADVANCED_FACE('',(#4367),#4356,.F.);
#4369=CARTESIAN_POINT('',(-12.5,-12.64417513,-8.454818454));
#4370=DIRECTION('',(0.,0.5,-0.866025404));
#4371=DIRECTION('',(-0.,0.866025404,0.5));
#4372=AXIS2_PLACEMENT_3D('',#4369,#4370,#4371);
#4373=PLANE('',#4372);
#4374=ORIENTED_EDGE('',*,*,#933,.T.);
#4375=ORIENTED_EDGE('',*,*,#4364,.T.);
#4376=ORIENTED_EDGE('',*,*,#1663,.F.);
#4377=CARTESIAN_POINT('',(-12.5,-12.64417513,-8.454818454));
#4378=DIRECTION('',(1.,-0.,0.));
#4379=VECTOR('',#4378,12.);
#4380=LINE('',#4377,#4379);
#4381=EDGE_CURVE('',#928,#1649,#4380,.T.);
#4382=ORIENTED_EDGE('',*,*,#4381,.F.);
#4383=EDGE_LOOP('',(#4374,#4375,#4376,#4382));
#4384=FACE_BOUND('',#4383,.T.);
#4385=ADVANCED_FACE('',(#4384),#4373,.T.);
#4386=CARTESIAN_POINT('',(-12.5,-12.39417513,-8.887831155));
#4387=DIRECTION('',(-1.,0.,-0.));
#4388=DIRECTION('',(0.,-0.812651347,-0.582750194));
#4389=AXIS2_PLACEMENT_3D('',#4386,#4387,#4388);
#4390=CYLINDRICAL_SURFACE('',#4389,0.5);
#4391=ORIENTED_EDGE('',*,*,#942,.T.);
#4392=ORIENTED_EDGE('',*,*,#4381,.T.);
#4393=ORIENTED_EDGE('',*,*,#1655,.F.);
#4394=CARTESIAN_POINT('',(-12.5,-12.800500804,-9.179206252));
#4395=DIRECTION('',(1.,-0.,0.));
#4396=VECTOR('',#4395,12.);
#4397=LINE('',#4394,#4396);
#4398=EDGE_CURVE('',#936,#1640,#4397,.T.);
#4399=ORIENTED_EDGE('',*,*,#4398,.F.);
#4400=EDGE_LOOP('',(#4391,#4392,#4393,#4399));
#4401=FACE_BOUND('',#4400,.T.);
#4402=ADVANCED_FACE('',(#4401),#4390,.F.);
#4403=CARTESIAN_POINT('',(-12.5,-0.,0.));
#4404=DIRECTION('',(-1.,0.,-0.));
#4405=DIRECTION('',(0.,-0.760990869,-0.648762589));
#4406=AXIS2_PLACEMENT_3D('',#4403,#4404,#4405);
#4407=CYLINDRICAL_SURFACE('',#4406,15.751528442);
#4408=ORIENTED_EDGE('',*,*,#951,.T.);
#4409=ORIENTED_EDGE('',*,*,#4398,.T.);
#4410=ORIENTED_EDGE('',*,*,#1646,.F.);
#4411=CARTESIAN_POINT('',(-12.5,-11.986769323,-10.21900237));
#4412=DIRECTION('',(1.,0.,0.));
#4413=VECTOR('',#4412,12.);
#4414=LINE('',#4411,#4413);
#4415=EDGE_CURVE('',#945,#1632,#4414,.T.);
#4416=ORIENTED_EDGE('',*,*,#4415,.F.);
#4417=EDGE_LOOP('',(#4408,#4409,#4410,#4416));
#4418=FACE_BOUND('',#4417,.T.);
#4419=ADVANCED_FACE('',(#4418),#4407,.F.);
#4420=CARTESIAN_POINT('',(-12.5,-12.340322714,-10.572555761));
#4421=DIRECTION('',(0.,0.707106781,-0.707106781));
#4422=DIRECTION('',(-0.,0.707106781,0.707106781));
#4423=AXIS2_PLACEMENT_3D('',#4420,#4421,#4422);
#4424=PLANE('',#4423);
#4425=ORIENTED_EDGE('',*,*,#959,.T.);
#4426=ORIENTED_EDGE('',*,*,#4415,.T.);
#4427=ORIENTED_EDGE('',*,*,#1637,.F.);
#4428=CARTESIAN_POINT('',(-12.5,-12.340322714,-10.572555761));
#4429=DIRECTION('',(1.,0.,0.));
#4430=VECTOR('',#4429,12.);
#4431=LINE('',#4428,#4430);
#4432=EDGE_CURVE('',#954,#1623,#4431,.T.);
#4433=ORIENTED_EDGE('',*,*,#4432,.F.);
#4434=EDGE_LOOP('',(#4425,#4426,#4427,#4433));
#4435=FACE_BOUND('',#4434,.T.);
#4436=ADVANCED_FACE('',(#4435),#4424,.T.);
#4437=CARTESIAN_POINT('',(-12.5,-0.,0.));
#4438=DIRECTION('',(1.,-0.,0.));
#4439=DIRECTION('',(0.,-0.94315466,-0.332354159));
#4440=AXIS2_PLACEMENT_3D('',#4437,#4438,#4439);
#4441=CYLINDRICAL_SURFACE('',#4440,16.25);
#4442=ORIENTED_EDGE('',*,*,#968,.T.);
#4443=ORIENTED_EDGE('',*,*,#4432,.T.);
#4444=ORIENTED_EDGE('',*,*,#1629,.F.);
#4445=CARTESIAN_POINT('',(-12.5,-15.326263229,-5.400755081));
#4446=DIRECTION('',(1.,0.,0.));
#4447=VECTOR('',#4446,12.);
#4448=LINE('',#4445,#4447);
#4449=EDGE_CURVE('',#962,#1615,#4448,.T.);
#4450=ORIENTED_EDGE('',*,*,#4449,.F.);
#4451=EDGE_LOOP('',(#4442,#4443,#4444,#4450));
#4452=FACE_BOUND('',#4451,.T.);
#4453=ADVANCED_FACE('',(#4452),#4441,.T.);
#4454=CARTESIAN_POINT('',(-12.5,-14.843300316,-5.271345558));
#4455=DIRECTION('',(-0.,-0.258819045,0.965925826));
#4456=DIRECTION('',(0.,-0.965925826,-0.258819045));
#4457=AXIS2_PLACEMENT_3D('',#4454,#4455,#4456);
#4458=PLANE('',#4457);
#4459=ORIENTED_EDGE('',*,*,#976,.T.);
#4460=ORIENTED_EDGE('',*,*,#4449,.T.);
#4461=ORIENTED_EDGE('',*,*,#1620,.F.);
#4462=CARTESIAN_POINT('',(-12.5,-14.843300316,-5.271345558));
#4463=DIRECTION('',(1.,-0.,0.));
#4464=VECTOR('',#4463,12.);
#4465=LINE('',#4462,#4464);
#4466=EDGE_CURVE('',#971,#1606,#4465,.T.);
#4467=ORIENTED_EDGE('',*,*,#4466,.F.);
#4468=EDGE_LOOP('',(#4459,#4460,#4461,#4467));
#4469=FACE_BOUND('',#4468,.T.);
#4470=ADVANCED_FACE('',(#4469),#4458,.T.);
#4471=CARTESIAN_POINT('',(-12.5,-0.,0.));
#4472=DIRECTION('',(-1.,0.,-0.));
#4473=DIRECTION('',(0.,-0.911002145,-0.412401614));
#4474=AXIS2_PLACEMENT_3D('',#4471,#4472,#4473);
#4475=CYLINDRICAL_SURFACE('',#4474,15.751528442);
#4476=ORIENTED_EDGE('',*,*,#985,.T.);
#4477=ORIENTED_EDGE('',*,*,#4466,.T.);
#4478=ORIENTED_EDGE('',*,*,#1612,.F.);
#4479=CARTESIAN_POINT('',(-12.5,-14.349676203,-6.495955751));
#4480=DIRECTION('',(1.,-0.,0.));
#4481=VECTOR('',#4480,12.);
#4482=LINE('',#4479,#4481);
#4483=EDGE_CURVE('',#979,#1597,#4482,.T.);
#4484=ORIENTED_EDGE('',*,*,#4483,.F.);
#4485=EDGE_LOOP('',(#4476,#4477,#4478,#4484));
#4486=FACE_BOUND('',#4485,.T.);
#4487=ADVANCED_FACE('',(#4486),#4475,.F.);
#4488=CARTESIAN_POINT('',(-12.5,-13.89417513,-6.289754944));
#4489=DIRECTION('',(-1.,0.,-0.));
#4490=DIRECTION('',(0.,0.5,-0.866025404));
#4491=AXIS2_PLACEMENT_3D('',#4488,#4489,#4490);
#4492=CYLINDRICAL_SURFACE('',#4491,0.5);
#4493=ORIENTED_EDGE('',*,*,#994,.T.);
#4494=ORIENTED_EDGE('',*,*,#4483,.T.);
#4495=ORIENTED_EDGE('',*,*,#1603,.F.);
#4496=CARTESIAN_POINT('',(-12.5,-13.64417513,-6.722767646));
#4497=DIRECTION('',(1.,-0.,0.));
#4498=VECTOR('',#4497,12.);
#4499=LINE('',#4496,#4498);
#4500=EDGE_CURVE('',#988,#1589,#4499,.T.);
#4501=ORIENTED_EDGE('',*,*,#4500,.F.);
#4502=EDGE_LOOP('',(#4493,#4494,#4495,#4501));
#4503=FACE_BOUND('',#4502,.T.);
#4504=ADVANCED_FACE('',(#4503),#4492,.F.);
#4505=CARTESIAN_POINT('',(-12.5,-8.404705877,-3.697758662));
#4506=DIRECTION('',(-0.,-0.5,0.866025404));
#4507=DIRECTION('',(0.,-0.866025404,-0.5));
#4508=AXIS2_PLACEMENT_3D('',#4505,#4506,#4507);
#4509=PLANE('',#4508);
#4510=ORIENTED_EDGE('',*,*,#1002,.T.);
#4511=ORIENTED_EDGE('',*,*,#4500,.T.);
#4512=ORIENTED_EDGE('',*,*,#1594,.F.);
#4513=CARTESIAN_POINT('',(-12.5,-8.404705877,-3.697758662));
#4514=DIRECTION('',(1.,-0.,0.));
#4515=VECTOR('',#4514,12.);
#4516=LINE('',#4513,#4515);
#4517=EDGE_CURVE('',#997,#1580,#4516,.T.);
#4518=ORIENTED_EDGE('',*,*,#4517,.F.);
#4519=EDGE_LOOP('',(#4510,#4511,#4512,#4518));
#4520=FACE_BOUND('',#4519,.T.);
#4521=ADVANCED_FACE('',(#4520),#4509,.T.);
#4522=CARTESIAN_POINT('',(-12.5,-8.654705877,-3.26474596));
#4523=DIRECTION('',(-1.,-0.,-0.));
#4524=DIRECTION('',(-0.,0.935643879,0.352945509));
#4525=AXIS2_PLACEMENT_3D('',#4522,#4523,#4524);
#4526=CYLINDRICAL_SURFACE('',#4525,0.5);
#4527=ORIENTED_EDGE('',*,*,#1011,.T.);
#4528=ORIENTED_EDGE('',*,*,#4517,.T.);
#4529=ORIENTED_EDGE('',*,*,#1586,.F.);
#4530=CARTESIAN_POINT('',(-12.5,-8.186883938,-3.088273206));
#4531=DIRECTION('',(1.,-0.,0.));
#4532=VECTOR('',#4531,12.);
#4533=LINE('',#4530,#4532);
#4534=EDGE_CURVE('',#1005,#1571,#4533,.T.);
#4535=ORIENTED_EDGE('',*,*,#4534,.F.);
#4536=EDGE_LOOP('',(#4527,#4528,#4529,#4535));
#4537=FACE_BOUND('',#4536,.T.);
#4538=ADVANCED_FACE('',(#4537),#4526,.F.);
#4539=CARTESIAN_POINT('',(-12.5,-0.,0.));
#4540=DIRECTION('',(1.,-0.,0.));
#4541=DIRECTION('',(0.,-0.986764122,-0.162162162));
#4542=AXIS2_PLACEMENT_3D('',#4539,#4540,#4541);
#4543=CYLINDRICAL_SURFACE('',#4542,8.75);
#4544=ORIENTED_EDGE('',*,*,#1020,.T.);
#4545=ORIENTED_EDGE('',*,*,#4534,.T.);
#4546=ORIENTED_EDGE('',*,*,#1577,.F.);
#4547=CARTESIAN_POINT('',(-12.5,-8.634186071,-1.418918919));
#4548=DIRECTION('',(1.,-0.,0.));
#4549=VECTOR('',#4548,12.);
#4550=LINE('',#4547,#4549);
#4551=EDGE_CURVE('',#1014,#1562,#4550,.T.);
#4552=ORIENTED_EDGE('',*,*,#4551,.F.);
#4553=EDGE_LOOP('',(#4544,#4545,#4546,#4552));
#4554=FACE_BOUND('',#4553,.T.);
#4555=ADVANCED_FACE('',(#4554),#4543,.T.);
#4556=CARTESIAN_POINT('',(-12.5,-9.127568132,-1.5));
#4557=DIRECTION('',(-1.,0.,-0.));
#4558=DIRECTION('',(-0.,-0.,1.));
#4559=AXIS2_PLACEMENT_3D('',#4556,#4557,#4558);
#4560=CYLINDRICAL_SURFACE('',#4559,0.5);
#4561=ORIENTED_EDGE('',*,*,#1029,.T.);
#4562=ORIENTED_EDGE('',*,*,#4551,.T.);
#4563=ORIENTED_EDGE('',*,*,#1568,.F.);
#4564=CARTESIAN_POINT('',(-12.5,-9.127568132,-1.));
#4565=DIRECTION('',(1.,-0.,0.));
#4566=VECTOR('',#4565,12.);
#4567=LINE('',#4564,#4566);
#4568=EDGE_CURVE('',#1023,#1554,#4567,.T.);
#4569=ORIENTED_EDGE('',*,*,#4568,.F.);
#4570=EDGE_LOOP('',(#4561,#4562,#4563,#4569));
#4571=FACE_BOUND('',#4570,.T.);
#4572=ADVANCED_FACE('',(#4571),#4560,.F.);
#4573=CARTESIAN_POINT('',(-12.5,-15.1775861,-1.));
#4574=DIRECTION('',(0.,0.,-1.));
#4575=DIRECTION('',(-0.,1.,0.));
#4576=AXIS2_PLACEMENT_3D('',#4573,#4574,#4575);
#4577=PLANE('',#4576);
#4578=ORIENTED_EDGE('',*,*,#1037,.T.);
#4579=ORIENTED_EDGE('',*,*,#4568,.T.);
#4580=ORIENTED_EDGE('',*,*,#1559,.F.);
#4581=CARTESIAN_POINT('',(-12.5,-15.1775861,-1.));
#4582=DIRECTION('',(1.,-0.,0.));
#4583=VECTOR('',#4582,12.);
#4584=LINE('',#4581,#4583);
#4585=EDGE_CURVE('',#1032,#1545,#4584,.T.);
#4586=ORIENTED_EDGE('',*,*,#4585,.F.);
#4587=EDGE_LOOP('',(#4578,#4579,#4580,#4586));
#4588=FACE_BOUND('',#4587,.T.);
#4589=ADVANCED_FACE('',(#4588),#4577,.T.);
#4590=CARTESIAN_POINT('',(-12.5,-15.1775861,-1.5));
#4591=DIRECTION('',(-1.,0.,-0.));
#4592=DIRECTION('',(0.,-0.995151808,-0.098350798));
#4593=AXIS2_PLACEMENT_3D('',#4590,#4591,#4592);
#4594=CYLINDRICAL_SURFACE('',#4593,0.5);
#4595=ORIENTED_EDGE('',*,*,#1046,.T.);
#4596=ORIENTED_EDGE('',*,*,#4585,.T.);
#4597=ORIENTED_EDGE('',*,*,#1551,.F.);
#4598=CARTESIAN_POINT('',(-12.5,-15.675162004,-1.549175399));
#4599=DIRECTION('',(1.,0.,0.));
#4600=VECTOR('',#4599,12.);
#4601=LINE('',#4598,#4600);
#4602=EDGE_CURVE('',#1040,#1536,#4601,.T.);
#4603=ORIENTED_EDGE('',*,*,#4602,.F.);
#4604=EDGE_LOOP('',(#4595,#4596,#4597,#4603));
#4605=FACE_BOUND('',#4604,.T.);
#4606=ADVANCED_FACE('',(#4605),#4594,.F.);
#4607=CARTESIAN_POINT('',(-12.5,-0.,0.));
#4608=DIRECTION('',(-1.,-0.,-0.));
#4609=DIRECTION('',(0.,-0.983418719,-0.181349448));
#4610=AXIS2_PLACEMENT_3D('',#4607,#4608,#4609);
#4611=CYLINDRICAL_SURFACE('',#4610,15.751528442);
#4612=ORIENTED_EDGE('',*,*,#1055,.T.);
#4613=ORIENTED_EDGE('',*,*,#4602,.T.);
#4614=ORIENTED_EDGE('',*,*,#1542,.F.);
#4615=CARTESIAN_POINT('',(-12.5,-15.490347928,-2.856530992));
#4616=DIRECTION('',(1.,-0.,0.));
#4617=VECTOR('',#4616,12.);
#4618=LINE('',#4615,#4617);
#4619=EDGE_CURVE('',#1049,#1528,#4618,.T.);
#4620=ORIENTED_EDGE('',*,*,#4619,.F.);
#4621=EDGE_LOOP('',(#4612,#4613,#4614,#4620));
#4622=FACE_BOUND('',#4621,.T.);
#4623=ADVANCED_FACE('',(#4622),#4611,.F.);
#4624=CARTESIAN_POINT('',(-12.5,-15.973310842,-2.985940515));
#4625=DIRECTION('',(0.,0.258819045,-0.965925826));
#4626=DIRECTION('',(-0.,0.965925826,0.258819045));
#4627=AXIS2_PLACEMENT_3D('',#4624,#4625,#4626);
#4628=PLANE('',#4627);
#4629=ORIENTED_EDGE('',*,*,#1063,.T.);
#4630=ORIENTED_EDGE('',*,*,#4619,.T.);
#4631=ORIENTED_EDGE('',*,*,#1533,.F.);
#4632=CARTESIAN_POINT('',(-12.5,-15.973310842,-2.985940515));
#4633=DIRECTION('',(1.,0.,0.));
#4634=VECTOR('',#4633,12.);
#4635=LINE('',#4632,#4634);
#4636=EDGE_CURVE('',#1058,#1519,#4635,.T.);
#4637=ORIENTED_EDGE('',*,*,#4636,.F.);
#4638=EDGE_LOOP('',(#4629,#4630,#4631,#4637));
#4639=FACE_BOUND('',#4638,.T.);
#4640=ADVANCED_FACE('',(#4639),#4628,.T.);
#4641=CARTESIAN_POINT('',(-12.5,-0.,0.));
#4642=DIRECTION('',(1.,-0.,0.));
#4643=DIRECTION('',(-0.,-0.982972975,0.183750186));
#4644=AXIS2_PLACEMENT_3D('',#4641,#4642,#4643);
#4645=CYLINDRICAL_SURFACE('',#4644,16.25);
#4646=ORIENTED_EDGE('',*,*,#1072,.T.);
#4647=ORIENTED_EDGE('',*,*,#4636,.T.);
#4648=ORIENTED_EDGE('',*,*,#1525,.F.);
#4649=CARTESIAN_POINT('',(-12.5,-15.973310842,2.985940515));
#4650=DIRECTION('',(1.,0.,0.));
#4651=VECTOR('',#4650,12.);
#4652=LINE('',#4649,#4651);
#4653=EDGE_CURVE('',#1066,#1511,#4652,.T.);
#4654=ORIENTED_EDGE('',*,*,#4653,.F.);
#4655=EDGE_LOOP('',(#4646,#4647,#4648,#4654));
#4656=FACE_BOUND('',#4655,.T.);
#4657=ADVANCED_FACE('',(#4656),#4645,.T.);
#4658=CARTESIAN_POINT('',(-12.5,-15.490347928,2.856530992));
#4659=DIRECTION('',(-0.,0.258819045,0.965925826));
#4660=DIRECTION('',(-0.,-0.965925826,0.258819045));
#4661=AXIS2_PLACEMENT_3D('',#4658,#4659,#4660);
#4662=PLANE('',#4661);
#4663=ORIENTED_EDGE('',*,*,#1080,.T.);
#4664=ORIENTED_EDGE('',*,*,#4653,.T.);
#4665=ORIENTED_EDGE('',*,*,#1516,.F.);
#4666=CARTESIAN_POINT('',(-12.5,-15.490347928,2.856530992));
#4667=DIRECTION('',(1.,0.,0.));
#4668=VECTOR('',#4667,12.);
#4669=LINE('',#4666,#4668);
#4670=EDGE_CURVE('',#1075,#1502,#4669,.T.);
#4671=ORIENTED_EDGE('',*,*,#4670,.F.);
#4672=EDGE_LOOP('',(#4663,#4664,#4665,#4671));
#4673=FACE_BOUND('',#4672,.T.);
#4674=ADVANCED_FACE('',(#4673),#4662,.T.);
#4675=CARTESIAN_POINT('',(-12.5,-0.,0.));
#4676=DIRECTION('',(-1.,-0.,-0.));
#4677=DIRECTION('',(-0.,-0.995151808,0.098350798));
#4678=AXIS2_PLACEMENT_3D('',#4675,#4676,#4677);
#4679=CYLINDRICAL_SURFACE('',#4678,15.751528442);
#4680=ORIENTED_EDGE('',*,*,#1089,.T.);
#4681=ORIENTED_EDGE('',*,*,#4670,.T.);
#4682=ORIENTED_EDGE('',*,*,#1508,.F.);
#4683=CARTESIAN_POINT('',(-12.5,-15.675162004,1.549175399));
#4684=DIRECTION('',(1.,-0.,0.));
#4685=VECTOR('',#4684,12.);
#4686=LINE('',#4683,#4685);
#4687=EDGE_CURVE('',#1083,#1493,#4686,.T.);
#4688=ORIENTED_EDGE('',*,*,#4687,.F.);
#4689=EDGE_LOOP('',(#4680,#4681,#4682,#4688));
#4690=FACE_BOUND('',#4689,.T.);
#4691=ADVANCED_FACE('',(#4690),#4679,.F.);
#4692=CARTESIAN_POINT('',(-12.5,-15.1775861,1.5));
#4693=DIRECTION('',(-1.,0.,-0.));
#4694=DIRECTION('',(0.,-0.,-1.));
#4695=AXIS2_PLACEMENT_3D('',#4692,#4693,#4694);
#4696=CYLINDRICAL_SURFACE('',#4695,0.5);
#4697=ORIENTED_EDGE('',*,*,#1098,.T.);
#4698=ORIENTED_EDGE('',*,*,#4687,.T.);
#4699=ORIENTED_EDGE('',*,*,#1499,.F.);
#4700=CARTESIAN_POINT('',(-12.5,-15.1775861,1.));
#4701=DIRECTION('',(1.,-0.,0.));
#4702=VECTOR('',#4701,12.);
#4703=LINE('',#4700,#4702);
#4704=EDGE_CURVE('',#1092,#1485,#4703,.T.);
#4705=ORIENTED_EDGE('',*,*,#4704,.F.);
#4706=EDGE_LOOP('',(#4697,#4698,#4699,#4705));
#4707=FACE_BOUND('',#4706,.T.);
#4708=ADVANCED_FACE('',(#4707),#4696,.F.);
#4709=CARTESIAN_POINT('',(-12.5,-9.127568132,1.));
#4710=DIRECTION('',(-0.,-0.,1.));
#4711=DIRECTION('',(0.,-1.,-0.));
#4712=AXIS2_PLACEMENT_3D('',#4709,#4710,#4711);
#4713=PLANE('',#4712);
#4714=ORIENTED_EDGE('',*,*,#1106,.T.);
#4715=ORIENTED_EDGE('',*,*,#4704,.T.);
#4716=ORIENTED_EDGE('',*,*,#1490,.F.);
#4717=CARTESIAN_POINT('',(-12.5,-9.127568132,1.));
#4718=DIRECTION('',(1.,-0.,0.));
#4719=VECTOR('',#4718,12.);
#4720=LINE('',#4717,#4719);
#4721=EDGE_CURVE('',#1101,#1476,#4720,.T.);
#4722=ORIENTED_EDGE('',*,*,#4721,.F.);
#4723=EDGE_LOOP('',(#4714,#4715,#4716,#4722));
#4724=FACE_BOUND('',#4723,.T.);
#4725=ADVANCED_FACE('',(#4724),#4713,.T.);
#4726=CARTESIAN_POINT('',(-12.5,-9.127568132,1.5));
#4727=DIRECTION('',(-1.,-0.,-0.));
#4728=DIRECTION('',(0.,0.986764122,-0.162162162));
#4729=AXIS2_PLACEMENT_3D('',#4726,#4727,#4728);
#4730=CYLINDRICAL_SURFACE('',#4729,0.5);
#4731=ORIENTED_EDGE('',*,*,#1115,.T.);
#4732=ORIENTED_EDGE('',*,*,#4721,.T.);
#4733=ORIENTED_EDGE('',*,*,#1482,.F.);
#4734=CARTESIAN_POINT('',(-12.5,-8.634186071,1.418918919));
#4735=DIRECTION('',(1.,0.,0.));
#4736=VECTOR('',#4735,12.);
#4737=LINE('',#4734,#4736);
#4738=EDGE_CURVE('',#1109,#1467,#4737,.T.);
#4739=ORIENTED_EDGE('',*,*,#4738,.F.);
#4740=EDGE_LOOP('',(#4731,#4732,#4733,#4739));
#4741=FACE_BOUND('',#4740,.T.);
#4742=ADVANCED_FACE('',(#4741),#4730,.F.);
#4743=CARTESIAN_POINT('',(-12.5,-0.,0.));
#4744=DIRECTION('',(1.,0.,0.));
#4745=DIRECTION('',(-0.,-0.935643879,0.352945509));
#4746=AXIS2_PLACEMENT_3D('',#4743,#4744,#4745);
#4747=CYLINDRICAL_SURFACE('',#4746,8.75);
#4748=ORIENTED_EDGE('',*,*,#1124,.T.);
#4749=ORIENTED_EDGE('',*,*,#4738,.T.);
#4750=ORIENTED_EDGE('',*,*,#1473,.F.);
#4751=CARTESIAN_POINT('',(-12.5,-8.186883938,3.088273206));
#4752=DIRECTION('',(1.,-0.,0.));
#4753=VECTOR('',#4752,12.);
#4754=LINE('',#4751,#4753);
#4755=EDGE_CURVE('',#1118,#1458,#4754,.T.);
#4756=ORIENTED_EDGE('',*,*,#4755,.F.);
#4757=EDGE_LOOP('',(#4748,#4749,#4750,#4756));
#4758=FACE_BOUND('',#4757,.T.);
#4759=ADVANCED_FACE('',(#4758),#4747,.T.);
#4760=CARTESIAN_POINT('',(-12.5,-8.654705877,3.26474596));
#4761=DIRECTION('',(-1.,0.,-0.));
#4762=DIRECTION('',(-0.,0.5,0.866025404));
#4763=AXIS2_PLACEMENT_3D('',#4760,#4761,#4762);
#4764=CYLINDRICAL_SURFACE('',#4763,0.5);
#4765=ORIENTED_EDGE('',*,*,#1133,.T.);
#4766=ORIENTED_EDGE('',*,*,#4755,.T.);
#4767=ORIENTED_EDGE('',*,*,#1464,.F.);
#4768=CARTESIAN_POINT('',(-12.5,-8.404705877,3.697758662));
#4769=DIRECTION('',(1.,0.,0.));
#4770=VECTOR('',#4769,12.);
#4771=LINE('',#4768,#4770);
#4772=EDGE_CURVE('',#1127,#1450,#4771,.T.);
#4773=ORIENTED_EDGE('',*,*,#4772,.F.);
#4774=EDGE_LOOP('',(#4765,#4766,#4767,#4773));
#4775=FACE_BOUND('',#4774,.T.);
#4776=ADVANCED_FACE('',(#4775),#4764,.F.);
#4777=CARTESIAN_POINT('',(-12.5,-13.64417513,6.722767646));
#4778=DIRECTION('',(0.,-0.5,-0.866025404));
#4779=DIRECTION('',(0.,0.866025404,-0.5));
#4780=AXIS2_PLACEMENT_3D('',#4777,#4778,#4779);
#4781=PLANE('',#4780);
#4782=ORIENTED_EDGE('',*,*,#1141,.T.);
#4783=ORIENTED_EDGE('',*,*,#4772,.T.);
#4784=ORIENTED_EDGE('',*,*,#1455,.F.);
#4785=CARTESIAN_POINT('',(-12.5,-13.64417513,6.722767646));
#4786=DIRECTION('',(1.,-0.,0.));
#4787=VECTOR('',#4786,12.);
#4788=LINE('',#4785,#4787);
#4789=EDGE_CURVE('',#1136,#1441,#4788,.T.);
#4790=ORIENTED_EDGE('',*,*,#4789,.F.);
#4791=EDGE_LOOP('',(#4782,#4783,#4784,#4790));
#4792=FACE_BOUND('',#4791,.T.);
#4793=ADVANCED_FACE('',(#4792),#4781,.T.);
#4794=CARTESIAN_POINT('',(-12.5,-13.89417513,6.289754944));
#4795=DIRECTION('',(-1.,0.,-0.));
#4796=DIRECTION('',(-0.,-0.911002145,0.412401614));
#4797=AXIS2_PLACEMENT_3D('',#4794,#4795,#4796);
#4798=CYLINDRICAL_SURFACE('',#4797,0.5);
#4799=ORIENTED_EDGE('',*,*,#1150,.T.);
#4800=ORIENTED_EDGE('',*,*,#4789,.T.);
#4801=ORIENTED_EDGE('',*,*,#1447,.F.);
#4802=CARTESIAN_POINT('',(-12.5,-14.349676203,6.495955751));
#4803=DIRECTION('',(1.,-0.,0.));
#4804=VECTOR('',#4803,12.);
#4805=LINE('',#4802,#4804);
#4806=EDGE_CURVE('',#1144,#1432,#4805,.T.);
#4807=ORIENTED_EDGE('',*,*,#4806,.F.);
#4808=EDGE_LOOP('',(#4799,#4800,#4801,#4807));
#4809=FACE_BOUND('',#4808,.T.);
#4810=ADVANCED_FACE('',(#4809),#4798,.F.);
#4811=CARTESIAN_POINT('',(-12.5,-0.,0.));
#4812=DIRECTION('',(-1.,0.,-0.));
#4813=DIRECTION('',(-0.,-0.942340318,0.334656131));
#4814=AXIS2_PLACEMENT_3D('',#4811,#4812,#4813);
#4815=CYLINDRICAL_SURFACE('',#4814,15.751528442);
#4816=ORIENTED_EDGE('',*,*,#1159,.T.);
#4817=ORIENTED_EDGE('',*,*,#4806,.T.);
#4818=ORIENTED_EDGE('',*,*,#1438,.F.);
#4819=CARTESIAN_POINT('',(-12.5,-14.843300316,5.271345558));
#4820=DIRECTION('',(1.,-0.,0.));
#4821=VECTOR('',#4820,12.);
#4822=LINE('',#4819,#4821);
#4823=EDGE_CURVE('',#1153,#1424,#4822,.T.);
#4824=ORIENTED_EDGE('',*,*,#4823,.F.);
#4825=EDGE_LOOP('',(#4816,#4817,#4818,#4824));
#4826=FACE_BOUND('',#4825,.T.);
#4827=ADVANCED_FACE('',(#4826),#4815,.F.);
#4828=CARTESIAN_POINT('',(-12.5,-15.326263229,5.400755081));
#4829=DIRECTION('',(0.,-0.258819045,-0.965925826));
#4830=DIRECTION('',(0.,0.965925826,-0.258819045));
#4831=AXIS2_PLACEMENT_3D('',#4828,#4829,#4830);
#4832=PLANE('',#4831);
#4833=ORIENTED_EDGE('',*,*,#1167,.T.);
#4834=ORIENTED_EDGE('',*,*,#4823,.T.);
#4835=ORIENTED_EDGE('',*,*,#1429,.F.);
#4836=CARTESIAN_POINT('',(-12.5,-15.326263229,5.400755081));
#4837=DIRECTION('',(1.,0.,0.));
#4838=VECTOR('',#4837,12.);
#4839=LINE('',#4836,#4838);
#4840=EDGE_CURVE('',#1162,#1415,#4839,.T.);
#4841=ORIENTED_EDGE('',*,*,#4840,.F.);
#4842=EDGE_LOOP('',(#4833,#4834,#4835,#4841));
#4843=FACE_BOUND('',#4842,.T.);
#4844=ADVANCED_FACE('',(#4843),#4832,.T.);
#4845=CARTESIAN_POINT('',(-12.5,-0.,0.));
#4846=DIRECTION('',(1.,0.,0.));
#4847=DIRECTION('',(-0.,-0.759404475,0.650618816));
#4848=AXIS2_PLACEMENT_3D('',#4845,#4846,#4847);
#4849=CYLINDRICAL_SURFACE('',#4848,16.25);
#4850=ORIENTED_EDGE('',*,*,#1176,.T.);
#4851=ORIENTED_EDGE('',*,*,#4840,.T.);
#4852=ORIENTED_EDGE('',*,*,#1421,.F.);
#4853=CARTESIAN_POINT('',(-12.5,-12.340322714,10.572555761));
#4854=DIRECTION('',(1.,-0.,0.));
#4855=VECTOR('',#4854,12.);
#4856=LINE('',#4853,#4855);
#4857=EDGE_CURVE('',#1170,#1407,#4856,.T.);
#4858=ORIENTED_EDGE('',*,*,#4857,.F.);
#4859=EDGE_LOOP('',(#4850,#4851,#4852,#4858));
#4860=FACE_BOUND('',#4859,.T.);
#4861=ADVANCED_FACE('',(#4860),#4849,.T.);
#4862=CARTESIAN_POINT('',(-12.5,-11.986769323,10.21900237));
#4863=DIRECTION('',(-0.,0.707106781,0.707106781));
#4864=DIRECTION('',(-0.,-0.707106781,0.707106781));
#4865=AXIS2_PLACEMENT_3D('',#4862,#4863,#4864);
#4866=PLANE('',#4865);
#4867=ORIENTED_EDGE('',*,*,#1184,.T.);
#4868=ORIENTED_EDGE('',*,*,#4857,.T.);
#4869=ORIENTED_EDGE('',*,*,#1412,.F.);
#4870=CARTESIAN_POINT('',(-12.5,-11.986769323,10.21900237));
#4871=DIRECTION('',(1.,-0.,0.));
#4872=VECTOR('',#4871,12.);
#4873=LINE('',#4870,#4872);
#4874=EDGE_CURVE('',#1179,#1398,#4873,.T.);
#4875=ORIENTED_EDGE('',*,*,#4874,.F.);
#4876=EDGE_LOOP('',(#4867,#4868,#4869,#4875));
#4877=FACE_BOUND('',#4876,.T.);
#4878=ADVANCED_FACE('',(#4877),#4866,.T.);
#4879=CARTESIAN_POINT('',(-12.5,-0.,0.));
#4880=DIRECTION('',(-1.,-0.,-0.));
#4881=DIRECTION('',(-0.,-0.812651347,0.582750194));
#4882=AXIS2_PLACEMENT_3D('',#4879,#4880,#4881);
#4883=CYLINDRICAL_SURFACE('',#4882,15.751528442);
#4884=ORIENTED_EDGE('',*,*,#1193,.T.);
#4885=ORIENTED_EDGE('',*,*,#4874,.T.);
#4886=ORIENTED_EDGE('',*,*,#1404,.F.);
#4887=CARTESIAN_POINT('',(-12.5,-12.800500804,9.179206252));
#4888=DIRECTION('',(1.,-0.,0.));
#4889=VECTOR('',#4888,12.);
#4890=LINE('',#4887,#4889);
#4891=EDGE_CURVE('',#1187,#1389,#4890,.T.);
#4892=ORIENTED_EDGE('',*,*,#4891,.F.);
#4893=EDGE_LOOP('',(#4884,#4885,#4886,#4892));
#4894=FACE_BOUND('',#4893,.T.);
#4895=ADVANCED_FACE('',(#4894),#4883,.F.);
#4896=CARTESIAN_POINT('',(-12.5,-12.39417513,8.887831155));
#4897=DIRECTION('',(-1.,0.,-0.));
#4898=DIRECTION('',(0.,-0.5,-0.866025404));
#4899=AXIS2_PLACEMENT_3D('',#4896,#4897,#4898);
#4900=CYLINDRICAL_SURFACE('',#4899,0.5);
#4901=ORIENTED_EDGE('',*,*,#1202,.T.);
#4902=ORIENTED_EDGE('',*,*,#4891,.T.);
#4903=ORIENTED_EDGE('',*,*,#1395,.F.);
#4904=CARTESIAN_POINT('',(-12.5,-12.64417513,8.454818454));
#4905=DIRECTION('',(1.,0.,0.));
#4906=VECTOR('',#4905,12.);
#4907=LINE('',#4904,#4906);
#4908=EDGE_CURVE('',#1196,#1381,#4907,.T.);
#4909=ORIENTED_EDGE('',*,*,#4908,.F.);
#4910=EDGE_LOOP('',(#4901,#4902,#4903,#4909));
#4911=FACE_BOUND('',#4910,.T.);
#4912=ADVANCED_FACE('',(#4911),#4900,.F.);
#4913=CARTESIAN_POINT('',(-12.5,-7.404705877,5.42980947));
#4914=DIRECTION('',(-0.,0.5,0.866025404));
#4915=DIRECTION('',(-0.,-0.866025404,0.5));
#4916=AXIS2_PLACEMENT_3D('',#4913,#4914,#4915);
#4917=PLANE('',#4916);
#4918=ORIENTED_EDGE('',*,*,#1210,.T.);
#4919=ORIENTED_EDGE('',*,*,#4908,.T.);
#4920=ORIENTED_EDGE('',*,*,#1386,.F.);
#4921=CARTESIAN_POINT('',(-12.5,-7.404705877,5.42980947));
#4922=DIRECTION('',(1.,-0.,0.));
#4923=VECTOR('',#4922,12.);
#4924=LINE('',#4921,#4923);
#4925=EDGE_CURVE('',#1205,#1372,#4924,.T.);
#4926=ORIENTED_EDGE('',*,*,#4925,.F.);
#4927=EDGE_LOOP('',(#4918,#4919,#4920,#4926));
#4928=FACE_BOUND('',#4927,.T.);
#4929=ADVANCED_FACE('',(#4928),#4917,.T.);
#4930=CARTESIAN_POINT('',(-12.5,-7.154705877,5.862822172));
#4931=DIRECTION('',(-1.,0.,-0.));
#4932=DIRECTION('',(0.,0.773481716,-0.633818613));
#4933=AXIS2_PLACEMENT_3D('',#4930,#4931,#4932);
#4934=CYLINDRICAL_SURFACE('',#4933,0.5);
#4935=ORIENTED_EDGE('',*,*,#1219,.T.);
#4936=ORIENTED_EDGE('',*,*,#4925,.T.);
#4937=ORIENTED_EDGE('',*,*,#1378,.F.);
#4938=CARTESIAN_POINT('',(-12.5,-6.767965019,5.545912865));
#4939=DIRECTION('',(1.,0.,0.));
#4940=VECTOR('',#4939,12.);
#4941=LINE('',#4938,#4940);
#4942=EDGE_CURVE('',#1213,#1363,#4941,.T.);
#4943=ORIENTED_EDGE('',*,*,#4942,.F.);
#4944=EDGE_LOOP('',(#4935,#4936,#4937,#4943));
#4945=FACE_BOUND('',#4944,.T.);
#4946=ADVANCED_FACE('',(#4945),#4934,.F.);
#4947=CARTESIAN_POINT('',(-12.5,-0.,0.));
#4948=DIRECTION('',(1.,0.,0.));
#4949=DIRECTION('',(-0.,-0.633818613,0.773481716));
#4950=AXIS2_PLACEMENT_3D('',#4947,#4948,#4949);
#4951=CYLINDRICAL_SURFACE('',#4950,8.75);
#4952=ORIENTED_EDGE('',*,*,#1228,.T.);
#4953=ORIENTED_EDGE('',*,*,#4942,.T.);
#4954=ORIENTED_EDGE('',*,*,#1369,.F.);
#4955=CARTESIAN_POINT('',(-12.5,-5.545912865,6.767965019));
#4956=DIRECTION('',(1.,-0.,0.));
#4957=VECTOR('',#4956,12.);
#4958=LINE('',#4955,#4957);
#4959=EDGE_CURVE('',#1222,#1354,#4958,.T.);
#4960=ORIENTED_EDGE('',*,*,#4959,.F.);
#4961=EDGE_LOOP('',(#4952,#4953,#4954,#4960));
#4962=FACE_BOUND('',#4961,.T.);
#4963=ADVANCED_FACE('',(#4962),#4951,.T.);
#4964=CARTESIAN_POINT('',(-12.5,-5.862822172,7.154705877));
#4965=DIRECTION('',(-1.,0.,-0.));
#4966=DIRECTION('',(-0.,0.866025404,0.5));
#4967=AXIS2_PLACEMENT_3D('',#4964,#4965,#4966);
#4968=CYLINDRICAL_SURFACE('',#4967,0.5);
#4969=ORIENTED_EDGE('',*,*,#1237,.T.);
#4970=ORIENTED_EDGE('',*,*,#4959,.T.);
#4971=ORIENTED_EDGE('',*,*,#1360,.F.);
#4972=CARTESIAN_POINT('',(-12.5,-5.42980947,7.404705877));
#4973=DIRECTION('',(1.,-0.,0.));
#4974=VECTOR('',#4973,12.);
#4975=LINE('',#4972,#4974);
#4976=EDGE_CURVE('',#1231,#1346,#4975,.T.);
#4977=ORIENTED_EDGE('',*,*,#4976,.F.);
#4978=EDGE_LOOP('',(#4969,#4970,#4971,#4977));
#4979=FACE_BOUND('',#4978,.T.);
#4980=ADVANCED_FACE('',(#4979),#4968,.F.);
#4981=CARTESIAN_POINT('',(-12.5,-8.454818454,12.64417513));
#4982=DIRECTION('',(0.,-0.866025404,-0.5));
#4983=DIRECTION('',(0.,0.5,-0.866025404));
#4984=AXIS2_PLACEMENT_3D('',#4981,#4982,#4983);
#4985=PLANE('',#4984);
#4986=ORIENTED_EDGE('',*,*,#1245,.T.);
#4987=ORIENTED_EDGE('',*,*,#4976,.T.);
#4988=ORIENTED_EDGE('',*,*,#1351,.F.);
#4989=CARTESIAN_POINT('',(-12.5,-8.454818454,12.64417513));
#4990=DIRECTION('',(1.,-0.,0.));
#4991=VECTOR('',#4990,12.);
#4992=LINE('',#4989,#4991);
#4993=EDGE_CURVE('',#1240,#1337,#4992,.T.);
#4994=ORIENTED_EDGE('',*,*,#4993,.F.);
#4995=EDGE_LOOP('',(#4986,#4987,#4988,#4994));
#4996=FACE_BOUND('',#4995,.T.);
#4997=ADVANCED_FACE('',(#4996),#4985,.T.);
#4998=CARTESIAN_POINT('',(-12.5,-8.887831155,12.39417513));
#4999=DIRECTION('',(-1.,0.,-0.));
#5000=DIRECTION('',(-0.,-0.582750194,0.812651347));
#5001=AXIS2_PLACEMENT_3D('',#4998,#4999,#5000);
#5002=CYLINDRICAL_SURFACE('',#5001,0.5);
#5003=ORIENTED_EDGE('',*,*,#1254,.T.);
#5004=ORIENTED_EDGE('',*,*,#4993,.T.);
#5005=ORIENTED_EDGE('',*,*,#1343,.F.);
#5006=CARTESIAN_POINT('',(-12.5,-9.179206252,12.800500804));
#5007=DIRECTION('',(1.,-0.,0.));
#5008=VECTOR('',#5007,12.);
#5009=LINE('',#5006,#5008);
#5010=EDGE_CURVE('',#1248,#1328,#5009,.T.);
#5011=ORIENTED_EDGE('',*,*,#5010,.F.);
#5012=EDGE_LOOP('',(#5003,#5004,#5005,#5011));
#5013=FACE_BOUND('',#5012,.T.);
#5014=ADVANCED_FACE('',(#5013),#5002,.F.);
#5015=CARTESIAN_POINT('',(-12.5,-0.,0.));
#5016=DIRECTION('',(-1.,0.,-0.));
#5017=DIRECTION('',(-0.,-0.648762589,0.760990869));
#5018=AXIS2_PLACEMENT_3D('',#5015,#5016,#5017);
#5019=CYLINDRICAL_SURFACE('',#5018,15.751528442);
#5020=ORIENTED_EDGE('',*,*,#1263,.T.);
#5021=ORIENTED_EDGE('',*,*,#5010,.T.);
#5022=ORIENTED_EDGE('',*,*,#1334,.F.);
#5023=CARTESIAN_POINT('',(-12.5,-10.21900237,11.986769323));
#5024=DIRECTION('',(1.,-0.,0.));
#5025=VECTOR('',#5024,12.);
#5026=LINE('',#5023,#5025);
#5027=EDGE_CURVE('',#1257,#1320,#5026,.T.);
#5028=ORIENTED_EDGE('',*,*,#5027,.F.);
#5029=EDGE_LOOP('',(#5020,#5021,#5022,#5028));
#5030=FACE_BOUND('',#5029,.T.);
#5031=ADVANCED_FACE('',(#5030),#5019,.F.);
#5032=CARTESIAN_POINT('',(-12.5,-10.572555761,12.340322714));
#5033=DIRECTION('',(0.,-0.707106781,-0.707106781));
#5034=DIRECTION('',(0.,0.707106781,-0.707106781));
#5035=AXIS2_PLACEMENT_3D('',#5032,#5033,#5034);
#5036=PLANE('',#5035);
#5037=ORIENTED_EDGE('',*,*,#1271,.T.);
#5038=ORIENTED_EDGE('',*,*,#5027,.T.);
#5039=ORIENTED_EDGE('',*,*,#1325,.F.);
#5040=CARTESIAN_POINT('',(-12.5,-10.572555761,12.340322714));
#5041=DIRECTION('',(1.,0.,0.));
#5042=VECTOR('',#5041,12.);
#5043=LINE('',#5040,#5042);
#5044=EDGE_CURVE('',#1266,#1311,#5043,.T.);
#5045=ORIENTED_EDGE('',*,*,#5044,.F.);
#5046=EDGE_LOOP('',(#5037,#5038,#5039,#5045));
#5047=FACE_BOUND('',#5046,.T.);
#5048=ADVANCED_FACE('',(#5047),#5036,.T.);
#5049=CARTESIAN_POINT('',(-12.5,-0.,0.));
#5050=DIRECTION('',(1.,0.,0.));
#5051=DIRECTION('',(-0.,-0.332354159,0.94315466));
#5052=AXIS2_PLACEMENT_3D('',#5049,#5050,#5051);
#5053=CYLINDRICAL_SURFACE('',#5052,16.25);
#5054=ORIENTED_EDGE('',*,*,#1278,.T.);
#5055=ORIENTED_EDGE('',*,*,#5044,.T.);
#5056=ORIENTED_EDGE('',*,*,#1317,.F.);
#5057=ORIENTED_EDGE('',*,*,#2623,.F.);
#5058=EDGE_LOOP('',(#5054,#5055,#5056,#5057));
#5059=FACE_BOUND('',#5058,.T.);
#5060=ADVANCED_FACE('',(#5059),#5053,.T.);
#5061=CLOSED_SHELL('',(#1302,#2578,#2600,#2612,#2634,#2651,#2668,#2685,#2702,#2719,#2736,#2753,#2770,#2787,#2804,#2821,#2838,#2855,#2872,#2889,#2906,#2923,#2940,#2957,#2974,#2991,
#3008,#3025,#3042,#3059,#3076,#3093,#3110,#3127,#3144,#3161,#3178,#3195,#3212,#3229,#3246,#3263,#3280,#3297,#3314,#3331,#3348,#3365,#3382,#3399,#3416,
#3433,#3450,#3467,#3484,#3501,#3518,#3535,#3552,#3569,#3586,#3603,#3620,#3637,#3654,#3671,#3688,#3705,#3722,#3739,#3756,#3773,#3790,#3807,#3824,#3841,
#3858,#3875,#3892,#3909,#3926,#3943,#3960,#3977,#3994,#4011,#4028,#4045,#4062,#4079,#4096,#4113,#4130,#4147,#4164,#4181,#4198,#4215,#4232,#4249,#4266,
#4283,#4300,#4317,#4334,#4351,#4368,#4385,#4402,#4419,#4436,#4453,#4470,#4487,#4504,#4521,#4538,#4555,#4572,#4589,#4606,#4623,#4640,#4657,#4674,#4691,
#4708,#4725,#4742,#4759,#4776,#4793,#4810,#4827,#4844,#4861,#4878,#4895,#4912,#4929,#4946,#4963,#4980,#4997,#5014,#5031,#5048,#5060));
#5062=MANIFOLD_SOLID_BREP('\X2\04220435043B043E\X0\_34 - \X2\0411041F041B0410\X0\32.13.00:1',#5061);
#5063=COLOUR_RGB('',0.400000006,0.800000012,0.);
#5064=FILL_AREA_STYLE_COLOUR('',#5063);
#5065=FILL_AREA_STYLE('',(#5064));
#5066=SURFACE_STYLE_FILL_AREA(#5065);
#5067=SURFACE_SIDE_STYLE('',(#5066));
#5068=SURFACE_STYLE_USAGE(.BOTH.,#5067);
#5069=PRESENTATION_STYLE_ASSIGNMENT((#5068));
#26=STYLED_ITEM('',(#5069),#5062);
#5071=CARTESIAN_POINT('',(2.,0.,-0.));
#5072=DIRECTION('',(-1.,-0.,-0.));
#5073=DIRECTION('',(-0.,1.,-0.));
#5074=AXIS2_PLACEMENT_3D('',#5071,#5072,#5073);
#5075=CYLINDRICAL_SURFACE('',#5074,19.2);
#5076=CARTESIAN_POINT('',(-13.,19.2,-0.));
#5077=VERTEX_POINT('',#5076);
#5078=CARTESIAN_POINT('',(2.,19.2,-0.));
#5079=VERTEX_POINT('',#5078);
#5080=CARTESIAN_POINT('',(-13.,19.2,-0.));
#5081=DIRECTION('',(1.,0.,0.));
#5082=VECTOR('',#5081,15.);
#5083=LINE('',#5080,#5082);
#5084=EDGE_CURVE('',#5077,#5079,#5083,.T.);
#5085=ORIENTED_EDGE('',*,*,#5084,.T.);
#5086=CARTESIAN_POINT('',(2.,-0.,19.2));
#5087=VERTEX_POINT('',#5086);
#5088=CARTESIAN_POINT('',(2.,0.,-0.));
#5089=DIRECTION('',(-1.,-0.,-0.));
#5090=DIRECTION('',(-0.,0.,1.));
#5091=AXIS2_PLACEMENT_3D('',#5088,#5089,#5090);
#5092=CIRCLE('',#5091,19.2);
#5093=EDGE_CURVE('',#5079,#5087,#5092,.T.);
#5094=ORIENTED_EDGE('',*,*,#5093,.T.);
#5095=CARTESIAN_POINT('',(2.,0.,-0.));
#5096=DIRECTION('',(-1.,-0.,-0.));
#5097=DIRECTION('',(-0.,0.,1.));
#5098=AXIS2_PLACEMENT_3D('',#5095,#5096,#5097);
#5099=CIRCLE('',#5098,19.2);
#5100=EDGE_CURVE('',#5087,#5079,#5099,.T.);
#5101=ORIENTED_EDGE('',*,*,#5100,.T.);
#5102=ORIENTED_EDGE('',*,*,#5084,.F.);
#5103=CARTESIAN_POINT('',(-13.,-0.,19.2));
#5104=VERTEX_POINT('',#5103);
#5105=CARTESIAN_POINT('',(-13.,0.,-0.));
#5106=DIRECTION('',(-1.,-0.,-0.));
#5107=DIRECTION('',(-0.,0.,1.));
#5108=AXIS2_PLACEMENT_3D('',#5105,#5106,#5107);
#5109=CIRCLE('',#5108,19.2);
#5110=EDGE_CURVE('',#5104,#5077,#5109,.T.);
#5111=ORIENTED_EDGE('',*,*,#5110,.F.);
#5112=CARTESIAN_POINT('',(-13.,0.,-0.));
#5113=DIRECTION('',(-1.,-0.,-0.));
#5114=DIRECTION('',(-0.,0.,1.));
#5115=AXIS2_PLACEMENT_3D('',#5112,#5113,#5114);
#5116=CIRCLE('',#5115,19.2);
#5117=EDGE_CURVE('',#5077,#5104,#5116,.T.);
#5118=ORIENTED_EDGE('',*,*,#5117,.F.);
#5119=EDGE_LOOP('',(#5085,#5094,#5101,#5102,#5111,#5118));
#5120=FACE_BOUND('',#5119,.T.);
#5121=ADVANCED_FACE('',(#5120),#5075,.T.);
#5122=CARTESIAN_POINT('',(2.,0.,-0.));
#5123=DIRECTION('',(1.,0.,0.));
#5124=DIRECTION('',(-0.,1.,-0.));
#5125=AXIS2_PLACEMENT_3D('',#5122,#5123,#5124);
#5126=PLANE('',#5125);
#5127=ORIENTED_EDGE('',*,*,#5093,.F.);
#5128=ORIENTED_EDGE('',*,*,#5100,.F.);
#5129=EDGE_LOOP('',(#5127,#5128));
#5130=FACE_BOUND('',#5129,.T.);
#5131=CARTESIAN_POINT('',(2.,-0.,18.2));
#5132=VERTEX_POINT('',#5131);
#5133=CARTESIAN_POINT('',(2.,18.2,-0.));
#5134=VERTEX_POINT('',#5133);
#5135=CARTESIAN_POINT('',(2.,0.,-0.));
#5136=DIRECTION('',(-1.,-0.,-0.));
#5137=DIRECTION('',(-0.,0.,1.));
#5138=AXIS2_PLACEMENT_3D('',#5135,#5136,#5137);
#5139=CIRCLE('',#5138,18.2);
#5140=EDGE_CURVE('',#5132,#5134,#5139,.T.);
#5141=ORIENTED_EDGE('',*,*,#5140,.T.);
#5142=CARTESIAN_POINT('',(2.,0.,-0.));
#5143=DIRECTION('',(-1.,-0.,-0.));
#5144=DIRECTION('',(-0.,0.,1.));
#5145=AXIS2_PLACEMENT_3D('',#5142,#5143,#5144);
#5146=CIRCLE('',#5145,18.2);
#5147=EDGE_CURVE('',#5134,#5132,#5146,.T.);
#5148=ORIENTED_EDGE('',*,*,#5147,.T.);
#5149=EDGE_LOOP('',(#5141,#5148));
#5150=FACE_BOUND('',#5149,.T.);
#5151=ADVANCED_FACE('',(#5130,#5150),#5126,.T.);
#5152=CARTESIAN_POINT('',(-13.,0.,-0.));
#5153=DIRECTION('',(-1.,-0.,-0.));
#5154=DIRECTION('',(-0.,1.,-0.));
#5155=AXIS2_PLACEMENT_3D('',#5152,#5153,#5154);
#5156=CYLINDRICAL_SURFACE('',#5155,18.2);
#5157=CARTESIAN_POINT('',(-13.,18.2,-0.));
#5158=VERTEX_POINT('',#5157);
#5159=CARTESIAN_POINT('',(-13.,18.2,-0.));
#5160=DIRECTION('',(1.,0.,0.));
#5161=VECTOR('',#5160,15.);
#5162=LINE('',#5159,#5161);
#5163=EDGE_CURVE('',#5158,#5134,#5162,.T.);
#5164=ORIENTED_EDGE('',*,*,#5163,.F.);
#5165=CARTESIAN_POINT('',(-13.,-0.,18.2));
#5166=VERTEX_POINT('',#5165);
#5167=CARTESIAN_POINT('',(-13.,0.,-0.));
#5168=DIRECTION('',(-1.,-0.,-0.));
#5169=DIRECTION('',(-0.,0.,1.));
#5170=AXIS2_PLACEMENT_3D('',#5167,#5168,#5169);
#5171=CIRCLE('',#5170,18.2);
#5172=EDGE_CURVE('',#5158,#5166,#5171,.T.);
#5173=ORIENTED_EDGE('',*,*,#5172,.T.);
#5174=CARTESIAN_POINT('',(-13.,0.,-0.));
#5175=DIRECTION('',(-1.,-0.,-0.));
#5176=DIRECTION('',(-0.,0.,1.));
#5177=AXIS2_PLACEMENT_3D('',#5174,#5175,#5176);
#5178=CIRCLE('',#5177,18.2);
#5179=EDGE_CURVE('',#5166,#5158,#5178,.T.);
#5180=ORIENTED_EDGE('',*,*,#5179,.T.);
#5181=ORIENTED_EDGE('',*,*,#5163,.T.);
#5182=ORIENTED_EDGE('',*,*,#5140,.F.);
#5183=ORIENTED_EDGE('',*,*,#5147,.F.);
#5184=EDGE_LOOP('',(#5164,#5173,#5180,#5181,#5182,#5183));
#5185=FACE_BOUND('',#5184,.T.);
#5186=ADVANCED_FACE('',(#5185),#5156,.F.);
#5187=CARTESIAN_POINT('',(-13.,0.,-0.));
#5188=DIRECTION('',(-1.,-0.,-0.));
#5189=DIRECTION('',(-0.,1.,-0.));
#5190=AXIS2_PLACEMENT_3D('',#5187,#5188,#5189);
#5191=PLANE('',#5190);
#5192=ORIENTED_EDGE('',*,*,#5110,.T.);
#5193=ORIENTED_EDGE('',*,*,#5117,.T.);
#5194=EDGE_LOOP('',(#5192,#5193));
#5195=FACE_BOUND('',#5194,.T.);
#5196=ORIENTED_EDGE('',*,*,#5172,.F.);
#5197=ORIENTED_EDGE('',*,*,#5179,.F.);
#5198=EDGE_LOOP('',(#5196,#5197));
#5199=FACE_BOUND('',#5198,.T.);
#5200=ADVANCED_FACE('',(#5195,#5199),#5191,.T.);
#5201=CLOSED_SHELL('',(#5121,#5151,#5186,#5200));
#5202=MANIFOLD_SOLID_BREP('\X2\04220435043B043E\X0\_144 - \X2\0411041F041B0410\X0\32.20.02:1',#5201);
#5203=COLOUR_RGB('',0.501960814,0.501960814,0.501960814);
#5204=FILL_AREA_STYLE_COLOUR('',#5203);
#5205=FILL_AREA_STYLE('',(#5204));
#5206=SURFACE_STYLE_FILL_AREA(#5205);
#5207=SURFACE_SIDE_STYLE('',(#5206));
#5208=SURFACE_STYLE_USAGE(.BOTH.,#5207);
#5209=PRESENTATION_STYLE_ASSIGNMENT((#5208));
#5070=STYLED_ITEM('',(#5209),#5202);
#5211=CARTESIAN_POINT('',(-12.5,-0.,-0.));
#5212=DIRECTION('',(1.,0.,0.));
#5213=DIRECTION('',(0.,-0.380179502,-0.924912724));
#5214=AXIS2_PLACEMENT_3D('',#5211,#5212,#5213);
#5215=CYLINDRICAL_SURFACE('',#5214,18.2);
#5216=CARTESIAN_POINT('',(-0.8,-6.679966483,-16.92979763));
#5217=VERTEX_POINT('',#5216);
#5218=CARTESIAN_POINT('',(-0.8,-1.327122058,-18.151549439));
#5219=VERTEX_POINT('',#5218);
#5220=CARTESIAN_POINT('',(-0.8,-0.,-0.));
#5221=DIRECTION('',(1.,0.,0.));
#5222=DIRECTION('',(0.,-0.974927912,0.222520934));
#5223=AXIS2_PLACEMENT_3D('',#5220,#5221,#5222);
#5224=CIRCLE('',#5223,18.2);
#5225=EDGE_CURVE('',#5217,#5219,#5224,.T.);
#5226=ORIENTED_EDGE('',*,*,#5225,.F.);
#5227=CARTESIAN_POINT('',(-12.2,-6.679966483,-16.92979763));
#5228=VERTEX_POINT('',#5227);
#5229=CARTESIAN_POINT('',(-12.2,-6.679966483,-16.92979763));
#5230=DIRECTION('',(1.,0.,0.));
#5231=VECTOR('',#5230,11.4);
#5232=LINE('',#5229,#5231);
#5233=EDGE_CURVE('',#5228,#5217,#5232,.T.);
#5234=ORIENTED_EDGE('',*,*,#5233,.F.);
#5235=CARTESIAN_POINT('',(-12.2,-1.327122058,-18.151549439));
#5236=VERTEX_POINT('',#5235);
#5237=CARTESIAN_POINT('',(-12.2,-0.,-0.));
#5238=DIRECTION('',(1.,0.,0.));
#5239=DIRECTION('',(0.,-0.974927912,0.222520934));
#5240=AXIS2_PLACEMENT_3D('',#5237,#5238,#5239);
#5241=CIRCLE('',#5240,18.2);
#5242=EDGE_CURVE('',#5228,#5236,#5241,.T.);
#5243=ORIENTED_EDGE('',*,*,#5242,.T.);
#5244=CARTESIAN_POINT('',(-12.2,-1.327122058,-18.151549439));
#5245=DIRECTION('',(1.,0.,0.));
#5246=VECTOR('',#5245,11.4);
#5247=LINE('',#5244,#5246);
#5248=EDGE_CURVE('',#5236,#5219,#5247,.T.);
#5249=ORIENTED_EDGE('',*,*,#5248,.T.);
#5250=EDGE_LOOP('',(#5226,#5234,#5243,#5249));
#5251=FACE_BOUND('',#5250,.T.);
#5252=ADVANCED_FACE('',(#5251),#5215,.T.);
#5253=CARTESIAN_POINT('',(-12.5,-1.06969946,-18.168537175));
#5254=DIRECTION('',(-0.,0.974927912,-0.222520934));
#5255=DIRECTION('',(-0.,0.222520934,0.974927912));
#5256=AXIS2_PLACEMENT_3D('',#5253,#5254,#5255);
#5257=PLANE('',#5256);
#5258=CARTESIAN_POINT('',(-0.8,-1.012768046,-17.919104355));
#5259=VERTEX_POINT('',#5258);
#5260=CARTESIAN_POINT('',(-0.8,-0.742426066,-16.734658752));
#5261=VERTEX_POINT('',#5260);
#5262=CARTESIAN_POINT('',(-0.8,-1.012768046,-17.919104355));
#5263=DIRECTION('',(-0.,0.222520934,0.974927912));
#5264=VECTOR('',#5263,1.214905829);
#5265=LINE('',#5262,#5264);
#5266=EDGE_CURVE('',#5259,#5261,#5265,.T.);
#5267=ORIENTED_EDGE('',*,*,#5266,.F.);
#5268=CARTESIAN_POINT('',(-12.2,-1.012768046,-17.919104355));
#5269=VERTEX_POINT('',#5268);
#5270=CARTESIAN_POINT('',(-12.2,-1.012768046,-17.919104355));
#5271=DIRECTION('',(1.,0.,0.));
#5272=VECTOR('',#5271,11.4);
#5273=LINE('',#5270,#5272);
#5274=EDGE_CURVE('',#5269,#5259,#5273,.T.);
#5275=ORIENTED_EDGE('',*,*,#5274,.F.);
#5276=CARTESIAN_POINT('',(-12.2,-0.742426066,-16.734658752));
#5277=VERTEX_POINT('',#5276);
#5278=CARTESIAN_POINT('',(-12.2,-1.012768046,-17.919104355));
#5279=DIRECTION('',(-0.,0.222520934,0.974927912));
#5280=VECTOR('',#5279,1.214905829);
#5281=LINE('',#5278,#5280);
#5282=EDGE_CURVE('',#5269,#5277,#5281,.T.);
#5283=ORIENTED_EDGE('',*,*,#5282,.T.);
#5284=CARTESIAN_POINT('',(-12.2,-0.742426066,-16.734658752));
#5285=DIRECTION('',(1.,0.,0.));
#5286=VECTOR('',#5285,11.4);
#5287=LINE('',#5284,#5286);
#5288=EDGE_CURVE('',#5277,#5261,#5287,.T.);
#5289=ORIENTED_EDGE('',*,*,#5288,.T.);
#5290=EDGE_LOOP('',(#5267,#5275,#5283,#5289));
#5291=FACE_BOUND('',#5290,.T.);
#5292=ADVANCED_FACE('',(#5291),#5257,.T.);
#5293=CARTESIAN_POINT('',(-12.5,-0.,-0.));
#5294=DIRECTION('',(-1.,-0.,-0.));
#5295=DIRECTION('',(0.,-0.040425762,-0.999182545));
#5296=AXIS2_PLACEMENT_3D('',#5293,#5294,#5295);
#5297=CYLINDRICAL_SURFACE('',#5296,16.4);
#5298=CARTESIAN_POINT('',(-0.8,-1.016313342,-16.368479074));
#5299=VERTEX_POINT('',#5298);
#5300=CARTESIAN_POINT('',(-0.8,-6.186350223,-15.188451894));
#5301=VERTEX_POINT('',#5300);
#5302=CARTESIAN_POINT('',(-0.8,-0.,-0.));
#5303=DIRECTION('',(-1.,-0.,-0.));
#5304=DIRECTION('',(-0.,0.974927912,-0.222520934));
#5305=AXIS2_PLACEMENT_3D('',#5302,#5303,#5304);
#5306=CIRCLE('',#5305,16.4);
#5307=EDGE_CURVE('',#5299,#5301,#5306,.T.);
#5308=ORIENTED_EDGE('',*,*,#5307,.F.);
#5309=CARTESIAN_POINT('',(-12.2,-1.016313342,-16.368479074));
#5310=VERTEX_POINT('',#5309);
#5311=CARTESIAN_POINT('',(-12.2,-1.016313342,-16.368479074));
#5312=DIRECTION('',(1.,0.,0.));
#5313=VECTOR('',#5312,11.4);
#5314=LINE('',#5311,#5313);
#5315=EDGE_CURVE('',#5310,#5299,#5314,.T.);
#5316=ORIENTED_EDGE('',*,*,#5315,.F.);
#5317=CARTESIAN_POINT('',(-12.2,-6.186350223,-15.188451894));
#5318=VERTEX_POINT('',#5317);
#5319=CARTESIAN_POINT('',(-12.2,-0.,-0.));
#5320=DIRECTION('',(-1.,-0.,-0.));
#5321=DIRECTION('',(-0.,0.974927912,-0.222520934));
#5322=AXIS2_PLACEMENT_3D('',#5319,#5320,#5321);
#5323=CIRCLE('',#5322,16.4);
#5324=EDGE_CURVE('',#5310,#5318,#5323,.T.);
#5325=ORIENTED_EDGE('',*,*,#5324,.T.);
#5326=CARTESIAN_POINT('',(-12.2,-6.186350223,-15.188451894));
#5327=DIRECTION('',(1.,0.,0.));
#5328=VECTOR('',#5327,11.4);
#5329=LINE('',#5326,#5328);
#5330=EDGE_CURVE('',#5318,#5301,#5329,.T.);
#5331=ORIENTED_EDGE('',*,*,#5330,.T.);
#5332=EDGE_LOOP('',(#5308,#5316,#5325,#5331));
#5333=FACE_BOUND('',#5332,.T.);
#5334=ADVANCED_FACE('',(#5333),#5297,.F.);
#5335=CARTESIAN_POINT('',(-12.5,-6.512549971,-15.05146813));
#5336=DIRECTION('',(0.,-0.974927912,0.222520934));
#5337=DIRECTION('',(0.,-0.222520934,-0.974927912));
#5338=AXIS2_PLACEMENT_3D('',#5335,#5336,#5337);
#5339=PLANE('',#5338);
#5340=CARTESIAN_POINT('',(-0.8,-6.591993539,-15.399533148));
#5341=VERTEX_POINT('',#5340);
#5342=CARTESIAN_POINT('',(-0.8,-6.862335519,-16.583978751));
#5343=VERTEX_POINT('',#5342);
#5344=CARTESIAN_POINT('',(-0.8,-6.591993539,-15.399533148));
#5345=DIRECTION('',(0.,-0.222520934,-0.974927912));
#5346=VECTOR('',#5345,1.214905829);
#5347=LINE('',#5344,#5346);
#5348=EDGE_CURVE('',#5341,#5343,#5347,.T.);
#5349=ORIENTED_EDGE('',*,*,#5348,.F.);
#5350=CARTESIAN_POINT('',(-12.2,-6.591993539,-15.399533148));
#5351=VERTEX_POINT('',#5350);
#5352=CARTESIAN_POINT('',(-12.2,-6.591993539,-15.399533148));
#5353=DIRECTION('',(1.,0.,0.));
#5354=VECTOR('',#5353,11.4);
#5355=LINE('',#5352,#5354);
#5356=EDGE_CURVE('',#5351,#5341,#5355,.T.);
#5357=ORIENTED_EDGE('',*,*,#5356,.F.);
#5358=CARTESIAN_POINT('',(-12.2,-6.862335519,-16.583978751));
#5359=VERTEX_POINT('',#5358);
#5360=CARTESIAN_POINT('',(-12.2,-6.591993539,-15.399533148));
#5361=DIRECTION('',(0.,-0.222520934,-0.974927912));
#5362=VECTOR('',#5361,1.214905829);
#5363=LINE('',#5360,#5362);
#5364=EDGE_CURVE('',#5351,#5359,#5363,.T.);
#5365=ORIENTED_EDGE('',*,*,#5364,.T.);
#5366=CARTESIAN_POINT('',(-12.2,-6.862335519,-16.583978751));
#5367=DIRECTION('',(1.,0.,0.));
#5368=VECTOR('',#5367,11.4);
#5369=LINE('',#5366,#5368);
#5370=EDGE_CURVE('',#5359,#5343,#5369,.T.);
#5371=ORIENTED_EDGE('',*,*,#5370,.T.);
#5372=EDGE_LOOP('',(#5349,#5357,#5365,#5371));
#5373=FACE_BOUND('',#5372,.T.);
#5374=ADVANCED_FACE('',(#5373),#5339,.T.);
#5375=CARTESIAN_POINT('',(-0.5,-0.,-0.));
#5376=DIRECTION('',(1.,0.,0.));
#5377=DIRECTION('',(0.,-0.974927912,0.222520934));
#5378=AXIS2_PLACEMENT_3D('',#5375,#5376,#5377);
#5379=PLANE('',#5378);
#5380=CARTESIAN_POINT('',(-0.5,-6.569857146,-16.650735031));
#5381=VERTEX_POINT('',#5380);
#5382=CARTESIAN_POINT('',(-0.5,-1.30524642,-17.852348075));
#5383=VERTEX_POINT('',#5382);
#5384=CARTESIAN_POINT('',(-0.5,-0.,-0.));
#5385=DIRECTION('',(1.,0.,0.));
#5386=DIRECTION('',(0.,-0.974927912,0.222520934));
#5387=AXIS2_PLACEMENT_3D('',#5384,#5385,#5386);
#5388=CIRCLE('',#5387,17.9);
#5389=EDGE_CURVE('',#5381,#5383,#5388,.T.);
#5390=ORIENTED_EDGE('',*,*,#5389,.T.);
#5391=CARTESIAN_POINT('',(-0.5,-1.03490444,-16.667902472));
#5392=VERTEX_POINT('',#5391);
#5393=CARTESIAN_POINT('',(-0.5,-1.30524642,-17.852348075));
#5394=DIRECTION('',(-0.,0.222520934,0.974927912));
#5395=VECTOR('',#5394,1.214905829);
#5396=LINE('',#5393,#5395);
#5397=EDGE_CURVE('',#5383,#5392,#5396,.T.);
#5398=ORIENTED_EDGE('',*,*,#5397,.T.);
#5399=CARTESIAN_POINT('',(-0.5,-6.299515166,-15.466289428));
#5400=VERTEX_POINT('',#5399);
#5401=CARTESIAN_POINT('',(-0.5,-0.,-0.));
#5402=DIRECTION('',(-1.,-0.,-0.));
#5403=DIRECTION('',(-0.,0.974927912,-0.222520934));
#5404=AXIS2_PLACEMENT_3D('',#5401,#5402,#5403);
#5405=CIRCLE('',#5404,16.7);
#5406=EDGE_CURVE('',#5392,#5400,#5405,.T.);
#5407=ORIENTED_EDGE('',*,*,#5406,.T.);
#5408=CARTESIAN_POINT('',(-0.5,-6.299515166,-15.466289428));
#5409=DIRECTION('',(0.,-0.222520934,-0.974927912));
#5410=VECTOR('',#5409,1.214905829);
#5411=LINE('',#5408,#5410);
#5412=EDGE_CURVE('',#5400,#5381,#5411,.T.);
#5413=ORIENTED_EDGE('',*,*,#5412,.T.);
#5414=EDGE_LOOP('',(#5390,#5398,#5407,#5413));
#5415=FACE_BOUND('',#5414,.T.);
#5416=ADVANCED_FACE('',(#5415),#5379,.T.);
#5417=CARTESIAN_POINT('',(-12.5,-0.,-0.));
#5418=DIRECTION('',(1.,0.,0.));
#5419=DIRECTION('',(0.,-0.974927912,0.222520934));
#5420=AXIS2_PLACEMENT_3D('',#5417,#5418,#5419);
#5421=PLANE('',#5420);
#5422=CARTESIAN_POINT('',(-12.5,-6.569857146,-16.650735031));
#5423=VERTEX_POINT('',#5422);
#5424=CARTESIAN_POINT('',(-12.5,-1.30524642,-17.852348075));
#5425=VERTEX_POINT('',#5424);
#5426=CARTESIAN_POINT('',(-12.5,-0.,-0.));
#5427=DIRECTION('',(1.,0.,0.));
#5428=DIRECTION('',(0.,-0.974927912,0.222520934));
#5429=AXIS2_PLACEMENT_3D('',#5426,#5427,#5428);
#5430=CIRCLE('',#5429,17.9);
#5431=EDGE_CURVE('',#5423,#5425,#5430,.T.);
#5432=ORIENTED_EDGE('',*,*,#5431,.F.);
#5433=CARTESIAN_POINT('',(-12.5,-6.299515166,-15.466289428));
#5434=VERTEX_POINT('',#5433);
#5435=CARTESIAN_POINT('',(-12.5,-6.299515166,-15.466289428));
#5436=DIRECTION('',(0.,-0.222520934,-0.974927912));
#5437=VECTOR('',#5436,1.214905829);
#5438=LINE('',#5435,#5437);
#5439=EDGE_CURVE('',#5434,#5423,#5438,.T.);
#5440=ORIENTED_EDGE('',*,*,#5439,.F.);
#5441=CARTESIAN_POINT('',(-12.5,-1.03490444,-16.667902472));
#5442=VERTEX_POINT('',#5441);
#5443=CARTESIAN_POINT('',(-12.5,-0.,-0.));
#5444=DIRECTION('',(-1.,-0.,-0.));
#5445=DIRECTION('',(-0.,0.974927912,-0.222520934));
#5446=AXIS2_PLACEMENT_3D('',#5443,#5444,#5445);
#5447=CIRCLE('',#5446,16.7);
#5448=EDGE_CURVE('',#5442,#5434,#5447,.T.);
#5449=ORIENTED_EDGE('',*,*,#5448,.F.);
#5450=CARTESIAN_POINT('',(-12.5,-1.30524642,-17.852348075));
#5451=DIRECTION('',(-0.,0.222520934,0.974927912));
#5452=VECTOR('',#5451,1.214905829);
#5453=LINE('',#5450,#5452);
#5454=EDGE_CURVE('',#5425,#5442,#5453,.T.);
#5455=ORIENTED_EDGE('',*,*,#5454,.F.);
#5456=EDGE_LOOP('',(#5432,#5440,#5449,#5455));
#5457=FACE_BOUND('',#5456,.T.);
#5458=ADVANCED_FACE('',(#5457),#5421,.F.);
#5459=CARTESIAN_POINT('',(-13.1,-1.30524642,-17.852348075));
#5460=DIRECTION('',(-1.,-0.,-0.));
#5461=DIRECTION('',(-0.,0.974927912,-0.222520934));
#5462=AXIS2_PLACEMENT_3D('',#5459,#5460,#5461);
#5463=CYLINDRICAL_SURFACE('',#5462,0.3);
#5464=CARTESIAN_POINT('',(-0.8,-1.30524642,-17.852348075));
#5465=DIRECTION('',(-1.,-0.,-0.));
#5466=DIRECTION('',(-0.,0.974927912,-0.222520934));
#5467=AXIS2_PLACEMENT_3D('',#5464,#5465,#5466);
#5468=CIRCLE('',#5467,0.3);
#5469=EDGE_CURVE('',#5259,#5219,#5468,.T.);
#5470=ORIENTED_EDGE('',*,*,#5469,.T.);
#5471=ORIENTED_EDGE('',*,*,#5248,.F.);
#5472=CARTESIAN_POINT('',(-12.2,-1.30524642,-17.852348075));
#5473=DIRECTION('',(1.,0.,0.));
#5474=DIRECTION('',(-0.,0.974927912,-0.222520934));
#5475=AXIS2_PLACEMENT_3D('',#5472,#5473,#5474);
#5476=CIRCLE('',#5475,0.3);
#5477=EDGE_CURVE('',#5236,#5269,#5476,.T.);
#5478=ORIENTED_EDGE('',*,*,#5477,.T.);
#5479=ORIENTED_EDGE('',*,*,#5274,.T.);
#5480=EDGE_LOOP('',(#5470,#5471,#5478,#5479));
#5481=FACE_BOUND('',#5480,.T.);
#5482=ADVANCED_FACE('',(#5481),#5463,.T.);
#5483=CARTESIAN_POINT('',(-13.1,-6.569857146,-16.650735031));
#5484=DIRECTION('',(-1.,-0.,-0.));
#5485=DIRECTION('',(0.,-0.367031125,-0.930208661));
#5486=AXIS2_PLACEMENT_3D('',#5483,#5484,#5485);
#5487=CYLINDRICAL_SURFACE('',#5486,0.3);
#5488=CARTESIAN_POINT('',(-0.8,-6.569857146,-16.650735031));
#5489=DIRECTION('',(-1.,-0.,-0.));
#5490=DIRECTION('',(-0.,0.974927912,-0.222520934));
#5491=AXIS2_PLACEMENT_3D('',#5488,#5489,#5490);
#5492=CIRCLE('',#5491,0.3);
#5493=EDGE_CURVE('',#5217,#5343,#5492,.T.);
#5494=ORIENTED_EDGE('',*,*,#5493,.T.);
#5495=ORIENTED_EDGE('',*,*,#5370,.F.);
#5496=CARTESIAN_POINT('',(-12.2,-6.569857146,-16.650735031));
#5497=DIRECTION('',(1.,0.,0.));
#5498=DIRECTION('',(-0.,0.974927912,-0.222520934));
#5499=AXIS2_PLACEMENT_3D('',#5496,#5497,#5498);
#5500=CIRCLE('',#5499,0.3);
#5501=EDGE_CURVE('',#5359,#5228,#5500,.T.);
#5502=ORIENTED_EDGE('',*,*,#5501,.T.);
#5503=ORIENTED_EDGE('',*,*,#5233,.T.);
#5504=EDGE_LOOP('',(#5494,#5495,#5502,#5503));
#5505=FACE_BOUND('',#5504,.T.);
#5506=ADVANCED_FACE('',(#5505),#5487,.T.);
#5507=CARTESIAN_POINT('',(-13.1,-1.03490444,-16.667902472));
#5508=DIRECTION('',(-1.,-0.,-0.));
#5509=DIRECTION('',(-0.,0.061970326,0.998077992));
#5510=AXIS2_PLACEMENT_3D('',#5507,#5508,#5509);
#5511=CYLINDRICAL_SURFACE('',#5510,0.3);
#5512=CARTESIAN_POINT('',(-0.8,-1.03490444,-16.667902472));
#5513=DIRECTION('',(-1.,-0.,-0.));
#5514=DIRECTION('',(-0.,0.974927912,-0.222520934));
#5515=AXIS2_PLACEMENT_3D('',#5512,#5513,#5514);
#5516=CIRCLE('',#5515,0.3);
#5517=EDGE_CURVE('',#5299,#5261,#5516,.T.);
#5518=ORIENTED_EDGE('',*,*,#5517,.T.);
#5519=ORIENTED_EDGE('',*,*,#5288,.F.);
#5520=CARTESIAN_POINT('',(-12.2,-1.03490444,-16.667902472));
#5521=DIRECTION('',(1.,0.,0.));
#5522=DIRECTION('',(-0.,0.974927912,-0.222520934));
#5523=AXIS2_PLACEMENT_3D('',#5520,#5521,#5522);
#5524=CIRCLE('',#5523,0.3);
#5525=EDGE_CURVE('',#5277,#5310,#5524,.T.);
#5526=ORIENTED_EDGE('',*,*,#5525,.T.);
#5527=ORIENTED_EDGE('',*,*,#5315,.T.);
#5528=EDGE_LOOP('',(#5518,#5519,#5526,#5527));
#5529=FACE_BOUND('',#5528,.T.);
#5530=ADVANCED_FACE('',(#5529),#5511,.T.);
#5531=CARTESIAN_POINT('',(-13.1,-6.299515166,-15.466289428));
#5532=DIRECTION('',(-1.,-0.,-0.));
#5533=DIRECTION('',(0.,-0.974927912,0.222520934));
#5534=AXIS2_PLACEMENT_3D('',#5531,#5532,#5533);
#5535=CYLINDRICAL_SURFACE('',#5534,0.3);
#5536=CARTESIAN_POINT('',(-0.8,-6.299515166,-15.466289428));
#5537=DIRECTION('',(-1.,-0.,-0.));
#5538=DIRECTION('',(-0.,0.974927912,-0.222520934));
#5539=AXIS2_PLACEMENT_3D('',#5536,#5537,#5538);
#5540=CIRCLE('',#5539,0.3);
#5541=EDGE_CURVE('',#5341,#5301,#5540,.T.);
#5542=ORIENTED_EDGE('',*,*,#5541,.T.);
#5543=ORIENTED_EDGE('',*,*,#5330,.F.);
#5544=CARTESIAN_POINT('',(-12.2,-6.299515166,-15.466289428));
#5545=DIRECTION('',(1.,0.,0.));
#5546=DIRECTION('',(-0.,0.974927912,-0.222520934));
#5547=AXIS2_PLACEMENT_3D('',#5544,#5545,#5546);
#5548=CIRCLE('',#5547,0.3);
#5549=EDGE_CURVE('',#5318,#5351,#5548,.T.);
#5550=ORIENTED_EDGE('',*,*,#5549,.T.);
#5551=ORIENTED_EDGE('',*,*,#5356,.T.);
#5552=EDGE_LOOP('',(#5542,#5543,#5550,#5551));
#5553=FACE_BOUND('',#5552,.T.);
#5554=ADVANCED_FACE('',(#5553),#5535,.T.);
#5555=CARTESIAN_POINT('',(-12.2,-0.,-0.));
#5556=DIRECTION('',(1.,0.,0.));
#5557=DIRECTION('',(0.,-0.397999294,-0.917385721));
#5558=AXIS2_PLACEMENT_3D('',#5555,#5556,#5557);
#5559=TOROIDAL_SURFACE('',#5558,17.9,0.3);
#5560=ORIENTED_EDGE('',*,*,#5242,.F.);
#5561=CARTESIAN_POINT('',(-12.2,-6.569857146,-16.650735031));
#5562=DIRECTION('',(0.,-0.930208661,0.367031125));
#5563=DIRECTION('',(-0.,0.367031125,0.930208661));
#5564=AXIS2_PLACEMENT_3D('',#5561,#5562,#5563);
#5565=CIRCLE('',#5564,0.3);
#5566=EDGE_CURVE('',#5423,#5228,#5565,.T.);
#5567=ORIENTED_EDGE('',*,*,#5566,.F.);
#5568=ORIENTED_EDGE('',*,*,#5431,.T.);
#5569=CARTESIAN_POINT('',(-12.2,-1.30524642,-17.852348075));
#5570=DIRECTION('',(0.,-0.997337881,0.072918794));
#5571=DIRECTION('',(0.,-0.072918794,-0.997337881));
#5572=AXIS2_PLACEMENT_3D('',#5569,#5570,#5571);
#5573=CIRCLE('',#5572,0.3);
#5574=EDGE_CURVE('',#5425,#5236,#5573,.T.);
#5575=ORIENTED_EDGE('',*,*,#5574,.T.);
#5576=EDGE_LOOP('',(#5560,#5567,#5568,#5575));
#5577=FACE_BOUND('',#5576,.T.);
#5578=ADVANCED_FACE('',(#5577),#5559,.T.);
#5579=CARTESIAN_POINT('',(-12.2,-1.30524642,-17.852348075));
#5580=DIRECTION('',(-1.,-0.,-0.));
#5581=DIRECTION('',(-0.,0.974927912,-0.222520934));
#5582=AXIS2_PLACEMENT_3D('',#5579,#5580,#5581);
#5583=SPHERICAL_SURFACE('',#5582,0.3);
#5584=CARTESIAN_POINT('',(-12.2,-1.30524642,-17.852348075));
#5585=DIRECTION('',(0.,-0.222520934,-0.974927912));
#5586=DIRECTION('',(-1.,-0.,-0.));
#5587=AXIS2_PLACEMENT_3D('',#5584,#5585,#5586);
#5588=CIRCLE('',#5587,0.3);
#5589=EDGE_CURVE('',#5425,#5269,#5588,.T.);
#5590=ORIENTED_EDGE('',*,*,#5589,.T.);
#5591=ORIENTED_EDGE('',*,*,#5477,.F.);
#5592=ORIENTED_EDGE('',*,*,#5574,.F.);
#5593=EDGE_LOOP('',(#5590,#5591,#5592));
#5594=FACE_BOUND('',#5593,.T.);
#5595=ADVANCED_FACE('',(#5594),#5583,.T.);
#5596=CARTESIAN_POINT('',(-12.2,-1.572271541,-19.022261569));
#5597=DIRECTION('',(0.,-0.222520934,-0.974927912));
#5598=DIRECTION('',(-1.,-0.,-0.));
#5599=AXIS2_PLACEMENT_3D('',#5596,#5597,#5598);
#5600=CYLINDRICAL_SURFACE('',#5599,0.3);
#5601=ORIENTED_EDGE('',*,*,#5282,.F.);
#5602=ORIENTED_EDGE('',*,*,#5589,.F.);
#5603=ORIENTED_EDGE('',*,*,#5454,.T.);
#5604=CARTESIAN_POINT('',(-12.2,-1.03490444,-16.667902472));
#5605=DIRECTION('',(0.,-0.222520934,-0.974927912));
#5606=DIRECTION('',(1.,0.,0.));
#5607=AXIS2_PLACEMENT_3D('',#5604,#5605,#5606);
#5608=CIRCLE('',#5607,0.3);
#5609=EDGE_CURVE('',#5442,#5277,#5608,.T.);
#5610=ORIENTED_EDGE('',*,*,#5609,.T.);
#5611=EDGE_LOOP('',(#5601,#5602,#5603,#5610));
#5612=FACE_BOUND('',#5611,.T.);
#5613=ADVANCED_FACE('',(#5612),#5600,.T.);
#5614=CARTESIAN_POINT('',(-12.2,-1.03490444,-16.667902472));
#5615=DIRECTION('',(-1.,-0.,-0.));
#5616=DIRECTION('',(-0.,0.061970326,0.998077992));
#5617=AXIS2_PLACEMENT_3D('',#5614,#5615,#5616);
#5618=SPHERICAL_SURFACE('',#5617,0.3);
#5619=ORIENTED_EDGE('',*,*,#5525,.F.);
#5620=ORIENTED_EDGE('',*,*,#5609,.F.);
#5621=CARTESIAN_POINT('',(-12.2,-1.03490444,-16.667902472));
#5622=DIRECTION('',(-0.,0.998077992,-0.061970326));
#5623=DIRECTION('',(0.,-0.061970326,-0.998077992));
#5624=AXIS2_PLACEMENT_3D('',#5621,#5622,#5623);
#5625=CIRCLE('',#5624,0.3);
#5626=EDGE_CURVE('',#5442,#5310,#5625,.T.);
#5627=ORIENTED_EDGE('',*,*,#5626,.T.);
#5628=EDGE_LOOP('',(#5619,#5620,#5627));
#5629=FACE_BOUND('',#5628,.T.);
#5630=ADVANCED_FACE('',(#5629),#5618,.T.);
#5631=CARTESIAN_POINT('',(-12.2,-0.,-0.));
#5632=DIRECTION('',(-1.,-0.,-0.));
#5633=DIRECTION('',(0.,-0.026078958,-0.999659886));
#5634=AXIS2_PLACEMENT_3D('',#5631,#5632,#5633);
#5635=TOROIDAL_SURFACE('',#5634,16.7,0.3);
#5636=ORIENTED_EDGE('',*,*,#5324,.F.);
#5637=ORIENTED_EDGE('',*,*,#5626,.F.);
#5638=ORIENTED_EDGE('',*,*,#5448,.T.);
#5639=CARTESIAN_POINT('',(-12.2,-6.299515166,-15.466289428));
#5640=DIRECTION('',(-0.,0.926125115,-0.377216477));
#5641=DIRECTION('',(-0.,0.377216477,0.926125115));
#5642=AXIS2_PLACEMENT_3D('',#5639,#5640,#5641);
#5643=CIRCLE('',#5642,0.3);
#5644=EDGE_CURVE('',#5434,#5318,#5643,.T.);
#5645=ORIENTED_EDGE('',*,*,#5644,.T.);
#5646=EDGE_LOOP('',(#5636,#5637,#5638,#5645));
#5647=FACE_BOUND('',#5646,.T.);
#5648=ADVANCED_FACE('',(#5647),#5635,.T.);
#5649=CARTESIAN_POINT('',(-12.2,-6.299515166,-15.466289428));
#5650=DIRECTION('',(-1.,-0.,-0.));
#5651=DIRECTION('',(0.,-0.974927912,0.222520934));
#5652=AXIS2_PLACEMENT_3D('',#5649,#5650,#5651);
#5653=SPHERICAL_SURFACE('',#5652,0.3);
#5654=ORIENTED_EDGE('',*,*,#5549,.F.);
#5655=ORIENTED_EDGE('',*,*,#5644,.F.);
#5656=CARTESIAN_POINT('',(-12.2,-6.299515166,-15.466289428));
#5657=DIRECTION('',(-0.,0.222520934,0.974927912));
#5658=DIRECTION('',(1.,0.,0.));
#5659=AXIS2_PLACEMENT_3D('',#5656,#5657,#5658);
#5660=CIRCLE('',#5659,0.3);
#5661=EDGE_CURVE('',#5434,#5351,#5660,.T.);
#5662=ORIENTED_EDGE('',*,*,#5661,.T.);
#5663=EDGE_LOOP('',(#5654,#5655,#5662));
#5664=FACE_BOUND('',#5663,.T.);
#5665=ADVANCED_FACE('',(#5664),#5653,.T.);
#5666=CARTESIAN_POINT('',(-12.2,-6.032490045,-14.296375934));
#5667=DIRECTION('',(-0.,0.222520934,0.974927912));
#5668=DIRECTION('',(-1.,0.,-0.));
#5669=AXIS2_PLACEMENT_3D('',#5666,#5667,#5668);
#5670=CYLINDRICAL_SURFACE('',#5669,0.3);
#5671=ORIENTED_EDGE('',*,*,#5364,.F.);
#5672=ORIENTED_EDGE('',*,*,#5661,.F.);
#5673=ORIENTED_EDGE('',*,*,#5439,.T.);
#5674=CARTESIAN_POINT('',(-12.2,-6.569857146,-16.650735031));
#5675=DIRECTION('',(-0.,0.222520934,0.974927912));
#5676=DIRECTION('',(-1.,-0.,-0.));
#5677=AXIS2_PLACEMENT_3D('',#5674,#5675,#5676);
#5678=CIRCLE('',#5677,0.3);
#5679=EDGE_CURVE('',#5423,#5359,#5678,.T.);
#5680=ORIENTED_EDGE('',*,*,#5679,.T.);
#5681=EDGE_LOOP('',(#5671,#5672,#5673,#5680));
#5682=FACE_BOUND('',#5681,.T.);
#5683=ADVANCED_FACE('',(#5682),#5670,.T.);
#5684=CARTESIAN_POINT('',(-12.2,-6.569857146,-16.650735031));
#5685=DIRECTION('',(-1.,-0.,-0.));
#5686=DIRECTION('',(0.,-0.367031125,-0.930208661));
#5687=AXIS2_PLACEMENT_3D('',#5684,#5685,#5686);
#5688=SPHERICAL_SURFACE('',#5687,0.3);
#5689=ORIENTED_EDGE('',*,*,#5679,.F.);
#5690=ORIENTED_EDGE('',*,*,#5566,.T.);
#5691=ORIENTED_EDGE('',*,*,#5501,.F.);
#5692=EDGE_LOOP('',(#5689,#5690,#5691));
#5693=FACE_BOUND('',#5692,.T.);
#5694=ADVANCED_FACE('',(#5693),#5688,.T.);
#5695=CARTESIAN_POINT('',(-0.8,-0.,-0.));
#5696=DIRECTION('',(1.,0.,0.));
#5697=DIRECTION('',(0.,-0.397999294,-0.917385721));
#5698=AXIS2_PLACEMENT_3D('',#5695,#5696,#5697);
#5699=TOROIDAL_SURFACE('',#5698,17.9,0.3);
#5700=ORIENTED_EDGE('',*,*,#5225,.T.);
#5701=CARTESIAN_POINT('',(-0.8,-1.30524642,-17.852348075));
#5702=DIRECTION('',(0.,-0.997337881,0.072918794));
#5703=DIRECTION('',(0.,-0.072918794,-0.997337881));
#5704=AXIS2_PLACEMENT_3D('',#5701,#5702,#5703);
#5705=CIRCLE('',#5704,0.3);
#5706=EDGE_CURVE('',#5219,#5383,#5705,.T.);
#5707=ORIENTED_EDGE('',*,*,#5706,.T.);
#5708=ORIENTED_EDGE('',*,*,#5389,.F.);
#5709=CARTESIAN_POINT('',(-0.8,-6.569857146,-16.650735031));
#5710=DIRECTION('',(0.,-0.930208661,0.367031125));
#5711=DIRECTION('',(0.,-0.367031125,-0.930208661));
#5712=AXIS2_PLACEMENT_3D('',#5709,#5710,#5711);
#5713=CIRCLE('',#5712,0.3);
#5714=EDGE_CURVE('',#5217,#5381,#5713,.T.);
#5715=ORIENTED_EDGE('',*,*,#5714,.F.);
#5716=EDGE_LOOP('',(#5700,#5707,#5708,#5715));
#5717=FACE_BOUND('',#5716,.T.);
#5718=ADVANCED_FACE('',(#5717),#5699,.T.);
#5719=CARTESIAN_POINT('',(-0.8,-1.30524642,-17.852348075));
#5720=DIRECTION('',(1.,0.,0.));
#5721=DIRECTION('',(0.,-0.072918794,-0.997337881));
#5722=AXIS2_PLACEMENT_3D('',#5719,#5720,#5721);
#5723=SPHERICAL_SURFACE('',#5722,0.3);
#5724=ORIENTED_EDGE('',*,*,#5706,.F.);
#5725=ORIENTED_EDGE('',*,*,#5469,.F.);
#5726=CARTESIAN_POINT('',(-0.8,-1.30524642,-17.852348075));
#5727=DIRECTION('',(0.,-0.222520934,-0.974927912));
#5728=DIRECTION('',(-0.,0.974927912,-0.222520934));
#5729=AXIS2_PLACEMENT_3D('',#5726,#5727,#5728);
#5730=CIRCLE('',#5729,0.3);
#5731=EDGE_CURVE('',#5259,#5383,#5730,.T.);
#5732=ORIENTED_EDGE('',*,*,#5731,.T.);
#5733=EDGE_LOOP('',(#5724,#5725,#5732));
#5734=FACE_BOUND('',#5733,.T.);
#5735=ADVANCED_FACE('',(#5734),#5723,.T.);
#5736=CARTESIAN_POINT('',(-0.8,-1.572271541,-19.022261569));
#5737=DIRECTION('',(-0.,0.222520934,0.974927912));
#5738=DIRECTION('',(1.,0.,0.));
#5739=AXIS2_PLACEMENT_3D('',#5736,#5737,#5738);
#5740=CYLINDRICAL_SURFACE('',#5739,0.3);
#5741=ORIENTED_EDGE('',*,*,#5266,.T.);
#5742=CARTESIAN_POINT('',(-0.8,-1.03490444,-16.667902472));
#5743=DIRECTION('',(0.,-0.222520934,-0.974927912));
#5744=DIRECTION('',(-1.,-0.,-0.));
#5745=AXIS2_PLACEMENT_3D('',#5742,#5743,#5744);
#5746=CIRCLE('',#5745,0.3);
#5747=EDGE_CURVE('',#5261,#5392,#5746,.T.);
#5748=ORIENTED_EDGE('',*,*,#5747,.T.);
#5749=ORIENTED_EDGE('',*,*,#5397,.F.);
#5750=ORIENTED_EDGE('',*,*,#5731,.F.);
#5751=EDGE_LOOP('',(#5741,#5748,#5749,#5750));
#5752=FACE_BOUND('',#5751,.T.);
#5753=ADVANCED_FACE('',(#5752),#5740,.T.);
#5754=CARTESIAN_POINT('',(-0.8,-1.03490444,-16.667902472));
#5755=DIRECTION('',(1.,0.,0.));
#5756=DIRECTION('',(-0.,0.974927912,-0.222520934));
#5757=AXIS2_PLACEMENT_3D('',#5754,#5755,#5756);
#5758=SPHERICAL_SURFACE('',#5757,0.3);
#5759=CARTESIAN_POINT('',(-0.8,-1.03490444,-16.667902472));
#5760=DIRECTION('',(-0.,0.998077992,-0.061970326));
#5761=DIRECTION('',(-0.,0.061970326,0.998077992));
#5762=AXIS2_PLACEMENT_3D('',#5759,#5760,#5761);
#5763=CIRCLE('',#5762,0.3);
#5764=EDGE_CURVE('',#5299,#5392,#5763,.T.);
#5765=ORIENTED_EDGE('',*,*,#5764,.T.);
#5766=ORIENTED_EDGE('',*,*,#5747,.F.);
#5767=ORIENTED_EDGE('',*,*,#5517,.F.);
#5768=EDGE_LOOP('',(#5765,#5766,#5767));
#5769=FACE_BOUND('',#5768,.T.);
#5770=ADVANCED_FACE('',(#5769),#5758,.T.);
#5771=CARTESIAN_POINT('',(-0.8,-0.,-0.));
#5772=DIRECTION('',(-1.,-0.,-0.));
#5773=DIRECTION('',(0.,-0.026078958,-0.999659886));
#5774=AXIS2_PLACEMENT_3D('',#5771,#5772,#5773);
#5775=TOROIDAL_SURFACE('',#5774,16.7,0.3);
#5776=ORIENTED_EDGE('',*,*,#5307,.T.);
#5777=CARTESIAN_POINT('',(-0.8,-6.299515166,-15.466289428));
#5778=DIRECTION('',(-0.,0.926125115,-0.377216477));
#5779=DIRECTION('',(-0.,0.377216477,0.926125115));
#5780=AXIS2_PLACEMENT_3D('',#5777,#5778,#5779);
#5781=CIRCLE('',#5780,0.3);
#5782=EDGE_CURVE('',#5301,#5400,#5781,.T.);
#5783=ORIENTED_EDGE('',*,*,#5782,.T.);
#5784=ORIENTED_EDGE('',*,*,#5406,.F.);
#5785=ORIENTED_EDGE('',*,*,#5764,.F.);
#5786=EDGE_LOOP('',(#5776,#5783,#5784,#5785));
#5787=FACE_BOUND('',#5786,.T.);
#5788=ADVANCED_FACE('',(#5787),#5775,.T.);
#5789=CARTESIAN_POINT('',(-0.8,-6.299515166,-15.466289428));
#5790=DIRECTION('',(1.,0.,0.));
#5791=DIRECTION('',(-0.,0.377216477,0.926125115));
#5792=AXIS2_PLACEMENT_3D('',#5789,#5790,#5791);
#5793=SPHERICAL_SURFACE('',#5792,0.3);
#5794=CARTESIAN_POINT('',(-0.8,-6.299515166,-15.466289428));
#5795=DIRECTION('',(-0.,0.222520934,0.974927912));
#5796=DIRECTION('',(0.,-0.974927912,0.222520934));
#5797=AXIS2_PLACEMENT_3D('',#5794,#5795,#5796);
#5798=CIRCLE('',#5797,0.3);
#5799=EDGE_CURVE('',#5341,#5400,#5798,.T.);
#5800=ORIENTED_EDGE('',*,*,#5799,.T.);
#5801=ORIENTED_EDGE('',*,*,#5782,.F.);
#5802=ORIENTED_EDGE('',*,*,#5541,.F.);
#5803=EDGE_LOOP('',(#5800,#5801,#5802));
#5804=FACE_BOUND('',#5803,.T.);
#5805=ADVANCED_FACE('',(#5804),#5793,.T.);
#5806=CARTESIAN_POINT('',(-0.8,-6.032490045,-14.296375934));
#5807=DIRECTION('',(0.,-0.222520934,-0.974927912));
#5808=DIRECTION('',(1.,0.,0.));
#5809=AXIS2_PLACEMENT_3D('',#5806,#5807,#5808);
#5810=CYLINDRICAL_SURFACE('',#5809,0.3);
#5811=ORIENTED_EDGE('',*,*,#5348,.T.);
#5812=CARTESIAN_POINT('',(-0.8,-6.569857146,-16.650735031));
#5813=DIRECTION('',(-0.,0.222520934,0.974927912));
#5814=DIRECTION('',(1.,0.,0.));
#5815=AXIS2_PLACEMENT_3D('',#5812,#5813,#5814);
#5816=CIRCLE('',#5815,0.3);
#5817=EDGE_CURVE('',#5343,#5381,#5816,.T.);
#5818=ORIENTED_EDGE('',*,*,#5817,.T.);
#5819=ORIENTED_EDGE('',*,*,#5412,.F.);
#5820=ORIENTED_EDGE('',*,*,#5799,.F.);
#5821=EDGE_LOOP('',(#5811,#5818,#5819,#5820));
#5822=FACE_BOUND('',#5821,.T.);
#5823=ADVANCED_FACE('',(#5822),#5810,.T.);
#5824=CARTESIAN_POINT('',(-0.8,-6.569857146,-16.650735031));
#5825=DIRECTION('',(1.,0.,0.));
#5826=DIRECTION('',(0.,-0.974927912,0.222520934));
#5827=AXIS2_PLACEMENT_3D('',#5824,#5825,#5826);
#5828=SPHERICAL_SURFACE('',#5827,0.3);
#5829=ORIENTED_EDGE('',*,*,#5493,.F.);
#5830=ORIENTED_EDGE('',*,*,#5714,.T.);
#5831=ORIENTED_EDGE('',*,*,#5817,.F.);
#5832=EDGE_LOOP('',(#5829,#5830,#5831));
#5833=FACE_BOUND('',#5832,.T.);
#5834=ADVANCED_FACE('',(#5833),#5828,.T.);
#5835=CLOSED_SHELL('',(#5252,#5292,#5334,#5374,#5416,#5458,#5482,#5506,#5530,#5554,#5578,#5595,#5613,#5630,#5648,#5665,#5683,#5694,#5718,#5735,#5753,#5770,#5788,#5805,#5823,#5834));
#5836=MANIFOLD_SOLID_BREP('\X2\04220435043B043E\X0\_145 - \X2\0411041F041B0410\X0\32.20.03-01:1',#5835);
#5837=COLOUR_RGB('',0.800000012,0.,0.);
#5838=FILL_AREA_STYLE_COLOUR('',#5837);
#5839=FILL_AREA_STYLE('',(#5838));
#5840=SURFACE_STYLE_FILL_AREA(#5839);
#5841=SURFACE_SIDE_STYLE('',(#5840));
#5842=SURFACE_STYLE_USAGE(.BOTH.,#5841);
#5843=PRESENTATION_STYLE_ASSIGNMENT((#5842));
#5210=STYLED_ITEM('',(#5843),#5836);
#5845=CARTESIAN_POINT('',(-12.5,0.,-0.));
#5846=DIRECTION('',(1.,0.,0.));
#5847=DIRECTION('',(0.,-0.743834486,-0.668363866));
#5848=AXIS2_PLACEMENT_3D('',#5845,#5846,#5847);
#5849=CYLINDRICAL_SURFACE('',#5848,18.2);
#5850=CARTESIAN_POINT('',(-0.8,-13.364005738,-12.354891769));
#5851=VERTEX_POINT('',#5850);
#5852=CARTESIAN_POINT('',(-0.8,-9.0713578,-15.778164268));
#5853=VERTEX_POINT('',#5852);
#5854=CARTESIAN_POINT('',(-0.8,0.,-0.));
#5855=DIRECTION('',(1.,0.,0.));
#5856=DIRECTION('',(-0.,-0.781831482,0.623489802));
#5857=AXIS2_PLACEMENT_3D('',#5854,#5855,#5856);
#5858=CIRCLE('',#5857,18.2);
#5859=EDGE_CURVE('',#5851,#5853,#5858,.T.);
#5860=ORIENTED_EDGE('',*,*,#5859,.F.);
#5861=CARTESIAN_POINT('',(-12.2,-13.364005738,-12.354891769));
#5862=VERTEX_POINT('',#5861);
#5863=CARTESIAN_POINT('',(-12.2,-13.364005738,-12.354891769));
#5864=DIRECTION('',(1.,0.,0.));
#5865=VECTOR('',#5864,11.4);
#5866=LINE('',#5863,#5865);
#5867=EDGE_CURVE('',#5862,#5851,#5866,.T.);
#5868=ORIENTED_EDGE('',*,*,#5867,.F.);
#5869=CARTESIAN_POINT('',(-12.2,-9.0713578,-15.778164268));
#5870=VERTEX_POINT('',#5869);
#5871=CARTESIAN_POINT('',(-12.2,0.,-0.));
#5872=DIRECTION('',(1.,0.,0.));
#5873=DIRECTION('',(-0.,-0.781831482,0.623489802));
#5874=AXIS2_PLACEMENT_3D('',#5871,#5872,#5873);
#5875=CIRCLE('',#5874,18.2);
#5876=EDGE_CURVE('',#5862,#5870,#5875,.T.);
#5877=ORIENTED_EDGE('',*,*,#5876,.T.);
#5878=CARTESIAN_POINT('',(-12.2,-9.0713578,-15.778164268));
#5879=DIRECTION('',(1.,0.,0.));
#5880=VECTOR('',#5879,11.4);
#5881=LINE('',#5878,#5880);
#5882=EDGE_CURVE('',#5870,#5853,#5881,.T.);
#5883=ORIENTED_EDGE('',*,*,#5882,.T.);
#5884=EDGE_LOOP('',(#5860,#5868,#5877,#5883));
#5885=FACE_BOUND('',#5884,.T.);
#5886=ADVANCED_FACE('',(#5885),#5849,.T.);
#5887=CARTESIAN_POINT('',(-12.5,-8.846798755,-15.905161168));
#5888=DIRECTION('',(0.,0.781831482,-0.623489802));
#5889=DIRECTION('',(-0.,0.623489802,0.781831482));
#5890=AXIS2_PLACEMENT_3D('',#5887,#5888,#5889);
#5891=PLANE('',#5890);
#5892=CARTESIAN_POINT('',(-0.8,-8.687280479,-15.705131578));
#5893=VERTEX_POINT('',#5892);
#5894=CARTESIAN_POINT('',(-0.8,-7.929799085,-14.755279953));
#5895=VERTEX_POINT('',#5894);
#5896=CARTESIAN_POINT('',(-0.8,-8.687280479,-15.705131578));
#5897=DIRECTION('',(-0.,0.623489802,0.781831482));
#5898=VECTOR('',#5897,1.214905829);
#5899=LINE('',#5896,#5898);
#5900=EDGE_CURVE('',#5893,#5895,#5899,.T.);
#5901=ORIENTED_EDGE('',*,*,#5900,.F.);
#5902=CARTESIAN_POINT('',(-12.2,-8.687280479,-15.705131578));
#5903=VERTEX_POINT('',#5902);
#5904=CARTESIAN_POINT('',(-12.2,-8.687280479,-15.705131578));
#5905=DIRECTION('',(1.,0.,0.));
#5906=VECTOR('',#5905,11.4);
#5907=LINE('',#5904,#5906);
#5908=EDGE_CURVE('',#5903,#5893,#5907,.T.);
#5909=ORIENTED_EDGE('',*,*,#5908,.F.);
#5910=CARTESIAN_POINT('',(-12.2,-7.929799085,-14.755279953));
#5911=VERTEX_POINT('',#5910);
#5912=CARTESIAN_POINT('',(-12.2,-8.687280479,-15.705131578));
#5913=DIRECTION('',(-0.,0.623489802,0.781831482));
#5914=VECTOR('',#5913,1.214905829);
#5915=LINE('',#5912,#5914);
#5916=EDGE_CURVE('',#5903,#5911,#5915,.T.);
#5917=ORIENTED_EDGE('',*,*,#5916,.T.);
#5918=CARTESIAN_POINT('',(-12.2,-7.929799085,-14.755279953));
#5919=DIRECTION('',(1.,0.,0.));
#5920=VECTOR('',#5919,11.4);
#5921=LINE('',#5918,#5920);
#5922=EDGE_CURVE('',#5911,#5895,#5921,.T.);
#5923=ORIENTED_EDGE('',*,*,#5922,.T.);
#5924=EDGE_LOOP('',(#5901,#5909,#5917,#5923));
#5925=FACE_BOUND('',#5924,.T.);
#5926=ADVANCED_FACE('',(#5925),#5891,.T.);
#5927=CARTESIAN_POINT('',(-12.5,0.,-0.));
#5928=DIRECTION('',(-1.,-0.,-0.));
#5929=DIRECTION('',(0.,-0.469951412,-0.882692285));
#5930=AXIS2_PLACEMENT_3D('',#5927,#5928,#5929);
#5931=CYLINDRICAL_SURFACE('',#5930,16.4);
#5932=CARTESIAN_POINT('',(-0.8,-8.017683586,-14.306528227));
#5933=VERTEX_POINT('',#5932);
#5934=CARTESIAN_POINT('',(-0.8,-12.163731256,-11.000165542));
#5935=VERTEX_POINT('',#5934);
#5936=CARTESIAN_POINT('',(-0.8,0.,-0.));
#5937=DIRECTION('',(-1.,-0.,-0.));
#5938=DIRECTION('',(0.,0.781831482,-0.623489802));
#5939=AXIS2_PLACEMENT_3D('',#5936,#5937,#5938);
#5940=CIRCLE('',#5939,16.4);
#5941=EDGE_CURVE('',#5933,#5935,#5940,.T.);
#5942=ORIENTED_EDGE('',*,*,#5941,.F.);
#5943=CARTESIAN_POINT('',(-12.2,-8.017683586,-14.306528227));
#5944=VERTEX_POINT('',#5943);
#5945=CARTESIAN_POINT('',(-12.2,-8.017683586,-14.306528227));
#5946=DIRECTION('',(1.,0.,0.));
#5947=VECTOR('',#5946,11.4);
#5948=LINE('',#5945,#5947);
#5949=EDGE_CURVE('',#5944,#5933,#5948,.T.);
#5950=ORIENTED_EDGE('',*,*,#5949,.F.);
#5951=CARTESIAN_POINT('',(-12.2,-12.163731256,-11.000165542));
#5952=VERTEX_POINT('',#5951);
#5953=CARTESIAN_POINT('',(-12.2,0.,-0.));
#5954=DIRECTION('',(-1.,-0.,-0.));
#5955=DIRECTION('',(0.,0.781831482,-0.623489802));
#5956=AXIS2_PLACEMENT_3D('',#5953,#5954,#5955);
#5957=CIRCLE('',#5956,16.4);
#5958=EDGE_CURVE('',#5944,#5952,#5957,.T.);
#5959=ORIENTED_EDGE('',*,*,#5958,.T.);
#5960=CARTESIAN_POINT('',(-12.2,-12.163731256,-11.000165542));
#5961=DIRECTION('',(1.,0.,0.));
#5962=VECTOR('',#5961,11.4);
#5963=LINE('',#5960,#5962);
#5964=EDGE_CURVE('',#5952,#5935,#5963,.T.);
#5965=ORIENTED_EDGE('',*,*,#5964,.T.);
#5966=EDGE_LOOP('',(#5942,#5950,#5959,#5965));
#5967=FACE_BOUND('',#5966,.T.);
#5968=ADVANCED_FACE('',(#5967),#5931,.F.);
#5969=CARTESIAN_POINT('',(-12.5,-12.398192046,-10.735214669));
#5970=DIRECTION('',(-0.,-0.781831482,0.623489802));
#5971=DIRECTION('',(0.,-0.623489802,-0.781831482));
#5972=AXIS2_PLACEMENT_3D('',#5969,#5970,#5971);
#5973=PLANE('',#5972);
#5974=CARTESIAN_POINT('',(-0.8,-12.620787979,-11.014341141));
#5975=VERTEX_POINT('',#5974);
#5976=CARTESIAN_POINT('',(-0.8,-13.378269374,-11.964192767));
#5977=VERTEX_POINT('',#5976);
#5978=CARTESIAN_POINT('',(-0.8,-12.620787979,-11.014341141));
#5979=DIRECTION('',(0.,-0.623489802,-0.781831482));
#5980=VECTOR('',#5979,1.214905829);
#5981=LINE('',#5978,#5980);
#5982=EDGE_CURVE('',#5975,#5977,#5981,.T.);
#5983=ORIENTED_EDGE('',*,*,#5982,.F.);
#5984=CARTESIAN_POINT('',(-12.2,-12.620787979,-11.014341141));
#5985=VERTEX_POINT('',#5984);
#5986=CARTESIAN_POINT('',(-12.2,-12.620787979,-11.014341141));
#5987=DIRECTION('',(1.,0.,0.));
#5988=VECTOR('',#5987,11.4);
#5989=LINE('',#5986,#5988);
#5990=EDGE_CURVE('',#5985,#5975,#5989,.T.);
#5991=ORIENTED_EDGE('',*,*,#5990,.F.);
#5992=CARTESIAN_POINT('',(-12.2,-13.378269374,-11.964192767));
#5993=VERTEX_POINT('',#5992);
#5994=CARTESIAN_POINT('',(-12.2,-12.620787979,-11.014341141));
#5995=DIRECTION('',(0.,-0.623489802,-0.781831482));
#5996=VECTOR('',#5995,1.214905829);
#5997=LINE('',#5994,#5996);
#5998=EDGE_CURVE('',#5985,#5993,#5997,.T.);
#5999=ORIENTED_EDGE('',*,*,#5998,.T.);
#6000=CARTESIAN_POINT('',(-12.2,-13.378269374,-11.964192767));
#6001=DIRECTION('',(1.,0.,0.));
#6002=VECTOR('',#6001,11.4);
#6003=LINE('',#6000,#6002);
#6004=EDGE_CURVE('',#5993,#5977,#6003,.T.);
#6005=ORIENTED_EDGE('',*,*,#6004,.T.);
#6006=EDGE_LOOP('',(#5983,#5991,#5999,#6005));
#6007=FACE_BOUND('',#6006,.T.);
#6008=ADVANCED_FACE('',(#6007),#5973,.T.);
#6009=CARTESIAN_POINT('',(-0.5,0.,-0.));
#6010=DIRECTION('',(1.,0.,0.));
#6011=DIRECTION('',(-0.,-0.781831482,0.623489802));
#6012=AXIS2_PLACEMENT_3D('',#6009,#6010,#6011);
#6013=PLANE('',#6012);
#6014=CARTESIAN_POINT('',(-0.5,-13.143719929,-12.151239707));
#6015=VERTEX_POINT('',#6014);
#6016=CARTESIAN_POINT('',(-0.5,-8.921829924,-15.518084637));
#6017=VERTEX_POINT('',#6016);
#6018=CARTESIAN_POINT('',(-0.5,0.,-0.));
#6019=DIRECTION('',(1.,0.,0.));
#6020=DIRECTION('',(-0.,-0.781831482,0.623489802));
#6021=AXIS2_PLACEMENT_3D('',#6018,#6019,#6020);
#6022=CIRCLE('',#6021,17.9);
#6023=EDGE_CURVE('',#6015,#6017,#6022,.T.);
#6024=ORIENTED_EDGE('',*,*,#6023,.T.);
#6025=CARTESIAN_POINT('',(-0.5,-8.164348529,-14.568233012));
#6026=VERTEX_POINT('',#6025);
#6027=CARTESIAN_POINT('',(-0.5,-8.921829924,-15.518084637));
#6028=DIRECTION('',(-0.,0.623489802,0.781831482));
#6029=VECTOR('',#6028,1.214905829);
#6030=LINE('',#6027,#6029);
#6031=EDGE_CURVE('',#6017,#6026,#6030,.T.);
#6032=ORIENTED_EDGE('',*,*,#6031,.T.);
#6033=CARTESIAN_POINT('',(-0.5,-12.386238535,-11.201388082));
#6034=VERTEX_POINT('',#6033);
#6035=CARTESIAN_POINT('',(-0.5,0.,-0.));
#6036=DIRECTION('',(-1.,-0.,-0.));
#6037=DIRECTION('',(0.,0.781831482,-0.623489802));
#6038=AXIS2_PLACEMENT_3D('',#6035,#6036,#6037);
#6039=CIRCLE('',#6038,16.7);
#6040=EDGE_CURVE('',#6026,#6034,#6039,.T.);
#6041=ORIENTED_EDGE('',*,*,#6040,.T.);
#6042=CARTESIAN_POINT('',(-0.5,-12.386238535,-11.201388082));
#6043=DIRECTION('',(0.,-0.623489802,-0.781831482));
#6044=VECTOR('',#6043,1.214905829);
#6045=LINE('',#6042,#6044);
#6046=EDGE_CURVE('',#6034,#6015,#6045,.T.);
#6047=ORIENTED_EDGE('',*,*,#6046,.T.);
#6048=EDGE_LOOP('',(#6024,#6032,#6041,#6047));
#6049=FACE_BOUND('',#6048,.T.);
#6050=ADVANCED_FACE('',(#6049),#6013,.T.);
#6051=CARTESIAN_POINT('',(-12.5,0.,-0.));
#6052=DIRECTION('',(1.,0.,0.));
#6053=DIRECTION('',(-0.,-0.781831482,0.623489802));
#6054=AXIS2_PLACEMENT_3D('',#6051,#6052,#6053);
#6055=PLANE('',#6054);
#6056=CARTESIAN_POINT('',(-12.5,-13.143719929,-12.151239707));
#6057=VERTEX_POINT('',#6056);
#6058=CARTESIAN_POINT('',(-12.5,-8.921829924,-15.518084637));
#6059=VERTEX_POINT('',#6058);
#6060=CARTESIAN_POINT('',(-12.5,0.,-0.));
#6061=DIRECTION('',(1.,0.,0.));
#6062=DIRECTION('',(-0.,-0.781831482,0.623489802));
#6063=AXIS2_PLACEMENT_3D('',#6060,#6061,#6062);
#6064=CIRCLE('',#6063,17.9);
#6065=EDGE_CURVE('',#6057,#6059,#6064,.T.);
#6066=ORIENTED_EDGE('',*,*,#6065,.F.);
#6067=CARTESIAN_POINT('',(-12.5,-12.386238535,-11.201388082));
#6068=VERTEX_POINT('',#6067);
#6069=CARTESIAN_POINT('',(-12.5,-12.386238535,-11.201388082));
#6070=DIRECTION('',(0.,-0.623489802,-0.781831482));
#6071=VECTOR('',#6070,1.214905829);
#6072=LINE('',#6069,#6071);
#6073=EDGE_CURVE('',#6068,#6057,#6072,.T.);
#6074=ORIENTED_EDGE('',*,*,#6073,.F.);
#6075=CARTESIAN_POINT('',(-12.5,-8.164348529,-14.568233012));
#6076=VERTEX_POINT('',#6075);
#6077=CARTESIAN_POINT('',(-12.5,0.,-0.));
#6078=DIRECTION('',(-1.,-0.,-0.));
#6079=DIRECTION('',(0.,0.781831482,-0.623489802));
#6080=AXIS2_PLACEMENT_3D('',#6077,#6078,#6079);
#6081=CIRCLE('',#6080,16.7);
#6082=EDGE_CURVE('',#6076,#6068,#6081,.T.);
#6083=ORIENTED_EDGE('',*,*,#6082,.F.);
#6084=CARTESIAN_POINT('',(-12.5,-8.921829924,-15.518084637));
#6085=DIRECTION('',(-0.,0.623489802,0.781831482));
#6086=VECTOR('',#6085,1.214905829);
#6087=LINE('',#6084,#6086);
#6088=EDGE_CURVE('',#6059,#6076,#6087,.T.);
#6089=ORIENTED_EDGE('',*,*,#6088,.F.);
#6090=EDGE_LOOP('',(#6066,#6074,#6083,#6089));
#6091=FACE_BOUND('',#6090,.T.);
#6092=ADVANCED_FACE('',(#6091),#6055,.F.);
#6093=CARTESIAN_POINT('',(-13.1,-8.921829924,-15.518084637));
#6094=DIRECTION('',(-1.,-0.,-0.));
#6095=DIRECTION('',(0.,0.781831482,-0.623489802));
#6096=AXIS2_PLACEMENT_3D('',#6093,#6094,#6095);
#6097=CYLINDRICAL_SURFACE('',#6096,0.3);
#6098=CARTESIAN_POINT('',(-0.8,-8.921829924,-15.518084637));
#6099=DIRECTION('',(-1.,-0.,-0.));
#6100=DIRECTION('',(0.,0.781831482,-0.623489802));
#6101=AXIS2_PLACEMENT_3D('',#6098,#6099,#6100);
#6102=CIRCLE('',#6101,0.3);
#6103=EDGE_CURVE('',#5893,#5853,#6102,.T.);
#6104=ORIENTED_EDGE('',*,*,#6103,.T.);
#6105=ORIENTED_EDGE('',*,*,#5882,.F.);
#6106=CARTESIAN_POINT('',(-12.2,-8.921829924,-15.518084637));
#6107=DIRECTION('',(1.,0.,0.));
#6108=DIRECTION('',(0.,0.781831482,-0.623489802));
#6109=AXIS2_PLACEMENT_3D('',#6106,#6107,#6108);
#6110=CIRCLE('',#6109,0.3);
#6111=EDGE_CURVE('',#5870,#5903,#6110,.T.);
#6112=ORIENTED_EDGE('',*,*,#6111,.T.);
#6113=ORIENTED_EDGE('',*,*,#5908,.T.);
#6114=EDGE_LOOP('',(#6104,#6105,#6112,#6113));
#6115=FACE_BOUND('',#6114,.T.);
#6116=ADVANCED_FACE('',(#6115),#6097,.T.);
#6117=CARTESIAN_POINT('',(-13.1,-13.143719929,-12.151239707));
#6118=DIRECTION('',(-1.,-0.,-0.));
#6119=DIRECTION('',(0.,-0.73428603,-0.678840207));
#6120=AXIS2_PLACEMENT_3D('',#6117,#6118,#6119);
#6121=CYLINDRICAL_SURFACE('',#6120,0.3);
#6122=CARTESIAN_POINT('',(-0.8,-13.143719929,-12.151239707));
#6123=DIRECTION('',(-1.,-0.,-0.));
#6124=DIRECTION('',(0.,0.781831482,-0.623489802));
#6125=AXIS2_PLACEMENT_3D('',#6122,#6123,#6124);
#6126=CIRCLE('',#6125,0.3);
#6127=EDGE_CURVE('',#5851,#5977,#6126,.T.);
#6128=ORIENTED_EDGE('',*,*,#6127,.T.);
#6129=ORIENTED_EDGE('',*,*,#6004,.F.);
#6130=CARTESIAN_POINT('',(-12.2,-13.143719929,-12.151239707));
#6131=DIRECTION('',(1.,0.,0.));
#6132=DIRECTION('',(0.,0.781831482,-0.623489802));
#6133=AXIS2_PLACEMENT_3D('',#6130,#6131,#6132);
#6134=CIRCLE('',#6133,0.3);
#6135=EDGE_CURVE('',#5993,#5862,#6134,.T.);
#6136=ORIENTED_EDGE('',*,*,#6135,.T.);
#6137=ORIENTED_EDGE('',*,*,#5867,.T.);
#6138=EDGE_LOOP('',(#6128,#6129,#6136,#6137));
#6139=FACE_BOUND('',#6138,.T.);
#6140=ADVANCED_FACE('',(#6139),#6121,.T.);
#6141=CARTESIAN_POINT('',(-13.1,-8.164348529,-14.568233012));
#6142=DIRECTION('',(-1.,-0.,-0.));
#6143=DIRECTION('',(-0.,0.488883145,0.872349282));
#6144=AXIS2_PLACEMENT_3D('',#6141,#6142,#6143);
#6145=CYLINDRICAL_SURFACE('',#6144,0.3);
#6146=CARTESIAN_POINT('',(-0.8,-8.164348529,-14.568233012));
#6147=DIRECTION('',(-1.,-0.,-0.));
#6148=DIRECTION('',(0.,0.781831482,-0.623489802));
#6149=AXIS2_PLACEMENT_3D('',#6146,#6147,#6148);
#6150=CIRCLE('',#6149,0.3);
#6151=EDGE_CURVE('',#5933,#5895,#6150,.T.);
#6152=ORIENTED_EDGE('',*,*,#6151,.T.);
#6153=ORIENTED_EDGE('',*,*,#5922,.F.);
#6154=CARTESIAN_POINT('',(-12.2,-8.164348529,-14.568233012));
#6155=DIRECTION('',(1.,0.,0.));
#6156=DIRECTION('',(0.,0.781831482,-0.623489802));
#6157=AXIS2_PLACEMENT_3D('',#6154,#6155,#6156);
#6158=CIRCLE('',#6157,0.3);
#6159=EDGE_CURVE('',#5911,#5944,#6158,.T.);
#6160=ORIENTED_EDGE('',*,*,#6159,.T.);
#6161=ORIENTED_EDGE('',*,*,#5949,.T.);
#6162=EDGE_LOOP('',(#6152,#6153,#6160,#6161));
#6163=FACE_BOUND('',#6162,.T.);
#6164=ADVANCED_FACE('',(#6163),#6145,.T.);
#6165=CARTESIAN_POINT('',(-13.1,-12.386238535,-11.201388082));
#6166=DIRECTION('',(-1.,-0.,-0.));
#6167=DIRECTION('',(-0.,-0.781831482,0.623489802));
#6168=AXIS2_PLACEMENT_3D('',#6165,#6166,#6167);
#6169=CYLINDRICAL_SURFACE('',#6168,0.3);
#6170=CARTESIAN_POINT('',(-0.8,-12.386238535,-11.201388082));
#6171=DIRECTION('',(-1.,-0.,-0.));
#6172=DIRECTION('',(0.,0.781831482,-0.623489802));
#6173=AXIS2_PLACEMENT_3D('',#6170,#6171,#6172);
#6174=CIRCLE('',#6173,0.3);
#6175=EDGE_CURVE('',#5975,#5935,#6174,.T.);
#6176=ORIENTED_EDGE('',*,*,#6175,.T.);
#6177=ORIENTED_EDGE('',*,*,#5964,.F.);
#6178=CARTESIAN_POINT('',(-12.2,-12.386238535,-11.201388082));
#6179=DIRECTION('',(1.,0.,0.));
#6180=DIRECTION('',(0.,0.781831482,-0.623489802));
#6181=AXIS2_PLACEMENT_3D('',#6178,#6179,#6180);
#6182=CIRCLE('',#6181,0.3);
#6183=EDGE_CURVE('',#5952,#5985,#6182,.T.);
#6184=ORIENTED_EDGE('',*,*,#6183,.T.);
#6185=ORIENTED_EDGE('',*,*,#5990,.T.);
#6186=EDGE_LOOP('',(#6176,#6177,#6184,#6185));
#6187=FACE_BOUND('',#6186,.T.);
#6188=ADVANCED_FACE('',(#6187),#6169,.T.);
#6189=CARTESIAN_POINT('',(-12.2,0.,-0.));
#6190=DIRECTION('',(1.,0.,0.));
#6191=DIRECTION('',(0.,-0.75662372,-0.653850553));
#6192=AXIS2_PLACEMENT_3D('',#6189,#6190,#6191);
#6193=TOROIDAL_SURFACE('',#6192,17.9,0.3);
#6194=ORIENTED_EDGE('',*,*,#5876,.F.);
#6195=CARTESIAN_POINT('',(-12.2,-13.143719929,-12.151239707));
#6196=DIRECTION('',(-0.,-0.678840207,0.73428603));
#6197=DIRECTION('',(-0.,0.73428603,0.678840207));
#6198=AXIS2_PLACEMENT_3D('',#6195,#6196,#6197);
#6199=CIRCLE('',#6198,0.3);
#6200=EDGE_CURVE('',#6057,#5862,#6199,.T.);
#6201=ORIENTED_EDGE('',*,*,#6200,.F.);
#6202=ORIENTED_EDGE('',*,*,#6065,.T.);
#6203=CARTESIAN_POINT('',(-12.2,-8.921829924,-15.518084637));
#6204=DIRECTION('',(-0.,-0.866932103,0.498426253));
#6205=DIRECTION('',(0.,-0.498426253,-0.866932103));
#6206=AXIS2_PLACEMENT_3D('',#6203,#6204,#6205);
#6207=CIRCLE('',#6206,0.3);
#6208=EDGE_CURVE('',#6059,#5870,#6207,.T.);
#6209=ORIENTED_EDGE('',*,*,#6208,.T.);
#6210=EDGE_LOOP('',(#6194,#6201,#6202,#6209));
#6211=FACE_BOUND('',#6210,.T.);
#6212=ADVANCED_FACE('',(#6211),#6193,.T.);
#6213=CARTESIAN_POINT('',(-12.2,-8.921829924,-15.518084637));
#6214=DIRECTION('',(-1.,-0.,-0.));
#6215=DIRECTION('',(0.,0.781831482,-0.623489802));
#6216=AXIS2_PLACEMENT_3D('',#6213,#6214,#6215);
#6217=SPHERICAL_SURFACE('',#6216,0.3);
#6218=CARTESIAN_POINT('',(-12.2,-8.921829924,-15.518084637));
#6219=DIRECTION('',(0.,-0.623489802,-0.781831482));
#6220=DIRECTION('',(-1.,-0.,-0.));
#6221=AXIS2_PLACEMENT_3D('',#6218,#6219,#6220);
#6222=CIRCLE('',#6221,0.3);
#6223=EDGE_CURVE('',#6059,#5903,#6222,.T.);
#6224=ORIENTED_EDGE('',*,*,#6223,.T.);
#6225=ORIENTED_EDGE('',*,*,#6111,.F.);
#6226=ORIENTED_EDGE('',*,*,#6208,.F.);
#6227=EDGE_LOOP('',(#6224,#6225,#6226));
#6228=FACE_BOUND('',#6227,.T.);
#6229=ADVANCED_FACE('',(#6228),#6217,.T.);
#6230=CARTESIAN_POINT('',(-12.2,-9.670017686,-16.456282416));
#6231=DIRECTION('',(0.,-0.623489802,-0.781831482));
#6232=DIRECTION('',(-1.,-0.,-0.));
#6233=AXIS2_PLACEMENT_3D('',#6230,#6231,#6232);
#6234=CYLINDRICAL_SURFACE('',#6233,0.3);
#6235=ORIENTED_EDGE('',*,*,#5916,.F.);
#6236=ORIENTED_EDGE('',*,*,#6223,.F.);
#6237=ORIENTED_EDGE('',*,*,#6088,.T.);
#6238=CARTESIAN_POINT('',(-12.2,-8.164348529,-14.568233012));
#6239=DIRECTION('',(0.,-0.623489802,-0.781831482));
#6240=DIRECTION('',(1.,0.,0.));
#6241=AXIS2_PLACEMENT_3D('',#6238,#6239,#6240);
#6242=CIRCLE('',#6241,0.3);
#6243=EDGE_CURVE('',#6076,#5911,#6242,.T.);
#6244=ORIENTED_EDGE('',*,*,#6243,.T.);
#6245=EDGE_LOOP('',(#6235,#6236,#6237,#6244));
#6246=FACE_BOUND('',#6245,.T.);
#6247=ADVANCED_FACE('',(#6246),#6234,.T.);
#6248=CARTESIAN_POINT('',(-12.2,-8.164348529,-14.568233012));
#6249=DIRECTION('',(-1.,-0.,-0.));
#6250=DIRECTION('',(-0.,0.488883145,0.872349282));
#6251=AXIS2_PLACEMENT_3D('',#6248,#6249,#6250);
#6252=SPHERICAL_SURFACE('',#6251,0.3);
#6253=ORIENTED_EDGE('',*,*,#6159,.F.);
#6254=ORIENTED_EDGE('',*,*,#6243,.F.);
#6255=CARTESIAN_POINT('',(-12.2,-8.164348529,-14.568233012));
#6256=DIRECTION('',(0.,0.872349282,-0.488883145));
#6257=DIRECTION('',(0.,-0.488883145,-0.872349282));
#6258=AXIS2_PLACEMENT_3D('',#6255,#6256,#6257);
#6259=CIRCLE('',#6258,0.3);
#6260=EDGE_CURVE('',#6076,#5944,#6259,.T.);
#6261=ORIENTED_EDGE('',*,*,#6260,.T.);
#6262=EDGE_LOOP('',(#6253,#6254,#6261));
#6263=FACE_BOUND('',#6262,.T.);
#6264=ADVANCED_FACE('',(#6263),#6252,.T.);
#6265=CARTESIAN_POINT('',(-12.2,0.,-0.));
#6266=DIRECTION('',(-1.,-0.,-0.));
#6267=DIRECTION('',(0.,-0.457232499,-0.8893472));
#6268=AXIS2_PLACEMENT_3D('',#6265,#6266,#6267);
#6269=TOROIDAL_SURFACE('',#6268,16.7,0.3);
#6270=ORIENTED_EDGE('',*,*,#5958,.F.);
#6271=ORIENTED_EDGE('',*,*,#6260,.F.);
#6272=ORIENTED_EDGE('',*,*,#6082,.T.);
#6273=CARTESIAN_POINT('',(-12.2,-12.386238535,-11.201388082));
#6274=DIRECTION('',(0.,0.670741801,-0.74169093));
#6275=DIRECTION('',(-0.,0.74169093,0.670741801));
#6276=AXIS2_PLACEMENT_3D('',#6273,#6274,#6275);
#6277=CIRCLE('',#6276,0.3);
#6278=EDGE_CURVE('',#6068,#5952,#6277,.T.);
#6279=ORIENTED_EDGE('',*,*,#6278,.T.);
#6280=EDGE_LOOP('',(#6270,#6271,#6272,#6279));
#6281=FACE_BOUND('',#6280,.T.);
#6282=ADVANCED_FACE('',(#6281),#6269,.T.);
#6283=CARTESIAN_POINT('',(-12.2,-12.386238535,-11.201388082));
#6284=DIRECTION('',(-1.,-0.,-0.));
#6285=DIRECTION('',(-0.,-0.781831482,0.623489802));
#6286=AXIS2_PLACEMENT_3D('',#6283,#6284,#6285);
#6287=SPHERICAL_SURFACE('',#6286,0.3);
#6288=ORIENTED_EDGE('',*,*,#6183,.F.);
#6289=ORIENTED_EDGE('',*,*,#6278,.F.);
#6290=CARTESIAN_POINT('',(-12.2,-12.386238535,-11.201388082));
#6291=DIRECTION('',(-0.,0.623489802,0.781831482));
#6292=DIRECTION('',(1.,0.,0.));
#6293=AXIS2_PLACEMENT_3D('',#6290,#6291,#6292);
#6294=CIRCLE('',#6293,0.3);
#6295=EDGE_CURVE('',#6068,#5985,#6294,.T.);
#6296=ORIENTED_EDGE('',*,*,#6295,.T.);
#6297=EDGE_LOOP('',(#6288,#6289,#6296));
#6298=FACE_BOUND('',#6297,.T.);
#6299=ADVANCED_FACE('',(#6298),#6287,.T.);
#6300=CARTESIAN_POINT('',(-12.2,-11.638050772,-10.263190303));
#6301=DIRECTION('',(-0.,0.623489802,0.781831482));
#6302=DIRECTION('',(-1.,0.,-0.));
#6303=AXIS2_PLACEMENT_3D('',#6300,#6301,#6302);
#6304=CYLINDRICAL_SURFACE('',#6303,0.3);
#6305=ORIENTED_EDGE('',*,*,#5998,.F.);
#6306=ORIENTED_EDGE('',*,*,#6295,.F.);
#6307=ORIENTED_EDGE('',*,*,#6073,.T.);
#6308=CARTESIAN_POINT('',(-12.2,-13.143719929,-12.151239707));
#6309=DIRECTION('',(-0.,0.623489802,0.781831482));
#6310=DIRECTION('',(-1.,-0.,-0.));
#6311=AXIS2_PLACEMENT_3D('',#6308,#6309,#6310);
#6312=CIRCLE('',#6311,0.3);
#6313=EDGE_CURVE('',#6057,#5993,#6312,.T.);
#6314=ORIENTED_EDGE('',*,*,#6313,.T.);
#6315=EDGE_LOOP('',(#6305,#6306,#6307,#6314));
#6316=FACE_BOUND('',#6315,.T.);
#6317=ADVANCED_FACE('',(#6316),#6304,.T.);
#6318=CARTESIAN_POINT('',(-12.2,-13.143719929,-12.151239707));
#6319=DIRECTION('',(-1.,-0.,-0.));
#6320=DIRECTION('',(0.,-0.73428603,-0.678840207));
#6321=AXIS2_PLACEMENT_3D('',#6318,#6319,#6320);
#6322=SPHERICAL_SURFACE('',#6321,0.3);
#6323=ORIENTED_EDGE('',*,*,#6313,.F.);
#6324=ORIENTED_EDGE('',*,*,#6200,.T.);
#6325=ORIENTED_EDGE('',*,*,#6135,.F.);
#6326=EDGE_LOOP('',(#6323,#6324,#6325));
#6327=FACE_BOUND('',#6326,.T.);
#6328=ADVANCED_FACE('',(#6327),#6322,.T.);
#6329=CARTESIAN_POINT('',(-0.8,0.,-0.));
#6330=DIRECTION('',(1.,0.,0.));
#6331=DIRECTION('',(0.,-0.75662372,-0.653850553));
#6332=AXIS2_PLACEMENT_3D('',#6329,#6330,#6331);
#6333=TOROIDAL_SURFACE('',#6332,17.9,0.3);
#6334=ORIENTED_EDGE('',*,*,#5859,.T.);
#6335=CARTESIAN_POINT('',(-0.8,-8.921829924,-15.518084637));
#6336=DIRECTION('',(-0.,-0.866932103,0.498426253));
#6337=DIRECTION('',(0.,-0.498426253,-0.866932103));
#6338=AXIS2_PLACEMENT_3D('',#6335,#6336,#6337);
#6339=CIRCLE('',#6338,0.3);
#6340=EDGE_CURVE('',#5853,#6017,#6339,.T.);
#6341=ORIENTED_EDGE('',*,*,#6340,.T.);
#6342=ORIENTED_EDGE('',*,*,#6023,.F.);
#6343=CARTESIAN_POINT('',(-0.8,-13.143719929,-12.151239707));
#6344=DIRECTION('',(-0.,-0.678840207,0.73428603));
#6345=DIRECTION('',(0.,-0.73428603,-0.678840207));
#6346=AXIS2_PLACEMENT_3D('',#6343,#6344,#6345);
#6347=CIRCLE('',#6346,0.3);
#6348=EDGE_CURVE('',#5851,#6015,#6347,.T.);
#6349=ORIENTED_EDGE('',*,*,#6348,.F.);
#6350=EDGE_LOOP('',(#6334,#6341,#6342,#6349));
#6351=FACE_BOUND('',#6350,.T.);
#6352=ADVANCED_FACE('',(#6351),#6333,.T.);
#6353=CARTESIAN_POINT('',(-0.8,-8.921829924,-15.518084637));
#6354=DIRECTION('',(1.,0.,0.));
#6355=DIRECTION('',(0.,-0.498426253,-0.866932103));
#6356=AXIS2_PLACEMENT_3D('',#6353,#6354,#6355);
#6357=SPHERICAL_SURFACE('',#6356,0.3);
#6358=ORIENTED_EDGE('',*,*,#6340,.F.);
#6359=ORIENTED_EDGE('',*,*,#6103,.F.);
#6360=CARTESIAN_POINT('',(-0.8,-8.921829924,-15.518084637));
#6361=DIRECTION('',(0.,-0.623489802,-0.781831482));
#6362=DIRECTION('',(0.,0.781831482,-0.623489802));
#6363=AXIS2_PLACEMENT_3D('',#6360,#6361,#6362);
#6364=CIRCLE('',#6363,0.3);
#6365=EDGE_CURVE('',#5893,#6017,#6364,.T.);
#6366=ORIENTED_EDGE('',*,*,#6365,.T.);
#6367=EDGE_LOOP('',(#6358,#6359,#6366));
#6368=FACE_BOUND('',#6367,.T.);
#6369=ADVANCED_FACE('',(#6368),#6357,.T.);
#6370=CARTESIAN_POINT('',(-0.8,-9.670017686,-16.456282416));
#6371=DIRECTION('',(-0.,0.623489802,0.781831482));
#6372=DIRECTION('',(1.,0.,0.));
#6373=AXIS2_PLACEMENT_3D('',#6370,#6371,#6372);
#6374=CYLINDRICAL_SURFACE('',#6373,0.3);
#6375=ORIENTED_EDGE('',*,*,#5900,.T.);
#6376=CARTESIAN_POINT('',(-0.8,-8.164348529,-14.568233012));
#6377=DIRECTION('',(0.,-0.623489802,-0.781831482));
#6378=DIRECTION('',(-1.,-0.,-0.));
#6379=AXIS2_PLACEMENT_3D('',#6376,#6377,#6378);
#6380=CIRCLE('',#6379,0.3);
#6381=EDGE_CURVE('',#5895,#6026,#6380,.T.);
#6382=ORIENTED_EDGE('',*,*,#6381,.T.);
#6383=ORIENTED_EDGE('',*,*,#6031,.F.);
#6384=ORIENTED_EDGE('',*,*,#6365,.F.);
#6385=EDGE_LOOP('',(#6375,#6382,#6383,#6384));
#6386=FACE_BOUND('',#6385,.T.);
#6387=ADVANCED_FACE('',(#6386),#6374,.T.);
#6388=CARTESIAN_POINT('',(-0.8,-8.164348529,-14.568233012));
#6389=DIRECTION('',(1.,0.,0.));
#6390=DIRECTION('',(0.,0.781831482,-0.623489802));
#6391=AXIS2_PLACEMENT_3D('',#6388,#6389,#6390);
#6392=SPHERICAL_SURFACE('',#6391,0.3);
#6393=CARTESIAN_POINT('',(-0.8,-8.164348529,-14.568233012));
#6394=DIRECTION('',(0.,0.872349282,-0.488883145));
#6395=DIRECTION('',(-0.,0.488883145,0.872349282));
#6396=AXIS2_PLACEMENT_3D('',#6393,#6394,#6395);
#6397=CIRCLE('',#6396,0.3);
#6398=EDGE_CURVE('',#5933,#6026,#6397,.T.);
#6399=ORIENTED_EDGE('',*,*,#6398,.T.);
#6400=ORIENTED_EDGE('',*,*,#6381,.F.);
#6401=ORIENTED_EDGE('',*,*,#6151,.F.);
#6402=EDGE_LOOP('',(#6399,#6400,#6401));
#6403=FACE_BOUND('',#6402,.T.);
#6404=ADVANCED_FACE('',(#6403),#6392,.T.);
#6405=CARTESIAN_POINT('',(-0.8,0.,-0.));
#6406=DIRECTION('',(-1.,-0.,-0.));
#6407=DIRECTION('',(0.,-0.457232499,-0.8893472));
#6408=AXIS2_PLACEMENT_3D('',#6405,#6406,#6407);
#6409=TOROIDAL_SURFACE('',#6408,16.7,0.3);
#6410=ORIENTED_EDGE('',*,*,#5941,.T.);
#6411=CARTESIAN_POINT('',(-0.8,-12.386238535,-11.201388082));
#6412=DIRECTION('',(0.,0.670741801,-0.74169093));
#6413=DIRECTION('',(-0.,0.74169093,0.670741801));
#6414=AXIS2_PLACEMENT_3D('',#6411,#6412,#6413);
#6415=CIRCLE('',#6414,0.3);
#6416=EDGE_CURVE('',#5935,#6034,#6415,.T.);
#6417=ORIENTED_EDGE('',*,*,#6416,.T.);
#6418=ORIENTED_EDGE('',*,*,#6040,.F.);
#6419=ORIENTED_EDGE('',*,*,#6398,.F.);
#6420=EDGE_LOOP('',(#6410,#6417,#6418,#6419));
#6421=FACE_BOUND('',#6420,.T.);
#6422=ADVANCED_FACE('',(#6421),#6409,.T.);
#6423=CARTESIAN_POINT('',(-0.8,-12.386238535,-11.201388082));
#6424=DIRECTION('',(1.,0.,0.));
#6425=DIRECTION('',(-0.,0.74169093,0.670741801));
#6426=AXIS2_PLACEMENT_3D('',#6423,#6424,#6425);
#6427=SPHERICAL_SURFACE('',#6426,0.3);
#6428=CARTESIAN_POINT('',(-0.8,-12.386238535,-11.201388082));
#6429=DIRECTION('',(-0.,0.623489802,0.781831482));
#6430=DIRECTION('',(-0.,-0.781831482,0.623489802));
#6431=AXIS2_PLACEMENT_3D('',#6428,#6429,#6430);
#6432=CIRCLE('',#6431,0.3);
#6433=EDGE_CURVE('',#5975,#6034,#6432,.T.);
#6434=ORIENTED_EDGE('',*,*,#6433,.T.);
#6435=ORIENTED_EDGE('',*,*,#6416,.F.);
#6436=ORIENTED_EDGE('',*,*,#6175,.F.);
#6437=EDGE_LOOP('',(#6434,#6435,#6436));
#6438=FACE_BOUND('',#6437,.T.);
#6439=ADVANCED_FACE('',(#6438),#6427,.T.);
#6440=CARTESIAN_POINT('',(-0.8,-11.638050772,-10.263190303));
#6441=DIRECTION('',(0.,-0.623489802,-0.781831482));
#6442=DIRECTION('',(1.,0.,-0.));
#6443=AXIS2_PLACEMENT_3D('',#6440,#6441,#6442);
#6444=CYLINDRICAL_SURFACE('',#6443,0.3);
#6445=ORIENTED_EDGE('',*,*,#5982,.T.);
#6446=CARTESIAN_POINT('',(-0.8,-13.143719929,-12.151239707));
#6447=DIRECTION('',(-0.,0.623489802,0.781831482));
#6448=DIRECTION('',(1.,0.,0.));
#6449=AXIS2_PLACEMENT_3D('',#6446,#6447,#6448);
#6450=CIRCLE('',#6449,0.3);
#6451=EDGE_CURVE('',#5977,#6015,#6450,.T.);
#6452=ORIENTED_EDGE('',*,*,#6451,.T.);
#6453=ORIENTED_EDGE('',*,*,#6046,.F.);
#6454=ORIENTED_EDGE('',*,*,#6433,.F.);
#6455=EDGE_LOOP('',(#6445,#6452,#6453,#6454));
#6456=FACE_BOUND('',#6455,.T.);
#6457=ADVANCED_FACE('',(#6456),#6444,.T.);
#6458=CARTESIAN_POINT('',(-0.8,-13.143719929,-12.151239707));
#6459=DIRECTION('',(1.,0.,0.));
#6460=DIRECTION('',(-0.,-0.781831482,0.623489802));
#6461=AXIS2_PLACEMENT_3D('',#6458,#6459,#6460);
#6462=SPHERICAL_SURFACE('',#6461,0.3);
#6463=ORIENTED_EDGE('',*,*,#6127,.F.);
#6464=ORIENTED_EDGE('',*,*,#6348,.T.);
#6465=ORIENTED_EDGE('',*,*,#6451,.F.);
#6466=EDGE_LOOP('',(#6463,#6464,#6465));
#6467=FACE_BOUND('',#6466,.T.);
#6468=ADVANCED_FACE('',(#6467),#6462,.T.);
#6469=CLOSED_SHELL('',(#5886,#5926,#5968,#6008,#6050,#6092,#6116,#6140,#6164,#6188,#6212,#6229,#6247,#6264,#6282,#6299,#6317,#6328,#6352,#6369,#6387,#6404,#6422,#6439,#6457,#6468));
#6470=MANIFOLD_SOLID_BREP('\X2\04220435043B043E\X0\_146 - \X2\0411041F041B0410\X0\32.20.03:1',#6469);
#6471=COLOUR_RGB('',0.,0.298039228,0.600000024);
#6472=FILL_AREA_STYLE_COLOUR('',#6471);
#6473=FILL_AREA_STYLE('',(#6472));
#6474=SURFACE_STYLE_FILL_AREA(#6473);
#6475=SURFACE_SIDE_STYLE('',(#6474));
#6476=SURFACE_STYLE_USAGE(.BOTH.,#6475);
#6477=PRESENTATION_STYLE_ASSIGNMENT((#6476));
#5844=STYLED_ITEM('',(#6477),#6470);
#6479=CARTESIAN_POINT('',(-12.5,-0.,-0.));
#6480=DIRECTION('',(1.,0.,0.));
#6481=DIRECTION('',(0.,-0.960163928,-0.279437347));
#6482=AXIS2_PLACEMENT_3D('',#6479,#6480,#6481);
#6483=CYLINDRICAL_SURFACE('',#6482,18.2);
#6484=CARTESIAN_POINT('',(-0.8,-17.401139758,-5.332948071));
#6485=VERTEX_POINT('',#6484);
#6486=CARTESIAN_POINT('',(-0.8,-15.018899876,-10.279720157));
#6487=VERTEX_POINT('',#6486);
#6488=CARTESIAN_POINT('',(-0.8,0.,-0.));
#6489=DIRECTION('',(1.,0.,0.));
#6490=DIRECTION('',(-0.,-0.433883739,0.900968868));
#6491=AXIS2_PLACEMENT_3D('',#6488,#6489,#6490);
#6492=CIRCLE('',#6491,18.2);
#6493=EDGE_CURVE('',#6485,#6487,#6492,.T.);
#6494=ORIENTED_EDGE('',*,*,#6493,.F.);
#6495=CARTESIAN_POINT('',(-12.2,-17.401139758,-5.332948071));
#6496=VERTEX_POINT('',#6495);
#6497=CARTESIAN_POINT('',(-12.2,-17.401139758,-5.332948071));
#6498=DIRECTION('',(1.,0.,0.));
#6499=VECTOR('',#6498,11.4);
#6500=LINE('',#6497,#6499);
#6501=EDGE_CURVE('',#6496,#6485,#6500,.T.);
#6502=ORIENTED_EDGE('',*,*,#6501,.F.);
#6503=CARTESIAN_POINT('',(-12.2,-15.018899876,-10.279720157));
#6504=VERTEX_POINT('',#6503);
#6505=CARTESIAN_POINT('',(-12.2,-0.,-0.));
#6506=DIRECTION('',(1.,0.,0.));
#6507=DIRECTION('',(-0.,-0.433883739,0.900968868));
#6508=AXIS2_PLACEMENT_3D('',#6505,#6506,#6507);
#6509=CIRCLE('',#6508,18.2);
#6510=EDGE_CURVE('',#6496,#6504,#6509,.T.);
#6511=ORIENTED_EDGE('',*,*,#6510,.T.);
#6512=CARTESIAN_POINT('',(-12.2,-15.018899876,-10.279720157));
#6513=DIRECTION('',(1.,0.,0.));
#6514=VECTOR('',#6513,11.4);
#6515=LINE('',#6512,#6514);
#6516=EDGE_CURVE('',#6504,#6487,#6515,.T.);
#6517=ORIENTED_EDGE('',*,*,#6516,.T.);
#6518=EDGE_LOOP('',(#6494,#6502,#6511,#6517));
#6519=FACE_BOUND('',#6518,.T.);
#6520=ADVANCED_FACE('',(#6519),#6483,.T.);
#6521=CARTESIAN_POINT('',(-12.5,-14.871681058,-10.491572929));
#6522=DIRECTION('',(0.,0.433883739,-0.900968868));
#6523=DIRECTION('',(-0.,0.900968868,0.433883739));
#6524=AXIS2_PLACEMENT_3D('',#6521,#6522,#6523);
#6525=PLANE('',#6524);
#6526=CARTESIAN_POINT('',(-0.8,-14.641170471,-10.380564881));
#6527=VERTEX_POINT('',#6526);
#6528=CARTESIAN_POINT('',(-0.8,-13.546578141,-9.853436997));
#6529=VERTEX_POINT('',#6528);
#6530=CARTESIAN_POINT('',(-0.8,-14.641170471,-10.380564881));
#6531=DIRECTION('',(-0.,0.900968868,0.433883739));
#6532=VECTOR('',#6531,1.214905829);
#6533=LINE('',#6530,#6532);
#6534=EDGE_CURVE('',#6527,#6529,#6533,.T.);
#6535=ORIENTED_EDGE('',*,*,#6534,.F.);
#6536=CARTESIAN_POINT('',(-12.2,-14.641170471,-10.380564881));
#6537=VERTEX_POINT('',#6536);
#6538=CARTESIAN_POINT('',(-12.2,-14.641170471,-10.380564881));
#6539=DIRECTION('',(1.,0.,0.));
#6540=VECTOR('',#6539,11.4);
#6541=LINE('',#6538,#6540);
#6542=EDGE_CURVE('',#6537,#6527,#6541,.T.);
#6543=ORIENTED_EDGE('',*,*,#6542,.F.);
#6544=CARTESIAN_POINT('',(-12.2,-13.546578141,-9.853436997));
#6545=VERTEX_POINT('',#6544);
#6546=CARTESIAN_POINT('',(-12.2,-14.641170471,-10.380564881));
#6547=DIRECTION('',(-0.,0.900968868,0.433883739));
#6548=VECTOR('',#6547,1.214905829);
#6549=LINE('',#6546,#6548);
#6550=EDGE_CURVE('',#6537,#6545,#6549,.T.);
#6551=ORIENTED_EDGE('',*,*,#6550,.T.);
#6552=CARTESIAN_POINT('',(-12.2,-13.546578141,-9.853436997));
#6553=DIRECTION('',(1.,0.,0.));
#6554=VECTOR('',#6553,11.4);
#6555=LINE('',#6552,#6554);
#6556=EDGE_CURVE('',#6545,#6529,#6555,.T.);
#6557=ORIENTED_EDGE('',*,*,#6556,.T.);
#6558=EDGE_LOOP('',(#6535,#6543,#6551,#6557));
#6559=FACE_BOUND('',#6558,.T.);
#6560=ADVANCED_FACE('',(#6559),#6525,.T.);
#6561=CARTESIAN_POINT('',(-12.5,-0.,-0.));
#6562=DIRECTION('',(-1.,-0.,-0.));
#6563=DIRECTION('',(0.,-0.806397421,-0.591373993));
#6564=AXIS2_PLACEMENT_3D('',#6561,#6562,#6563);
#6565=CYLINDRICAL_SURFACE('',#6564,16.4);
#6566=CARTESIAN_POINT('',(-0.8,-13.431053264,-9.410994007));
#6567=VERTEX_POINT('',#6566);
#6568=CARTESIAN_POINT('',(-0.8,-15.731936135,-4.633161496));
#6569=VERTEX_POINT('',#6568);
#6570=CARTESIAN_POINT('',(-0.8,0.,-0.));
#6571=DIRECTION('',(-1.,-0.,-0.));
#6572=DIRECTION('',(0.,0.433883739,-0.900968868));
#6573=AXIS2_PLACEMENT_3D('',#6570,#6571,#6572);
#6574=CIRCLE('',#6573,16.4);
#6575=EDGE_CURVE('',#6567,#6569,#6574,.T.);
#6576=ORIENTED_EDGE('',*,*,#6575,.F.);
#6577=CARTESIAN_POINT('',(-12.2,-13.431053264,-9.410994007));
#6578=VERTEX_POINT('',#6577);
#6579=CARTESIAN_POINT('',(-12.2,-13.431053264,-9.410994007));
#6580=DIRECTION('',(1.,0.,0.));
#6581=VECTOR('',#6580,11.4);
#6582=LINE('',#6579,#6581);
#6583=EDGE_CURVE('',#6578,#6567,#6582,.T.);
#6584=ORIENTED_EDGE('',*,*,#6583,.F.);
#6585=CARTESIAN_POINT('',(-12.2,-15.731936135,-4.633161496));
#6586=VERTEX_POINT('',#6585);
#6587=CARTESIAN_POINT('',(-12.2,-0.,-0.));
#6588=DIRECTION('',(-1.,-0.,-0.));
#6589=DIRECTION('',(0.,0.433883739,-0.900968868));
#6590=AXIS2_PLACEMENT_3D('',#6587,#6588,#6589);
#6591=CIRCLE('',#6590,16.4);
#6592=EDGE_CURVE('',#6578,#6586,#6591,.T.);
#6593=ORIENTED_EDGE('',*,*,#6592,.T.);
#6594=CARTESIAN_POINT('',(-12.2,-15.731936135,-4.633161496));
#6595=DIRECTION('',(1.,0.,0.));
#6596=VECTOR('',#6595,11.4);
#6597=LINE('',#6594,#6596);
#6598=EDGE_CURVE('',#6586,#6569,#6597,.T.);
#6599=ORIENTED_EDGE('',*,*,#6598,.T.);
#6600=EDGE_LOOP('',(#6576,#6584,#6593,#6599));
#6601=FACE_BOUND('',#6600,.T.);
#6602=ADVANCED_FACE('',(#6601),#6565,.F.);
#6603=CARTESIAN_POINT('',(-12.5,-15.828220132,-4.292720284));
#6604=DIRECTION('',(-0.,-0.433883739,0.900968868));
#6605=DIRECTION('',(0.,-0.900968868,-0.433883739));
#6606=AXIS2_PLACEMENT_3D('',#6603,#6604,#6605);
#6607=PLANE('',#6606);
#6608=CARTESIAN_POINT('',(-0.8,-16.149880576,-4.44762379));
#6609=VERTEX_POINT('',#6608);
#6610=CARTESIAN_POINT('',(-0.8,-17.244472905,-4.974751673));
#6611=VERTEX_POINT('',#6610);
#6612=CARTESIAN_POINT('',(-0.8,-16.149880576,-4.44762379));
#6613=DIRECTION('',(0.,-0.900968868,-0.433883739));
#6614=VECTOR('',#6613,1.214905829);
#6615=LINE('',#6612,#6614);
#6616=EDGE_CURVE('',#6609,#6611,#6615,.T.);
#6617=ORIENTED_EDGE('',*,*,#6616,.F.);
#6618=CARTESIAN_POINT('',(-12.2,-16.149880576,-4.44762379));
#6619=VERTEX_POINT('',#6618);
#6620=CARTESIAN_POINT('',(-12.2,-16.149880576,-4.44762379));
#6621=DIRECTION('',(1.,0.,0.));
#6622=VECTOR('',#6621,11.4);
#6623=LINE('',#6620,#6622);
#6624=EDGE_CURVE('',#6619,#6609,#6623,.T.);
#6625=ORIENTED_EDGE('',*,*,#6624,.F.);
#6626=CARTESIAN_POINT('',(-12.2,-17.244472905,-4.974751673));
#6627=VERTEX_POINT('',#6626);
#6628=CARTESIAN_POINT('',(-12.2,-16.149880576,-4.44762379));
#6629=DIRECTION('',(0.,-0.900968868,-0.433883739));
#6630=VECTOR('',#6629,1.214905829);
#6631=LINE('',#6628,#6630);
#6632=EDGE_CURVE('',#6619,#6627,#6631,.T.);
#6633=ORIENTED_EDGE('',*,*,#6632,.T.);
#6634=CARTESIAN_POINT('',(-12.2,-17.244472905,-4.974751673));
#6635=DIRECTION('',(1.,0.,0.));
#6636=VECTOR('',#6635,11.4);
#6637=LINE('',#6634,#6636);
#6638=EDGE_CURVE('',#6627,#6611,#6637,.T.);
#6639=ORIENTED_EDGE('',*,*,#6638,.T.);
#6640=EDGE_LOOP('',(#6617,#6625,#6633,#6639));
#6641=FACE_BOUND('',#6640,.T.);
#6642=ADVANCED_FACE('',(#6641),#6607,.T.);
#6643=CARTESIAN_POINT('',(-0.5,0.,-0.));
#6644=DIRECTION('',(1.,0.,0.));
#6645=DIRECTION('',(-0.,-0.433883739,0.900968868));
#6646=AXIS2_PLACEMENT_3D('',#6643,#6644,#6645);
#6647=PLANE('',#6646);
#6648=CARTESIAN_POINT('',(-0.5,-17.114307784,-5.245042334));
#6649=VERTEX_POINT('',#6648);
#6650=CARTESIAN_POINT('',(-0.5,-14.771335592,-10.110274221));
#6651=VERTEX_POINT('',#6650);
#6652=CARTESIAN_POINT('',(-0.5,0.,-0.));
#6653=DIRECTION('',(1.,0.,0.));
#6654=DIRECTION('',(-0.,-0.433883739,0.900968868));
#6655=AXIS2_PLACEMENT_3D('',#6652,#6653,#6654);
#6656=CIRCLE('',#6655,17.9);
#6657=EDGE_CURVE('',#6649,#6651,#6656,.T.);
#6658=ORIENTED_EDGE('',*,*,#6657,.T.);
#6659=CARTESIAN_POINT('',(-0.5,-13.676743263,-9.583146337));
#6660=VERTEX_POINT('',#6659);
#6661=CARTESIAN_POINT('',(-0.5,-14.771335592,-10.110274221));
#6662=DIRECTION('',(-0.,0.900968868,0.433883739));
#6663=VECTOR('',#6662,1.214905829);
#6664=LINE('',#6661,#6663);
#6665=EDGE_CURVE('',#6651,#6660,#6664,.T.);
#6666=ORIENTED_EDGE('',*,*,#6665,.T.);
#6667=CARTESIAN_POINT('',(-0.5,-16.019715454,-4.71791445));
#6668=VERTEX_POINT('',#6667);
#6669=CARTESIAN_POINT('',(-0.5,0.,-0.));
#6670=DIRECTION('',(-1.,-0.,-0.));
#6671=DIRECTION('',(0.,0.433883739,-0.900968868));
#6672=AXIS2_PLACEMENT_3D('',#6669,#6670,#6671);
#6673=CIRCLE('',#6672,16.7);
#6674=EDGE_CURVE('',#6660,#6668,#6673,.T.);
#6675=ORIENTED_EDGE('',*,*,#6674,.T.);
#6676=CARTESIAN_POINT('',(-0.5,-16.019715454,-4.71791445));
#6677=DIRECTION('',(0.,-0.900968868,-0.433883739));
#6678=VECTOR('',#6677,1.214905829);
#6679=LINE('',#6676,#6678);
#6680=EDGE_CURVE('',#6668,#6649,#6679,.T.);
#6681=ORIENTED_EDGE('',*,*,#6680,.T.);
#6682=EDGE_LOOP('',(#6658,#6666,#6675,#6681));
#6683=FACE_BOUND('',#6682,.T.);
#6684=ADVANCED_FACE('',(#6683),#6647,.T.);
#6685=CARTESIAN_POINT('',(-12.5,-0.,-0.));
#6686=DIRECTION('',(1.,0.,0.));
#6687=DIRECTION('',(-0.,-0.433883739,0.900968868));
#6688=AXIS2_PLACEMENT_3D('',#6685,#6686,#6687);
#6689=PLANE('',#6688);
#6690=CARTESIAN_POINT('',(-12.5,-17.114307784,-5.245042334));
#6691=VERTEX_POINT('',#6690);
#6692=CARTESIAN_POINT('',(-12.5,-14.771335592,-10.110274221));
#6693=VERTEX_POINT('',#6692);
#6694=CARTESIAN_POINT('',(-12.5,-0.,-0.));
#6695=DIRECTION('',(1.,0.,0.));
#6696=DIRECTION('',(-0.,-0.433883739,0.900968868));
#6697=AXIS2_PLACEMENT_3D('',#6694,#6695,#6696);
#6698=CIRCLE('',#6697,17.9);
#6699=EDGE_CURVE('',#6691,#6693,#6698,.T.);
#6700=ORIENTED_EDGE('',*,*,#6699,.F.);
#6701=CARTESIAN_POINT('',(-12.5,-16.019715454,-4.71791445));
#6702=VERTEX_POINT('',#6701);
#6703=CARTESIAN_POINT('',(-12.5,-16.019715454,-4.71791445));
#6704=DIRECTION('',(0.,-0.900968868,-0.433883739));
#6705=VECTOR('',#6704,1.214905829);
#6706=LINE('',#6703,#6705);
#6707=EDGE_CURVE('',#6702,#6691,#6706,.T.);
#6708=ORIENTED_EDGE('',*,*,#6707,.F.);
#6709=CARTESIAN_POINT('',(-12.5,-13.676743263,-9.583146337));
#6710=VERTEX_POINT('',#6709);
#6711=CARTESIAN_POINT('',(-12.5,-0.,-0.));
#6712=DIRECTION('',(-1.,-0.,-0.));
#6713=DIRECTION('',(0.,0.433883739,-0.900968868));
#6714=AXIS2_PLACEMENT_3D('',#6711,#6712,#6713);
#6715=CIRCLE('',#6714,16.7);
#6716=EDGE_CURVE('',#6710,#6702,#6715,.T.);
#6717=ORIENTED_EDGE('',*,*,#6716,.F.);
#6718=CARTESIAN_POINT('',(-12.5,-14.771335592,-10.110274221));
#6719=DIRECTION('',(-0.,0.900968868,0.433883739));
#6720=VECTOR('',#6719,1.214905829);
#6721=LINE('',#6718,#6720);
#6722=EDGE_CURVE('',#6693,#6710,#6721,.T.);
#6723=ORIENTED_EDGE('',*,*,#6722,.F.);
#6724=EDGE_LOOP('',(#6700,#6708,#6717,#6723));
#6725=FACE_BOUND('',#6724,.T.);
#6726=ADVANCED_FACE('',(#6725),#6689,.F.);
#6727=CARTESIAN_POINT('',(-13.1,-14.771335592,-10.110274221));
#6728=DIRECTION('',(-1.,-0.,-0.));
#6729=DIRECTION('',(0.,0.433883739,-0.900968868));
#6730=AXIS2_PLACEMENT_3D('',#6727,#6728,#6729);
#6731=CYLINDRICAL_SURFACE('',#6730,0.3);
#6732=CARTESIAN_POINT('',(-0.8,-14.771335592,-10.110274221));
#6733=DIRECTION('',(-1.,-0.,-0.));
#6734=DIRECTION('',(0.,0.433883739,-0.900968868));
#6735=AXIS2_PLACEMENT_3D('',#6732,#6733,#6734);
#6736=CIRCLE('',#6735,0.3);
#6737=EDGE_CURVE('',#6527,#6487,#6736,.T.);
#6738=ORIENTED_EDGE('',*,*,#6737,.T.);
#6739=ORIENTED_EDGE('',*,*,#6516,.F.);
#6740=CARTESIAN_POINT('',(-12.2,-14.771335592,-10.110274221));
#6741=DIRECTION('',(1.,0.,0.));
#6742=DIRECTION('',(0.,0.433883739,-0.900968868));
#6743=AXIS2_PLACEMENT_3D('',#6740,#6741,#6742);
#6744=CIRCLE('',#6743,0.3);
#6745=EDGE_CURVE('',#6504,#6537,#6744,.T.);
#6746=ORIENTED_EDGE('',*,*,#6745,.T.);
#6747=ORIENTED_EDGE('',*,*,#6542,.T.);
#6748=EDGE_LOOP('',(#6738,#6739,#6746,#6747));
#6749=FACE_BOUND('',#6748,.T.);
#6750=ADVANCED_FACE('',(#6749),#6731,.T.);
#6751=CARTESIAN_POINT('',(-13.1,-17.114307784,-5.245042334));
#6752=DIRECTION('',(-1.,-0.,-0.));
#6753=DIRECTION('',(0.,-0.95610658,-0.293019125));
#6754=AXIS2_PLACEMENT_3D('',#6751,#6752,#6753);
#6755=CYLINDRICAL_SURFACE('',#6754,0.3);
#6756=CARTESIAN_POINT('',(-0.8,-17.114307784,-5.245042334));
#6757=DIRECTION('',(-1.,-0.,-0.));
#6758=DIRECTION('',(0.,0.433883739,-0.900968868));
#6759=AXIS2_PLACEMENT_3D('',#6756,#6757,#6758);
#6760=CIRCLE('',#6759,0.3);
#6761=EDGE_CURVE('',#6485,#6611,#6760,.T.);
#6762=ORIENTED_EDGE('',*,*,#6761,.T.);
#6763=ORIENTED_EDGE('',*,*,#6638,.F.);
#6764=CARTESIAN_POINT('',(-12.2,-17.114307784,-5.245042334));
#6765=DIRECTION('',(1.,0.,0.));
#6766=DIRECTION('',(0.,0.433883739,-0.900968868));
#6767=AXIS2_PLACEMENT_3D('',#6764,#6765,#6766);
#6768=CIRCLE('',#6767,0.3);
#6769=EDGE_CURVE('',#6627,#6496,#6768,.T.);
#6770=ORIENTED_EDGE('',*,*,#6769,.T.);
#6771=ORIENTED_EDGE('',*,*,#6501,.T.);
#6772=EDGE_LOOP('',(#6762,#6763,#6770,#6771));
#6773=FACE_BOUND('',#6772,.T.);
#6774=ADVANCED_FACE('',(#6773),#6755,.T.);
#6775=CARTESIAN_POINT('',(-13.1,-13.676743263,-9.583146337));
#6776=DIRECTION('',(-1.,-0.,-0.));
#6777=DIRECTION('',(-0.,0.818966662,0.573841098));
#6778=AXIS2_PLACEMENT_3D('',#6775,#6776,#6777);
#6779=CYLINDRICAL_SURFACE('',#6778,0.3);
#6780=CARTESIAN_POINT('',(-0.8,-13.676743263,-9.583146337));
#6781=DIRECTION('',(-1.,-0.,-0.));
#6782=DIRECTION('',(0.,0.433883739,-0.900968868));
#6783=AXIS2_PLACEMENT_3D('',#6780,#6781,#6782);
#6784=CIRCLE('',#6783,0.3);
#6785=EDGE_CURVE('',#6567,#6529,#6784,.T.);
#6786=ORIENTED_EDGE('',*,*,#6785,.T.);
#6787=ORIENTED_EDGE('',*,*,#6556,.F.);
#6788=CARTESIAN_POINT('',(-12.2,-13.676743263,-9.583146337));
#6789=DIRECTION('',(1.,0.,0.));
#6790=DIRECTION('',(0.,0.433883739,-0.900968868));
#6791=AXIS2_PLACEMENT_3D('',#6788,#6789,#6790);
#6792=CIRCLE('',#6791,0.3);
#6793=EDGE_CURVE('',#6545,#6578,#6792,.T.);
#6794=ORIENTED_EDGE('',*,*,#6793,.T.);
#6795=ORIENTED_EDGE('',*,*,#6583,.T.);
#6796=EDGE_LOOP('',(#6786,#6787,#6794,#6795));
#6797=FACE_BOUND('',#6796,.T.);
#6798=ADVANCED_FACE('',(#6797),#6779,.T.);
#6799=CARTESIAN_POINT('',(-13.1,-16.019715454,-4.71791445));
#6800=DIRECTION('',(-1.,-0.,-0.));
#6801=DIRECTION('',(-0.,-0.433883739,0.900968868));
#6802=AXIS2_PLACEMENT_3D('',#6799,#6800,#6801);
#6803=CYLINDRICAL_SURFACE('',#6802,0.3);
#6804=CARTESIAN_POINT('',(-0.8,-16.019715454,-4.71791445));
#6805=DIRECTION('',(-1.,-0.,-0.));
#6806=DIRECTION('',(0.,0.433883739,-0.900968868));
#6807=AXIS2_PLACEMENT_3D('',#6804,#6805,#6806);
#6808=CIRCLE('',#6807,0.3);
#6809=EDGE_CURVE('',#6609,#6569,#6808,.T.);
#6810=ORIENTED_EDGE('',*,*,#6809,.T.);
#6811=ORIENTED_EDGE('',*,*,#6598,.F.);
#6812=CARTESIAN_POINT('',(-12.2,-16.019715454,-4.71791445));
#6813=DIRECTION('',(1.,0.,0.));
#6814=DIRECTION('',(0.,0.433883739,-0.900968868));
#6815=AXIS2_PLACEMENT_3D('',#6812,#6813,#6814);
#6816=CIRCLE('',#6815,0.3);
#6817=EDGE_CURVE('',#6586,#6619,#6816,.T.);
#6818=ORIENTED_EDGE('',*,*,#6817,.T.);
#6819=ORIENTED_EDGE('',*,*,#6624,.T.);
#6820=EDGE_LOOP('',(#6810,#6811,#6818,#6819));
#6821=FACE_BOUND('',#6820,.T.);
#6822=ADVANCED_FACE('',(#6821),#6803,.T.);
#6823=CARTESIAN_POINT('',(-12.2,-0.,-0.));
#6824=DIRECTION('',(1.,0.,0.));
#6825=DIRECTION('',(0.,-0.96538954,-0.260812264));
#6826=AXIS2_PLACEMENT_3D('',#6823,#6824,#6825);
#6827=TOROIDAL_SURFACE('',#6826,17.9,0.3);
#6828=ORIENTED_EDGE('',*,*,#6510,.F.);
#6829=CARTESIAN_POINT('',(-12.2,-17.114307784,-5.245042334));
#6830=DIRECTION('',(-0.,-0.293019125,0.95610658));
#6831=DIRECTION('',(-0.,0.95610658,0.293019125));
#6832=AXIS2_PLACEMENT_3D('',#6829,#6830,#6831);
#6833=CIRCLE('',#6832,0.3);
#6834=EDGE_CURVE('',#6691,#6496,#6833,.T.);
#6835=ORIENTED_EDGE('',*,*,#6834,.F.);
#6836=ORIENTED_EDGE('',*,*,#6699,.T.);
#6837=CARTESIAN_POINT('',(-12.2,-14.771335592,-10.110274221));
#6838=DIRECTION('',(-0.,-0.564819789,0.825214279));
#6839=DIRECTION('',(0.,-0.825214279,-0.564819789));
#6840=AXIS2_PLACEMENT_3D('',#6837,#6838,#6839);
#6841=CIRCLE('',#6840,0.3);
#6842=EDGE_CURVE('',#6693,#6504,#6841,.T.);
#6843=ORIENTED_EDGE('',*,*,#6842,.T.);
#6844=EDGE_LOOP('',(#6828,#6835,#6836,#6843));
#6845=FACE_BOUND('',#6844,.T.);
#6846=ADVANCED_FACE('',(#6845),#6827,.T.);
#6847=CARTESIAN_POINT('',(-12.2,-14.771335592,-10.110274221));
#6848=DIRECTION('',(-1.,-0.,-0.));
#6849=DIRECTION('',(0.,0.433883739,-0.900968868));
#6850=AXIS2_PLACEMENT_3D('',#6847,#6848,#6849);
#6851=SPHERICAL_SURFACE('',#6850,0.3);
#6852=CARTESIAN_POINT('',(-12.2,-14.771335592,-10.110274221));
#6853=DIRECTION('',(0.,-0.900968868,-0.433883739));
#6854=DIRECTION('',(-1.,-0.,-0.));
#6855=AXIS2_PLACEMENT_3D('',#6852,#6853,#6854);
#6856=CIRCLE('',#6855,0.3);
#6857=EDGE_CURVE('',#6693,#6537,#6856,.T.);
#6858=ORIENTED_EDGE('',*,*,#6857,.T.);
#6859=ORIENTED_EDGE('',*,*,#6745,.F.);
#6860=ORIENTED_EDGE('',*,*,#6842,.F.);
#6861=EDGE_LOOP('',(#6858,#6859,#6860));
#6862=FACE_BOUND('',#6861,.T.);
#6863=ADVANCED_FACE('',(#6862),#6851,.T.);
#6864=CARTESIAN_POINT('',(-12.2,-15.852498234,-10.630934707));
#6865=DIRECTION('',(0.,-0.900968868,-0.433883739));
#6866=DIRECTION('',(-1.,-0.,-0.));
#6867=AXIS2_PLACEMENT_3D('',#6864,#6865,#6866);
#6868=CYLINDRICAL_SURFACE('',#6867,0.3);
#6869=ORIENTED_EDGE('',*,*,#6550,.F.);
#6870=ORIENTED_EDGE('',*,*,#6857,.F.);
#6871=ORIENTED_EDGE('',*,*,#6722,.T.);
#6872=CARTESIAN_POINT('',(-12.2,-13.676743263,-9.583146337));
#6873=DIRECTION('',(0.,-0.900968868,-0.433883739));
#6874=DIRECTION('',(1.,0.,0.));
#6875=AXIS2_PLACEMENT_3D('',#6872,#6873,#6874);
#6876=CIRCLE('',#6875,0.3);
#6877=EDGE_CURVE('',#6710,#6545,#6876,.T.);
#6878=ORIENTED_EDGE('',*,*,#6877,.T.);
#6879=EDGE_LOOP('',(#6869,#6870,#6871,#6878));
#6880=FACE_BOUND('',#6879,.T.);
#6881=ADVANCED_FACE('',(#6880),#6868,.T.);
#6882=CARTESIAN_POINT('',(-12.2,-13.676743263,-9.583146337));
#6883=DIRECTION('',(-1.,-0.,-0.));
#6884=DIRECTION('',(-0.,0.818966662,0.573841098));
#6885=AXIS2_PLACEMENT_3D('',#6882,#6883,#6884);
#6886=SPHERICAL_SURFACE('',#6885,0.3);
#6887=ORIENTED_EDGE('',*,*,#6793,.F.);
#6888=ORIENTED_EDGE('',*,*,#6877,.F.);
#6889=CARTESIAN_POINT('',(-12.2,-13.676743263,-9.583146337));
#6890=DIRECTION('',(0.,0.573841098,-0.818966662));
#6891=DIRECTION('',(0.,-0.818966662,-0.573841098));
#6892=AXIS2_PLACEMENT_3D('',#6889,#6890,#6891);
#6893=CIRCLE('',#6892,0.3);
#6894=EDGE_CURVE('',#6710,#6578,#6893,.T.);
#6895=ORIENTED_EDGE('',*,*,#6894,.T.);
#6896=EDGE_LOOP('',(#6887,#6888,#6895));
#6897=FACE_BOUND('',#6896,.T.);
#6898=ADVANCED_FACE('',(#6897),#6886,.T.);
#6899=CARTESIAN_POINT('',(-12.2,-0.,-0.));
#6900=DIRECTION('',(-1.,-0.,-0.));
#6901=DIRECTION('',(0.,-0.797825535,-0.602888394));
#6902=AXIS2_PLACEMENT_3D('',#6899,#6900,#6901);
#6903=TOROIDAL_SURFACE('',#6902,16.7,0.3);
#6904=ORIENTED_EDGE('',*,*,#6592,.F.);
#6905=ORIENTED_EDGE('',*,*,#6894,.F.);
#6906=ORIENTED_EDGE('',*,*,#6716,.T.);
#6907=CARTESIAN_POINT('',(-12.2,-16.019715454,-4.71791445));
#6908=DIRECTION('',(0.,0.282509847,-0.959264398));
#6909=DIRECTION('',(-0.,0.959264398,0.282509847));
#6910=AXIS2_PLACEMENT_3D('',#6907,#6908,#6909);
#6911=CIRCLE('',#6910,0.3);
#6912=EDGE_CURVE('',#6702,#6586,#6911,.T.);
#6913=ORIENTED_EDGE('',*,*,#6912,.T.);
#6914=EDGE_LOOP('',(#6904,#6905,#6906,#6913));
#6915=FACE_BOUND('',#6914,.T.);
#6916=ADVANCED_FACE('',(#6915),#6903,.T.);
#6917=CARTESIAN_POINT('',(-12.2,-16.019715454,-4.71791445));
#6918=DIRECTION('',(-1.,-0.,-0.));
#6919=DIRECTION('',(-0.,-0.433883739,0.900968868));
#6920=AXIS2_PLACEMENT_3D('',#6917,#6918,#6919);
#6921=SPHERICAL_SURFACE('',#6920,0.3);
#6922=ORIENTED_EDGE('',*,*,#6817,.F.);
#6923=ORIENTED_EDGE('',*,*,#6912,.F.);
#6924=CARTESIAN_POINT('',(-12.2,-16.019715454,-4.71791445));
#6925=DIRECTION('',(-0.,0.900968868,0.433883739));
#6926=DIRECTION('',(1.,0.,0.));
#6927=AXIS2_PLACEMENT_3D('',#6924,#6925,#6926);
#6928=CIRCLE('',#6927,0.3);
#6929=EDGE_CURVE('',#6702,#6619,#6928,.T.);
#6930=ORIENTED_EDGE('',*,*,#6929,.T.);
#6931=EDGE_LOOP('',(#6922,#6923,#6930));
#6932=FACE_BOUND('',#6931,.T.);
#6933=ADVANCED_FACE('',(#6932),#6921,.T.);
#6934=CARTESIAN_POINT('',(-12.2,-14.938552813,-4.197253963));
#6935=DIRECTION('',(-0.,0.900968868,0.433883739));
#6936=DIRECTION('',(-1.,0.,-0.));
#6937=AXIS2_PLACEMENT_3D('',#6934,#6935,#6936);
#6938=CYLINDRICAL_SURFACE('',#6937,0.3);
#6939=ORIENTED_EDGE('',*,*,#6632,.F.);
#6940=ORIENTED_EDGE('',*,*,#6929,.F.);
#6941=ORIENTED_EDGE('',*,*,#6707,.T.);
#6942=CARTESIAN_POINT('',(-12.2,-17.114307784,-5.245042334));
#6943=DIRECTION('',(-0.,0.900968868,0.433883739));
#6944=DIRECTION('',(-1.,-0.,-0.));
#6945=AXIS2_PLACEMENT_3D('',#6942,#6943,#6944);
#6946=CIRCLE('',#6945,0.3);
#6947=EDGE_CURVE('',#6691,#6627,#6946,.T.);
#6948=ORIENTED_EDGE('',*,*,#6947,.T.);
#6949=EDGE_LOOP('',(#6939,#6940,#6941,#6948));
#6950=FACE_BOUND('',#6949,.T.);
#6951=ADVANCED_FACE('',(#6950),#6938,.T.);
#6952=CARTESIAN_POINT('',(-12.2,-17.114307784,-5.245042334));
#6953=DIRECTION('',(-1.,-0.,-0.));
#6954=DIRECTION('',(0.,-0.95610658,-0.293019125));
#6955=AXIS2_PLACEMENT_3D('',#6952,#6953,#6954);
#6956=SPHERICAL_SURFACE('',#6955,0.3);
#6957=ORIENTED_EDGE('',*,*,#6947,.F.);
#6958=ORIENTED_EDGE('',*,*,#6834,.T.);
#6959=ORIENTED_EDGE('',*,*,#6769,.F.);
#6960=EDGE_LOOP('',(#6957,#6958,#6959));
#6961=FACE_BOUND('',#6960,.T.);
#6962=ADVANCED_FACE('',(#6961),#6956,.T.);
#6963=CARTESIAN_POINT('',(-0.8,0.,-0.));
#6964=DIRECTION('',(1.,0.,0.));
#6965=DIRECTION('',(0.,-0.96538954,-0.260812264));
#6966=AXIS2_PLACEMENT_3D('',#6963,#6964,#6965);
#6967=TOROIDAL_SURFACE('',#6966,17.9,0.3);
#6968=ORIENTED_EDGE('',*,*,#6493,.T.);
#6969=CARTESIAN_POINT('',(-0.8,-14.771335592,-10.110274221));
#6970=DIRECTION('',(-0.,-0.564819789,0.825214279));
#6971=DIRECTION('',(0.,-0.825214279,-0.564819789));
#6972=AXIS2_PLACEMENT_3D('',#6969,#6970,#6971);
#6973=CIRCLE('',#6972,0.3);
#6974=EDGE_CURVE('',#6487,#6651,#6973,.T.);
#6975=ORIENTED_EDGE('',*,*,#6974,.T.);
#6976=ORIENTED_EDGE('',*,*,#6657,.F.);
#6977=CARTESIAN_POINT('',(-0.8,-17.114307784,-5.245042334));
#6978=DIRECTION('',(-0.,-0.293019125,0.95610658));
#6979=DIRECTION('',(0.,-0.95610658,-0.293019125));
#6980=AXIS2_PLACEMENT_3D('',#6977,#6978,#6979);
#6981=CIRCLE('',#6980,0.3);
#6982=EDGE_CURVE('',#6485,#6649,#6981,.T.);
#6983=ORIENTED_EDGE('',*,*,#6982,.F.);
#6984=EDGE_LOOP('',(#6968,#6975,#6976,#6983));
#6985=FACE_BOUND('',#6984,.T.);
#6986=ADVANCED_FACE('',(#6985),#6967,.T.);
#6987=CARTESIAN_POINT('',(-0.8,-14.771335592,-10.110274221));
#6988=DIRECTION('',(1.,0.,0.));
#6989=DIRECTION('',(0.,-0.825214279,-0.564819789));
#6990=AXIS2_PLACEMENT_3D('',#6987,#6988,#6989);
#6991=SPHERICAL_SURFACE('',#6990,0.3);
#6992=ORIENTED_EDGE('',*,*,#6974,.F.);
#6993=ORIENTED_EDGE('',*,*,#6737,.F.);
#6994=CARTESIAN_POINT('',(-0.8,-14.771335592,-10.110274221));
#6995=DIRECTION('',(0.,-0.900968868,-0.433883739));
#6996=DIRECTION('',(0.,0.433883739,-0.900968868));
#6997=AXIS2_PLACEMENT_3D('',#6994,#6995,#6996);
#6998=CIRCLE('',#6997,0.3);
#6999=EDGE_CURVE('',#6527,#6651,#6998,.T.);
#7000=ORIENTED_EDGE('',*,*,#6999,.T.);
#7001=EDGE_LOOP('',(#6992,#6993,#7000));
#7002=FACE_BOUND('',#7001,.T.);
#7003=ADVANCED_FACE('',(#7002),#6991,.T.);
#7004=CARTESIAN_POINT('',(-0.8,-15.852498234,-10.630934707));
#7005=DIRECTION('',(-0.,0.900968868,0.433883739));
#7006=DIRECTION('',(1.,0.,0.));
#7007=AXIS2_PLACEMENT_3D('',#7004,#7005,#7006);
#7008=CYLINDRICAL_SURFACE('',#7007,0.3);
#7009=ORIENTED_EDGE('',*,*,#6534,.T.);
#7010=CARTESIAN_POINT('',(-0.8,-13.676743263,-9.583146337));
#7011=DIRECTION('',(0.,-0.900968868,-0.433883739));
#7012=DIRECTION('',(-1.,-0.,-0.));
#7013=AXIS2_PLACEMENT_3D('',#7010,#7011,#7012);
#7014=CIRCLE('',#7013,0.3);
#7015=EDGE_CURVE('',#6529,#6660,#7014,.T.);
#7016=ORIENTED_EDGE('',*,*,#7015,.T.);
#7017=ORIENTED_EDGE('',*,*,#6665,.F.);
#7018=ORIENTED_EDGE('',*,*,#6999,.F.);
#7019=EDGE_LOOP('',(#7009,#7016,#7017,#7018));
#7020=FACE_BOUND('',#7019,.T.);
#7021=ADVANCED_FACE('',(#7020),#7008,.T.);
#7022=CARTESIAN_POINT('',(-0.8,-13.676743263,-9.583146337));
#7023=DIRECTION('',(1.,0.,0.));
#7024=DIRECTION('',(0.,0.433883739,-0.900968868));
#7025=AXIS2_PLACEMENT_3D('',#7022,#7023,#7024);
#7026=SPHERICAL_SURFACE('',#7025,0.3);
#7027=CARTESIAN_POINT('',(-0.8,-13.676743263,-9.583146337));
#7028=DIRECTION('',(0.,0.573841098,-0.818966662));
#7029=DIRECTION('',(-0.,0.818966662,0.573841098));
#7030=AXIS2_PLACEMENT_3D('',#7027,#7028,#7029);
#7031=CIRCLE('',#7030,0.3);
#7032=EDGE_CURVE('',#6567,#6660,#7031,.T.);
#7033=ORIENTED_EDGE('',*,*,#7032,.T.);
#7034=ORIENTED_EDGE('',*,*,#7015,.F.);
#7035=ORIENTED_EDGE('',*,*,#6785,.F.);
#7036=EDGE_LOOP('',(#7033,#7034,#7035));
#7037=FACE_BOUND('',#7036,.T.);
#7038=ADVANCED_FACE('',(#7037),#7026,.T.);
#7039=CARTESIAN_POINT('',(-0.8,0.,-0.));
#7040=DIRECTION('',(-1.,-0.,-0.));
#7041=DIRECTION('',(0.,-0.797825535,-0.602888394));
#7042=AXIS2_PLACEMENT_3D('',#7039,#7040,#7041);
#7043=TOROIDAL_SURFACE('',#7042,16.7,0.3);
#7044=ORIENTED_EDGE('',*,*,#6575,.T.);
#7045=CARTESIAN_POINT('',(-0.8,-16.019715454,-4.71791445));
#7046=DIRECTION('',(0.,0.282509847,-0.959264398));
#7047=DIRECTION('',(-0.,0.959264398,0.282509847));
#7048=AXIS2_PLACEMENT_3D('',#7045,#7046,#7047);
#7049=CIRCLE('',#7048,0.3);
#7050=EDGE_CURVE('',#6569,#6668,#7049,.T.);
#7051=ORIENTED_EDGE('',*,*,#7050,.T.);
#7052=ORIENTED_EDGE('',*,*,#6674,.F.);
#7053=ORIENTED_EDGE('',*,*,#7032,.F.);
#7054=EDGE_LOOP('',(#7044,#7051,#7052,#7053));
#7055=FACE_BOUND('',#7054,.T.);
#7056=ADVANCED_FACE('',(#7055),#7043,.T.);
#7057=CARTESIAN_POINT('',(-0.8,-16.019715454,-4.71791445));
#7058=DIRECTION('',(1.,0.,0.));
#7059=DIRECTION('',(-0.,0.959264398,0.282509847));
#7060=AXIS2_PLACEMENT_3D('',#7057,#7058,#7059);
#7061=SPHERICAL_SURFACE('',#7060,0.3);
#7062=CARTESIAN_POINT('',(-0.8,-16.019715454,-4.71791445));
#7063=DIRECTION('',(-0.,0.900968868,0.433883739));
#7064=DIRECTION('',(-0.,-0.433883739,0.900968868));
#7065=AXIS2_PLACEMENT_3D('',#7062,#7063,#7064);
#7066=CIRCLE('',#7065,0.3);
#7067=EDGE_CURVE('',#6609,#6668,#7066,.T.);
#7068=ORIENTED_EDGE('',*,*,#7067,.T.);
#7069=ORIENTED_EDGE('',*,*,#7050,.F.);
#7070=ORIENTED_EDGE('',*,*,#6809,.F.);
#7071=EDGE_LOOP('',(#7068,#7069,#7070));
#7072=FACE_BOUND('',#7071,.T.);
#7073=ADVANCED_FACE('',(#7072),#7061,.T.);
#7074=CARTESIAN_POINT('',(-0.8,-14.938552813,-4.197253963));
#7075=DIRECTION('',(0.,-0.900968868,-0.433883739));
#7076=DIRECTION('',(1.,0.,-0.));
#7077=AXIS2_PLACEMENT_3D('',#7074,#7075,#7076);
#7078=CYLINDRICAL_SURFACE('',#7077,0.3);
#7079=ORIENTED_EDGE('',*,*,#6616,.T.);
#7080=CARTESIAN_POINT('',(-0.8,-17.114307784,-5.245042334));
#7081=DIRECTION('',(-0.,0.900968868,0.433883739));
#7082=DIRECTION('',(1.,0.,0.));
#7083=AXIS2_PLACEMENT_3D('',#7080,#7081,#7082);
#7084=CIRCLE('',#7083,0.3);
#7085=EDGE_CURVE('',#6611,#6649,#7084,.T.);
#7086=ORIENTED_EDGE('',*,*,#7085,.T.);
#7087=ORIENTED_EDGE('',*,*,#6680,.F.);
#7088=ORIENTED_EDGE('',*,*,#7067,.F.);
#7089=EDGE_LOOP('',(#7079,#7086,#7087,#7088));
#7090=FACE_BOUND('',#7089,.T.);
#7091=ADVANCED_FACE('',(#7090),#7078,.T.);
#7092=CARTESIAN_POINT('',(-0.8,-17.114307784,-5.245042334));
#7093=DIRECTION('',(1.,0.,0.));
#7094=DIRECTION('',(-0.,-0.433883739,0.900968868));
#7095=AXIS2_PLACEMENT_3D('',#7092,#7093,#7094);
#7096=SPHERICAL_SURFACE('',#7095,0.3);
#7097=ORIENTED_EDGE('',*,*,#6761,.F.);
#7098=ORIENTED_EDGE('',*,*,#6982,.T.);
#7099=ORIENTED_EDGE('',*,*,#7085,.F.);
#7100=EDGE_LOOP('',(#7097,#7098,#7099));
#7101=FACE_BOUND('',#7100,.T.);
#7102=ADVANCED_FACE('',(#7101),#7096,.T.);
#7103=CLOSED_SHELL('',(#6520,#6560,#6602,#6642,#6684,#6726,#6750,#6774,#6798,#6822,#6846,#6863,#6881,#6898,#6916,#6933,#6951,#6962,#6986,#7003,#7021,#7038,#7056,#7073,#7091,#7102));
#7104=MANIFOLD_SOLID_BREP('\X2\04220435043B043E\X0\_147 - \X2\0411041F041B0410\X0\32.20.03-01_148:1',#7103);
#6478=STYLED_ITEM('',(#5843),#7104);
#7106=CARTESIAN_POINT('',(-12.5,0.,-0.));
#7107=DIRECTION('',(1.,-0.,0.));
#7108=DIRECTION('',(-0.,-0.817125333,0.576460051));
#7109=AXIS2_PLACEMENT_3D('',#7106,#7107,#7108);
#7110=CYLINDRICAL_SURFACE('',#7109,18.2);
#7111=CARTESIAN_POINT('',(-0.8,-15.018899876,10.279720157));
#7112=VERTEX_POINT('',#7111);
#7113=CARTESIAN_POINT('',(-0.8,-17.401139758,5.332948071));
#7114=VERTEX_POINT('',#7113);
#7115=CARTESIAN_POINT('',(-0.8,0.,-0.));
#7116=DIRECTION('',(1.,-0.,0.));
#7117=DIRECTION('',(-0.,0.433883739,0.900968868));
#7118=AXIS2_PLACEMENT_3D('',#7115,#7116,#7117);
#7119=CIRCLE('',#7118,18.2);
#7120=EDGE_CURVE('',#7112,#7114,#7119,.T.);
#7121=ORIENTED_EDGE('',*,*,#7120,.F.);
#7122=CARTESIAN_POINT('',(-12.2,-15.018899876,10.279720157));
#7123=VERTEX_POINT('',#7122);
#7124=CARTESIAN_POINT('',(-12.2,-15.018899876,10.279720157));
#7125=DIRECTION('',(1.,-0.,0.));
#7126=VECTOR('',#7125,11.4);
#7127=LINE('',#7124,#7126);
#7128=EDGE_CURVE('',#7123,#7112,#7127,.T.);
#7129=ORIENTED_EDGE('',*,*,#7128,.F.);
#7130=CARTESIAN_POINT('',(-12.2,-17.401139758,5.332948071));
#7131=VERTEX_POINT('',#7130);
#7132=CARTESIAN_POINT('',(-12.2,0.,-0.));
#7133=DIRECTION('',(1.,-0.,0.));
#7134=DIRECTION('',(-0.,0.433883739,0.900968868));
#7135=AXIS2_PLACEMENT_3D('',#7132,#7133,#7134);
#7136=CIRCLE('',#7135,18.2);
#7137=EDGE_CURVE('',#7123,#7131,#7136,.T.);
#7138=ORIENTED_EDGE('',*,*,#7137,.T.);
#7139=CARTESIAN_POINT('',(-12.2,-17.401139758,5.332948071));
#7140=DIRECTION('',(1.,-0.,0.));
#7141=VECTOR('',#7140,11.4);
#7142=LINE('',#7139,#7141);
#7143=EDGE_CURVE('',#7131,#7114,#7142,.T.);
#7144=ORIENTED_EDGE('',*,*,#7143,.T.);
#7145=EDGE_LOOP('',(#7121,#7129,#7138,#7144));
#7146=FACE_BOUND('',#7145,.T.);
#7147=ADVANCED_FACE('',(#7146),#7110,.T.);
#7148=CARTESIAN_POINT('',(-12.5,-17.474983492,5.085759721));
#7149=DIRECTION('',(0.,-0.433883739,-0.900968868));
#7150=DIRECTION('',(0.,0.900968868,-0.433883739));
#7151=AXIS2_PLACEMENT_3D('',#7148,#7149,#7150);
#7152=PLANE('',#7151);
#7153=CARTESIAN_POINT('',(-0.8,-17.244472905,4.974751673));
#7154=VERTEX_POINT('',#7153);
#7155=CARTESIAN_POINT('',(-0.8,-16.149880576,4.44762379));
#7156=VERTEX_POINT('',#7155);
#7157=CARTESIAN_POINT('',(-0.8,-17.244472905,4.974751673));
#7158=DIRECTION('',(0.,0.900968868,-0.433883739));
#7159=VECTOR('',#7158,1.214905829);
#7160=LINE('',#7157,#7159);
#7161=EDGE_CURVE('',#7154,#7156,#7160,.T.);
#7162=ORIENTED_EDGE('',*,*,#7161,.F.);
#7163=CARTESIAN_POINT('',(-12.2,-17.244472905,4.974751673));
#7164=VERTEX_POINT('',#7163);
#7165=CARTESIAN_POINT('',(-12.2,-17.244472905,4.974751673));
#7166=DIRECTION('',(1.,-0.,0.));
#7167=VECTOR('',#7166,11.4);
#7168=LINE('',#7165,#7167);
#7169=EDGE_CURVE('',#7164,#7154,#7168,.T.);
#7170=ORIENTED_EDGE('',*,*,#7169,.F.);
#7171=CARTESIAN_POINT('',(-12.2,-16.149880576,4.44762379));
#7172=VERTEX_POINT('',#7171);
#7173=CARTESIAN_POINT('',(-12.2,-17.244472905,4.974751673));
#7174=DIRECTION('',(0.,0.900968868,-0.433883739));
#7175=VECTOR('',#7174,1.214905829);
#7176=LINE('',#7173,#7175);
#7177=EDGE_CURVE('',#7164,#7172,#7176,.T.);
#7178=ORIENTED_EDGE('',*,*,#7177,.T.);
#7179=CARTESIAN_POINT('',(-12.2,-16.149880576,4.44762379));
#7180=DIRECTION('',(1.,-0.,0.));
#7181=VECTOR('',#7180,11.4);
#7182=LINE('',#7179,#7181);
#7183=EDGE_CURVE('',#7172,#7156,#7182,.T.);
#7184=ORIENTED_EDGE('',*,*,#7183,.T.);
#7185=EDGE_LOOP('',(#7162,#7170,#7178,#7184));
#7186=FACE_BOUND('',#7185,.T.);
#7187=ADVANCED_FACE('',(#7186),#7152,.T.);
#7188=CARTESIAN_POINT('',(-12.5,0.,-0.));
#7189=DIRECTION('',(-1.,0.,-0.));
#7190=DIRECTION('',(-0.,-0.965135374,0.261751237));
#7191=AXIS2_PLACEMENT_3D('',#7188,#7189,#7190);
#7192=CYLINDRICAL_SURFACE('',#7191,16.4);
#7193=CARTESIAN_POINT('',(-0.8,-15.731936135,4.633161496));
#7194=VERTEX_POINT('',#7193);
#7195=CARTESIAN_POINT('',(-0.8,-13.431053264,9.410994007));
#7196=VERTEX_POINT('',#7195);
#7197=CARTESIAN_POINT('',(-0.8,0.,-0.));
#7198=DIRECTION('',(-1.,0.,-0.));
#7199=DIRECTION('',(0.,-0.433883739,-0.900968868));
#7200=AXIS2_PLACEMENT_3D('',#7197,#7198,#7199);
#7201=CIRCLE('',#7200,16.4);
#7202=EDGE_CURVE('',#7194,#7196,#7201,.T.);
#7203=ORIENTED_EDGE('',*,*,#7202,.F.);
#7204=CARTESIAN_POINT('',(-12.2,-15.731936135,4.633161496));
#7205=VERTEX_POINT('',#7204);
#7206=CARTESIAN_POINT('',(-12.2,-15.731936135,4.633161496));
#7207=DIRECTION('',(1.,-0.,0.));
#7208=VECTOR('',#7207,11.4);
#7209=LINE('',#7206,#7208);
#7210=EDGE_CURVE('',#7205,#7194,#7209,.T.);
#7211=ORIENTED_EDGE('',*,*,#7210,.F.);
#7212=CARTESIAN_POINT('',(-12.2,-13.431053264,9.410994007));
#7213=VERTEX_POINT('',#7212);
#7214=CARTESIAN_POINT('',(-12.2,0.,-0.));
#7215=DIRECTION('',(-1.,0.,-0.));
#7216=DIRECTION('',(0.,-0.433883739,-0.900968868));
#7217=AXIS2_PLACEMENT_3D('',#7214,#7215,#7216);
#7218=CIRCLE('',#7217,16.4);
#7219=EDGE_CURVE('',#7205,#7213,#7218,.T.);
#7220=ORIENTED_EDGE('',*,*,#7219,.T.);
#7221=CARTESIAN_POINT('',(-12.2,-13.431053264,9.410994007));
#7222=DIRECTION('',(1.,-0.,0.));
#7223=VECTOR('',#7222,11.4);
#7224=LINE('',#7221,#7223);
#7225=EDGE_CURVE('',#7213,#7196,#7224,.T.);
#7226=ORIENTED_EDGE('',*,*,#7225,.T.);
#7227=EDGE_LOOP('',(#7203,#7211,#7220,#7226));
#7228=FACE_BOUND('',#7227,.T.);
#7229=ADVANCED_FACE('',(#7228),#7192,.F.);
#7230=CARTESIAN_POINT('',(-12.5,-13.224917698,9.698533492));
#7231=DIRECTION('',(-0.,0.433883739,0.900968868));
#7232=DIRECTION('',(-0.,-0.900968868,0.433883739));
#7233=AXIS2_PLACEMENT_3D('',#7230,#7231,#7232);
#7234=PLANE('',#7233);
#7235=CARTESIAN_POINT('',(-0.8,-13.546578141,9.853436997));
#7236=VERTEX_POINT('',#7235);
#7237=CARTESIAN_POINT('',(-0.8,-14.641170471,10.380564881));
#7238=VERTEX_POINT('',#7237);
#7239=CARTESIAN_POINT('',(-0.8,-13.546578141,9.853436997));
#7240=DIRECTION('',(0.,-0.900968868,0.433883739));
#7241=VECTOR('',#7240,1.214905829);
#7242=LINE('',#7239,#7241);
#7243=EDGE_CURVE('',#7236,#7238,#7242,.T.);
#7244=ORIENTED_EDGE('',*,*,#7243,.F.);
#7245=CARTESIAN_POINT('',(-12.2,-13.546578141,9.853436997));
#7246=VERTEX_POINT('',#7245);
#7247=CARTESIAN_POINT('',(-12.2,-13.546578141,9.853436997));
#7248=DIRECTION('',(1.,-0.,0.));
#7249=VECTOR('',#7248,11.4);
#7250=LINE('',#7247,#7249);
#7251=EDGE_CURVE('',#7246,#7236,#7250,.T.);
#7252=ORIENTED_EDGE('',*,*,#7251,.F.);
#7253=CARTESIAN_POINT('',(-12.2,-14.641170471,10.380564881));
#7254=VERTEX_POINT('',#7253);
#7255=CARTESIAN_POINT('',(-12.2,-13.546578141,9.853436997));
#7256=DIRECTION('',(-0.,-0.900968868,0.433883739));
#7257=VECTOR('',#7256,1.214905829);
#7258=LINE('',#7255,#7257);
#7259=EDGE_CURVE('',#7246,#7254,#7258,.T.);
#7260=ORIENTED_EDGE('',*,*,#7259,.T.);
#7261=CARTESIAN_POINT('',(-12.2,-14.641170471,10.380564881));
#7262=DIRECTION('',(1.,-0.,0.));
#7263=VECTOR('',#7262,11.4);
#7264=LINE('',#7261,#7263);
#7265=EDGE_CURVE('',#7254,#7238,#7264,.T.);
#7266=ORIENTED_EDGE('',*,*,#7265,.T.);
#7267=EDGE_LOOP('',(#7244,#7252,#7260,#7266));
#7268=FACE_BOUND('',#7267,.T.);
#7269=ADVANCED_FACE('',(#7268),#7234,.T.);
#7270=CARTESIAN_POINT('',(-0.5,0.,-0.));
#7271=DIRECTION('',(1.,-0.,0.));
#7272=DIRECTION('',(-0.,0.433883739,0.900968868));
#7273=AXIS2_PLACEMENT_3D('',#7270,#7271,#7272);
#7274=PLANE('',#7273);
#7275=CARTESIAN_POINT('',(-0.5,-14.771335592,10.110274221));
#7276=VERTEX_POINT('',#7275);
#7277=CARTESIAN_POINT('',(-0.5,-17.114307784,5.245042334));
#7278=VERTEX_POINT('',#7277);
#7279=CARTESIAN_POINT('',(-0.5,0.,-0.));
#7280=DIRECTION('',(1.,-0.,0.));
#7281=DIRECTION('',(-0.,0.433883739,0.900968868));
#7282=AXIS2_PLACEMENT_3D('',#7279,#7280,#7281);
#7283=CIRCLE('',#7282,17.9);
#7284=EDGE_CURVE('',#7276,#7278,#7283,.T.);
#7285=ORIENTED_EDGE('',*,*,#7284,.T.);
#7286=CARTESIAN_POINT('',(-0.5,-16.019715454,4.71791445));
#7287=VERTEX_POINT('',#7286);
#7288=CARTESIAN_POINT('',(-0.5,-17.114307784,5.245042334));
#7289=DIRECTION('',(0.,0.900968868,-0.433883739));
#7290=VECTOR('',#7289,1.214905829);
#7291=LINE('',#7288,#7290);
#7292=EDGE_CURVE('',#7278,#7287,#7291,.T.);
#7293=ORIENTED_EDGE('',*,*,#7292,.T.);
#7294=CARTESIAN_POINT('',(-0.5,-13.676743263,9.583146337));
#7295=VERTEX_POINT('',#7294);
#7296=CARTESIAN_POINT('',(-0.5,0.,-0.));
#7297=DIRECTION('',(-1.,0.,-0.));
#7298=DIRECTION('',(0.,-0.433883739,-0.900968868));
#7299=AXIS2_PLACEMENT_3D('',#7296,#7297,#7298);
#7300=CIRCLE('',#7299,16.7);
#7301=EDGE_CURVE('',#7287,#7295,#7300,.T.);
#7302=ORIENTED_EDGE('',*,*,#7301,.T.);
#7303=CARTESIAN_POINT('',(-0.5,-13.676743263,9.583146337));
#7304=DIRECTION('',(-0.,-0.900968868,0.433883739));
#7305=VECTOR('',#7304,1.214905829);
#7306=LINE('',#7303,#7305);
#7307=EDGE_CURVE('',#7295,#7276,#7306,.T.);
#7308=ORIENTED_EDGE('',*,*,#7307,.T.);
#7309=EDGE_LOOP('',(#7285,#7293,#7302,#7308));
#7310=FACE_BOUND('',#7309,.T.);
#7311=ADVANCED_FACE('',(#7310),#7274,.T.);
#7312=CARTESIAN_POINT('',(-12.5,0.,-0.));
#7313=DIRECTION('',(1.,-0.,0.));
#7314=DIRECTION('',(-0.,0.433883739,0.900968868));
#7315=AXIS2_PLACEMENT_3D('',#7312,#7313,#7314);
#7316=PLANE('',#7315);
#7317=CARTESIAN_POINT('',(-12.5,-14.771335592,10.110274221));
#7318=VERTEX_POINT('',#7317);
#7319=CARTESIAN_POINT('',(-12.5,-17.114307784,5.245042334));
#7320=VERTEX_POINT('',#7319);
#7321=CARTESIAN_POINT('',(-12.5,0.,-0.));
#7322=DIRECTION('',(1.,-0.,0.));
#7323=DIRECTION('',(-0.,0.433883739,0.900968868));
#7324=AXIS2_PLACEMENT_3D('',#7321,#7322,#7323);
#7325=CIRCLE('',#7324,17.9);
#7326=EDGE_CURVE('',#7318,#7320,#7325,.T.);
#7327=ORIENTED_EDGE('',*,*,#7326,.F.);
#7328=CARTESIAN_POINT('',(-12.5,-13.676743263,9.583146337));
#7329=VERTEX_POINT('',#7328);
#7330=CARTESIAN_POINT('',(-12.5,-13.676743263,9.583146337));
#7331=DIRECTION('',(-0.,-0.900968868,0.433883739));
#7332=VECTOR('',#7331,1.214905829);
#7333=LINE('',#7330,#7332);
#7334=EDGE_CURVE('',#7329,#7318,#7333,.T.);
#7335=ORIENTED_EDGE('',*,*,#7334,.F.);
#7336=CARTESIAN_POINT('',(-12.5,-16.019715454,4.71791445));
#7337=VERTEX_POINT('',#7336);
#7338=CARTESIAN_POINT('',(-12.5,0.,-0.));
#7339=DIRECTION('',(-1.,0.,-0.));
#7340=DIRECTION('',(0.,-0.433883739,-0.900968868));
#7341=AXIS2_PLACEMENT_3D('',#7338,#7339,#7340);
#7342=CIRCLE('',#7341,16.7);
#7343=EDGE_CURVE('',#7337,#7329,#7342,.T.);
#7344=ORIENTED_EDGE('',*,*,#7343,.F.);
#7345=CARTESIAN_POINT('',(-12.5,-17.114307784,5.245042334));
#7346=DIRECTION('',(0.,0.900968868,-0.433883739));
#7347=VECTOR('',#7346,1.214905829);
#7348=LINE('',#7345,#7347);
#7349=EDGE_CURVE('',#7320,#7337,#7348,.T.);
#7350=ORIENTED_EDGE('',*,*,#7349,.F.);
#7351=EDGE_LOOP('',(#7327,#7335,#7344,#7350));
#7352=FACE_BOUND('',#7351,.T.);
#7353=ADVANCED_FACE('',(#7352),#7316,.F.);
#7354=CARTESIAN_POINT('',(-13.1,-17.114307784,5.245042334));
#7355=DIRECTION('',(-1.,0.,-0.));
#7356=DIRECTION('',(0.,-0.433883739,-0.900968868));
#7357=AXIS2_PLACEMENT_3D('',#7354,#7355,#7356);
#7358=CYLINDRICAL_SURFACE('',#7357,0.3);
#7359=CARTESIAN_POINT('',(-0.8,-17.114307784,5.245042334));
#7360=DIRECTION('',(-1.,0.,-0.));
#7361=DIRECTION('',(0.,-0.433883739,-0.900968868));
#7362=AXIS2_PLACEMENT_3D('',#7359,#7360,#7361);
#7363=CIRCLE('',#7362,0.3);
#7364=EDGE_CURVE('',#7154,#7114,#7363,.T.);
#7365=ORIENTED_EDGE('',*,*,#7364,.T.);
#7366=ORIENTED_EDGE('',*,*,#7143,.F.);
#7367=CARTESIAN_POINT('',(-12.2,-17.114307784,5.245042334));
#7368=DIRECTION('',(1.,-0.,0.));
#7369=DIRECTION('',(0.,-0.433883739,-0.900968868));
#7370=AXIS2_PLACEMENT_3D('',#7367,#7368,#7369);
#7371=CIRCLE('',#7370,0.3);
#7372=EDGE_CURVE('',#7131,#7164,#7371,.T.);
#7373=ORIENTED_EDGE('',*,*,#7372,.T.);
#7374=ORIENTED_EDGE('',*,*,#7169,.T.);
#7375=EDGE_LOOP('',(#7365,#7366,#7373,#7374));
#7376=FACE_BOUND('',#7375,.T.);
#7377=ADVANCED_FACE('',(#7376),#7358,.T.);
#7378=CARTESIAN_POINT('',(-13.1,-14.771335592,10.110274221));
#7379=DIRECTION('',(-1.,0.,-0.));
#7380=DIRECTION('',(-0.,-0.825214279,0.564819789));
#7381=AXIS2_PLACEMENT_3D('',#7378,#7379,#7380);
#7382=CYLINDRICAL_SURFACE('',#7381,0.3);
#7383=CARTESIAN_POINT('',(-0.8,-14.771335592,10.110274221));
#7384=DIRECTION('',(-1.,0.,-0.));
#7385=DIRECTION('',(0.,-0.433883739,-0.900968868));
#7386=AXIS2_PLACEMENT_3D('',#7383,#7384,#7385);
#7387=CIRCLE('',#7386,0.3);
#7388=EDGE_CURVE('',#7112,#7238,#7387,.T.);
#7389=ORIENTED_EDGE('',*,*,#7388,.T.);
#7390=ORIENTED_EDGE('',*,*,#7265,.F.);
#7391=CARTESIAN_POINT('',(-12.2,-14.771335592,10.110274221));
#7392=DIRECTION('',(1.,-0.,0.));
#7393=DIRECTION('',(0.,-0.433883739,-0.900968868));
#7394=AXIS2_PLACEMENT_3D('',#7391,#7392,#7393);
#7395=CIRCLE('',#7394,0.3);
#7396=EDGE_CURVE('',#7254,#7123,#7395,.T.);
#7397=ORIENTED_EDGE('',*,*,#7396,.T.);
#7398=ORIENTED_EDGE('',*,*,#7128,.T.);
#7399=EDGE_LOOP('',(#7389,#7390,#7397,#7398));
#7400=FACE_BOUND('',#7399,.T.);
#7401=ADVANCED_FACE('',(#7400),#7382,.T.);
#7402=CARTESIAN_POINT('',(-13.1,-16.019715454,4.71791445));
#7403=DIRECTION('',(-1.,0.,-0.));
#7404=DIRECTION('',(0.,0.959264398,-0.282509847));
#7405=AXIS2_PLACEMENT_3D('',#7402,#7403,#7404);
#7406=CYLINDRICAL_SURFACE('',#7405,0.3);
#7407=CARTESIAN_POINT('',(-0.8,-16.019715454,4.71791445));
#7408=DIRECTION('',(-1.,0.,-0.));
#7409=DIRECTION('',(0.,-0.433883739,-0.900968868));
#7410=AXIS2_PLACEMENT_3D('',#7407,#7408,#7409);
#7411=CIRCLE('',#7410,0.3);
#7412=EDGE_CURVE('',#7194,#7156,#7411,.T.);
#7413=ORIENTED_EDGE('',*,*,#7412,.T.);
#7414=ORIENTED_EDGE('',*,*,#7183,.F.);
#7415=CARTESIAN_POINT('',(-12.2,-16.019715454,4.71791445));
#7416=DIRECTION('',(1.,-0.,0.));
#7417=DIRECTION('',(0.,-0.433883739,-0.900968868));
#7418=AXIS2_PLACEMENT_3D('',#7415,#7416,#7417);
#7419=CIRCLE('',#7418,0.3);
#7420=EDGE_CURVE('',#7172,#7205,#7419,.T.);
#7421=ORIENTED_EDGE('',*,*,#7420,.T.);
#7422=ORIENTED_EDGE('',*,*,#7210,.T.);
#7423=EDGE_LOOP('',(#7413,#7414,#7421,#7422));
#7424=FACE_BOUND('',#7423,.T.);
#7425=ADVANCED_FACE('',(#7424),#7406,.T.);
#7426=CARTESIAN_POINT('',(-13.1,-13.676743263,9.583146337));
#7427=DIRECTION('',(-1.,0.,-0.));
#7428=DIRECTION('',(-0.,0.433883739,0.900968868));
#7429=AXIS2_PLACEMENT_3D('',#7426,#7427,#7428);
#7430=CYLINDRICAL_SURFACE('',#7429,0.3);
#7431=CARTESIAN_POINT('',(-0.8,-13.676743263,9.583146337));
#7432=DIRECTION('',(-1.,0.,-0.));
#7433=DIRECTION('',(0.,-0.433883739,-0.900968868));
#7434=AXIS2_PLACEMENT_3D('',#7431,#7432,#7433);
#7435=CIRCLE('',#7434,0.3);
#7436=EDGE_CURVE('',#7236,#7196,#7435,.T.);
#7437=ORIENTED_EDGE('',*,*,#7436,.T.);
#7438=ORIENTED_EDGE('',*,*,#7225,.F.);
#7439=CARTESIAN_POINT('',(-12.2,-13.676743263,9.583146337));
#7440=DIRECTION('',(1.,-0.,0.));
#7441=DIRECTION('',(0.,-0.433883739,-0.900968868));
#7442=AXIS2_PLACEMENT_3D('',#7439,#7440,#7441);
#7443=CIRCLE('',#7442,0.3);
#7444=EDGE_CURVE('',#7213,#7246,#7443,.T.);
#7445=ORIENTED_EDGE('',*,*,#7444,.T.);
#7446=ORIENTED_EDGE('',*,*,#7251,.T.);
#7447=EDGE_LOOP('',(#7437,#7438,#7445,#7446));
#7448=FACE_BOUND('',#7447,.T.);
#7449=ADVANCED_FACE('',(#7448),#7430,.T.);
#7450=CARTESIAN_POINT('',(-12.2,0.,-0.));
#7451=DIRECTION('',(1.,-0.,0.));
#7452=DIRECTION('',(-0.,-0.805821771,0.592158148));
#7453=AXIS2_PLACEMENT_3D('',#7450,#7451,#7452);
#7454=TOROIDAL_SURFACE('',#7453,17.9,0.3);
#7455=ORIENTED_EDGE('',*,*,#7137,.F.);
#7456=CARTESIAN_POINT('',(-12.2,-14.771335592,10.110274221));
#7457=DIRECTION('',(-0.,0.564819789,0.825214279));
#7458=DIRECTION('',(0.,0.825214279,-0.564819789));
#7459=AXIS2_PLACEMENT_3D('',#7456,#7457,#7458);
#7460=CIRCLE('',#7459,0.3);
#7461=EDGE_CURVE('',#7318,#7123,#7460,.T.);
#7462=ORIENTED_EDGE('',*,*,#7461,.F.);
#7463=ORIENTED_EDGE('',*,*,#7326,.T.);
#7464=CARTESIAN_POINT('',(-12.2,-17.114307784,5.245042334));
#7465=DIRECTION('',(-0.,0.293019125,0.95610658));
#7466=DIRECTION('',(-0.,-0.95610658,0.293019125));
#7467=AXIS2_PLACEMENT_3D('',#7464,#7465,#7466);
#7468=CIRCLE('',#7467,0.3);
#7469=EDGE_CURVE('',#7320,#7131,#7468,.T.);
#7470=ORIENTED_EDGE('',*,*,#7469,.T.);
#7471=EDGE_LOOP('',(#7455,#7462,#7463,#7470));
#7472=FACE_BOUND('',#7471,.T.);
#7473=ADVANCED_FACE('',(#7472),#7454,.T.);
#7474=CARTESIAN_POINT('',(-12.2,-17.114307784,5.245042334));
#7475=DIRECTION('',(-1.,0.,-0.));
#7476=DIRECTION('',(0.,-0.433883739,-0.900968868));
#7477=AXIS2_PLACEMENT_3D('',#7474,#7475,#7476);
#7478=SPHERICAL_SURFACE('',#7477,0.3);
#7479=CARTESIAN_POINT('',(-12.2,-17.114307784,5.245042334));
#7480=DIRECTION('',(-0.,-0.900968868,0.433883739));
#7481=DIRECTION('',(-1.,0.,-0.));
#7482=AXIS2_PLACEMENT_3D('',#7479,#7480,#7481);
#7483=CIRCLE('',#7482,0.3);
#7484=EDGE_CURVE('',#7320,#7164,#7483,.T.);
#7485=ORIENTED_EDGE('',*,*,#7484,.T.);
#7486=ORIENTED_EDGE('',*,*,#7372,.F.);
#7487=ORIENTED_EDGE('',*,*,#7469,.F.);
#7488=EDGE_LOOP('',(#7485,#7486,#7487));
#7489=FACE_BOUND('',#7488,.T.);
#7490=ADVANCED_FACE('',(#7489),#7478,.T.);
#7491=CARTESIAN_POINT('',(-12.2,-18.195470425,5.765702821));
#7492=DIRECTION('',(-0.,-0.900968868,0.433883739));
#7493=DIRECTION('',(-1.,0.,-0.));
#7494=AXIS2_PLACEMENT_3D('',#7491,#7492,#7493);
#7495=CYLINDRICAL_SURFACE('',#7494,0.3);
#7496=ORIENTED_EDGE('',*,*,#7177,.F.);
#7497=ORIENTED_EDGE('',*,*,#7484,.F.);
#7498=ORIENTED_EDGE('',*,*,#7349,.T.);
#7499=CARTESIAN_POINT('',(-12.2,-16.019715454,4.71791445));
#7500=DIRECTION('',(-0.,-0.900968868,0.433883739));
#7501=DIRECTION('',(1.,-0.,0.));
#7502=AXIS2_PLACEMENT_3D('',#7499,#7500,#7501);
#7503=CIRCLE('',#7502,0.3);
#7504=EDGE_CURVE('',#7337,#7172,#7503,.T.);
#7505=ORIENTED_EDGE('',*,*,#7504,.T.);
#7506=EDGE_LOOP('',(#7496,#7497,#7498,#7505));
#7507=FACE_BOUND('',#7506,.T.);
#7508=ADVANCED_FACE('',(#7507),#7495,.T.);
#7509=CARTESIAN_POINT('',(-12.2,-16.019715454,4.71791445));
#7510=DIRECTION('',(-1.,0.,-0.));
#7511=DIRECTION('',(0.,0.959264398,-0.282509847));
#7512=AXIS2_PLACEMENT_3D('',#7509,#7510,#7511);
#7513=SPHERICAL_SURFACE('',#7512,0.3);
#7514=ORIENTED_EDGE('',*,*,#7420,.F.);
#7515=ORIENTED_EDGE('',*,*,#7504,.F.);
#7516=CARTESIAN_POINT('',(-12.2,-16.019715454,4.71791445));
#7517=DIRECTION('',(0.,-0.282509847,-0.959264398));
#7518=DIRECTION('',(-0.,-0.959264398,0.282509847));
#7519=AXIS2_PLACEMENT_3D('',#7516,#7517,#7518);
#7520=CIRCLE('',#7519,0.3);
#7521=EDGE_CURVE('',#7337,#7205,#7520,.T.);
#7522=ORIENTED_EDGE('',*,*,#7521,.T.);
#7523=EDGE_LOOP('',(#7514,#7515,#7522));
#7524=FACE_BOUND('',#7523,.T.);
#7525=ADVANCED_FACE('',(#7524),#7513,.T.);
#7526=CARTESIAN_POINT('',(-12.2,0.,-0.));
#7527=DIRECTION('',(-1.,0.,-0.));
#7528=DIRECTION('',(-0.,-0.968793212,0.247870356));
#7529=AXIS2_PLACEMENT_3D('',#7526,#7527,#7528);
#7530=TOROIDAL_SURFACE('',#7529,16.7,0.3);
#7531=ORIENTED_EDGE('',*,*,#7219,.F.);
#7532=ORIENTED_EDGE('',*,*,#7521,.F.);
#7533=ORIENTED_EDGE('',*,*,#7343,.T.);
#7534=CARTESIAN_POINT('',(-12.2,-13.676743263,9.583146337));
#7535=DIRECTION('',(0.,-0.573841098,-0.818966662));
#7536=DIRECTION('',(0.,0.818966662,-0.573841098));
#7537=AXIS2_PLACEMENT_3D('',#7534,#7535,#7536);
#7538=CIRCLE('',#7537,0.3);
#7539=EDGE_CURVE('',#7329,#7213,#7538,.T.);
#7540=ORIENTED_EDGE('',*,*,#7539,.T.);
#7541=EDGE_LOOP('',(#7531,#7532,#7533,#7540));
#7542=FACE_BOUND('',#7541,.T.);
#7543=ADVANCED_FACE('',(#7542),#7530,.T.);
#7544=CARTESIAN_POINT('',(-12.2,-13.676743263,9.583146337));
#7545=DIRECTION('',(-1.,0.,-0.));
#7546=DIRECTION('',(-0.,0.433883739,0.900968868));
#7547=AXIS2_PLACEMENT_3D('',#7544,#7545,#7546);
#7548=SPHERICAL_SURFACE('',#7547,0.3);
#7549=ORIENTED_EDGE('',*,*,#7444,.F.);
#7550=ORIENTED_EDGE('',*,*,#7539,.F.);
#7551=CARTESIAN_POINT('',(-12.2,-13.676743263,9.583146337));
#7552=DIRECTION('',(0.,0.900968868,-0.433883739));
#7553=DIRECTION('',(1.,-0.,0.));
#7554=AXIS2_PLACEMENT_3D('',#7551,#7552,#7553);
#7555=CIRCLE('',#7554,0.3);
#7556=EDGE_CURVE('',#7329,#7246,#7555,.T.);
#7557=ORIENTED_EDGE('',*,*,#7556,.T.);
#7558=EDGE_LOOP('',(#7549,#7550,#7557));
#7559=FACE_BOUND('',#7558,.T.);
#7560=ADVANCED_FACE('',(#7559),#7548,.T.);
#7561=CARTESIAN_POINT('',(-12.2,-12.595580622,9.06248585));
#7562=DIRECTION('',(0.,0.900968868,-0.433883739));
#7563=DIRECTION('',(-1.,-0.,-0.));
#7564=AXIS2_PLACEMENT_3D('',#7561,#7562,#7563);
#7565=CYLINDRICAL_SURFACE('',#7564,0.3);
#7566=ORIENTED_EDGE('',*,*,#7259,.F.);
#7567=ORIENTED_EDGE('',*,*,#7556,.F.);
#7568=ORIENTED_EDGE('',*,*,#7334,.T.);
#7569=CARTESIAN_POINT('',(-12.2,-14.771335592,10.110274221));
#7570=DIRECTION('',(0.,0.900968868,-0.433883739));
#7571=DIRECTION('',(-1.,0.,-0.));
#7572=AXIS2_PLACEMENT_3D('',#7569,#7570,#7571);
#7573=CIRCLE('',#7572,0.3);
#7574=EDGE_CURVE('',#7318,#7254,#7573,.T.);
#7575=ORIENTED_EDGE('',*,*,#7574,.T.);
#7576=EDGE_LOOP('',(#7566,#7567,#7568,#7575));
#7577=FACE_BOUND('',#7576,.T.);
#7578=ADVANCED_FACE('',(#7577),#7565,.T.);
#7579=CARTESIAN_POINT('',(-12.2,-14.771335592,10.110274221));
#7580=DIRECTION('',(-1.,0.,-0.));
#7581=DIRECTION('',(-0.,-0.825214279,0.564819789));
#7582=AXIS2_PLACEMENT_3D('',#7579,#7580,#7581);
#7583=SPHERICAL_SURFACE('',#7582,0.3);
#7584=ORIENTED_EDGE('',*,*,#7574,.F.);
#7585=ORIENTED_EDGE('',*,*,#7461,.T.);
#7586=ORIENTED_EDGE('',*,*,#7396,.F.);
#7587=EDGE_LOOP('',(#7584,#7585,#7586));
#7588=FACE_BOUND('',#7587,.T.);
#7589=ADVANCED_FACE('',(#7588),#7583,.T.);
#7590=CARTESIAN_POINT('',(-0.8,0.,-0.));
#7591=DIRECTION('',(1.,-0.,0.));
#7592=DIRECTION('',(-0.,-0.805821771,0.592158148));
#7593=AXIS2_PLACEMENT_3D('',#7590,#7591,#7592);
#7594=TOROIDAL_SURFACE('',#7593,17.9,0.3);
#7595=ORIENTED_EDGE('',*,*,#7120,.T.);
#7596=CARTESIAN_POINT('',(-0.8,-17.114307784,5.245042334));
#7597=DIRECTION('',(-0.,0.293019125,0.95610658));
#7598=DIRECTION('',(-0.,-0.95610658,0.293019125));
#7599=AXIS2_PLACEMENT_3D('',#7596,#7597,#7598);
#7600=CIRCLE('',#7599,0.3);
#7601=EDGE_CURVE('',#7114,#7278,#7600,.T.);
#7602=ORIENTED_EDGE('',*,*,#7601,.T.);
#7603=ORIENTED_EDGE('',*,*,#7284,.F.);
#7604=CARTESIAN_POINT('',(-0.8,-14.771335592,10.110274221));
#7605=DIRECTION('',(-0.,0.564819789,0.825214279));
#7606=DIRECTION('',(-0.,-0.825214279,0.564819789));
#7607=AXIS2_PLACEMENT_3D('',#7604,#7605,#7606);
#7608=CIRCLE('',#7607,0.3);
#7609=EDGE_CURVE('',#7112,#7276,#7608,.T.);
#7610=ORIENTED_EDGE('',*,*,#7609,.F.);
#7611=EDGE_LOOP('',(#7595,#7602,#7603,#7610));
#7612=FACE_BOUND('',#7611,.T.);
#7613=ADVANCED_FACE('',(#7612),#7594,.T.);
#7614=CARTESIAN_POINT('',(-0.8,-17.114307784,5.245042334));
#7615=DIRECTION('',(1.,-0.,0.));
#7616=DIRECTION('',(-0.,-0.95610658,0.293019125));
#7617=AXIS2_PLACEMENT_3D('',#7614,#7615,#7616);
#7618=SPHERICAL_SURFACE('',#7617,0.3);
#7619=ORIENTED_EDGE('',*,*,#7601,.F.);
#7620=ORIENTED_EDGE('',*,*,#7364,.F.);
#7621=CARTESIAN_POINT('',(-0.8,-17.114307784,5.245042334));
#7622=DIRECTION('',(-0.,-0.900968868,0.433883739));
#7623=DIRECTION('',(0.,-0.433883739,-0.900968868));
#7624=AXIS2_PLACEMENT_3D('',#7621,#7622,#7623);
#7625=CIRCLE('',#7624,0.3);
#7626=EDGE_CURVE('',#7154,#7278,#7625,.T.);
#7627=ORIENTED_EDGE('',*,*,#7626,.T.);
#7628=EDGE_LOOP('',(#7619,#7620,#7627));
#7629=FACE_BOUND('',#7628,.T.);
#7630=ADVANCED_FACE('',(#7629),#7618,.T.);
#7631=CARTESIAN_POINT('',(-0.8,-18.195470425,5.765702821));
#7632=DIRECTION('',(0.,0.900968868,-0.433883739));
#7633=DIRECTION('',(1.,-0.,0.));
#7634=AXIS2_PLACEMENT_3D('',#7631,#7632,#7633);
#7635=CYLINDRICAL_SURFACE('',#7634,0.3);
#7636=ORIENTED_EDGE('',*,*,#7161,.T.);
#7637=CARTESIAN_POINT('',(-0.8,-16.019715454,4.71791445));
#7638=DIRECTION('',(-0.,-0.900968868,0.433883739));
#7639=DIRECTION('',(-1.,0.,-0.));
#7640=AXIS2_PLACEMENT_3D('',#7637,#7638,#7639);
#7641=CIRCLE('',#7640,0.3);
#7642=EDGE_CURVE('',#7156,#7287,#7641,.T.);
#7643=ORIENTED_EDGE('',*,*,#7642,.T.);
#7644=ORIENTED_EDGE('',*,*,#7292,.F.);
#7645=ORIENTED_EDGE('',*,*,#7626,.F.);
#7646=EDGE_LOOP('',(#7636,#7643,#7644,#7645));
#7647=FACE_BOUND('',#7646,.T.);
#7648=ADVANCED_FACE('',(#7647),#7635,.T.);
#7649=CARTESIAN_POINT('',(-0.8,-16.019715454,4.71791445));
#7650=DIRECTION('',(1.,-0.,0.));
#7651=DIRECTION('',(0.,-0.433883739,-0.900968868));
#7652=AXIS2_PLACEMENT_3D('',#7649,#7650,#7651);
#7653=SPHERICAL_SURFACE('',#7652,0.3);
#7654=CARTESIAN_POINT('',(-0.8,-16.019715454,4.71791445));
#7655=DIRECTION('',(0.,-0.282509847,-0.959264398));
#7656=DIRECTION('',(0.,0.959264398,-0.282509847));
#7657=AXIS2_PLACEMENT_3D('',#7654,#7655,#7656);
#7658=CIRCLE('',#7657,0.3);
#7659=EDGE_CURVE('',#7194,#7287,#7658,.T.);
#7660=ORIENTED_EDGE('',*,*,#7659,.T.);
#7661=ORIENTED_EDGE('',*,*,#7642,.F.);
#7662=ORIENTED_EDGE('',*,*,#7412,.F.);
#7663=EDGE_LOOP('',(#7660,#7661,#7662));
#7664=FACE_BOUND('',#7663,.T.);
#7665=ADVANCED_FACE('',(#7664),#7653,.T.);
#7666=CARTESIAN_POINT('',(-0.8,0.,-0.));
#7667=DIRECTION('',(-1.,0.,-0.));
#7668=DIRECTION('',(-0.,-0.968793212,0.247870356));
#7669=AXIS2_PLACEMENT_3D('',#7666,#7667,#7668);
#7670=TOROIDAL_SURFACE('',#7669,16.7,0.3);
#7671=ORIENTED_EDGE('',*,*,#7202,.T.);
#7672=CARTESIAN_POINT('',(-0.8,-13.676743263,9.583146337));
#7673=DIRECTION('',(0.,-0.573841098,-0.818966662));
#7674=DIRECTION('',(0.,0.818966662,-0.573841098));
#7675=AXIS2_PLACEMENT_3D('',#7672,#7673,#7674);
#7676=CIRCLE('',#7675,0.3);
#7677=EDGE_CURVE('',#7196,#7295,#7676,.T.);
#7678=ORIENTED_EDGE('',*,*,#7677,.T.);
#7679=ORIENTED_EDGE('',*,*,#7301,.F.);
#7680=ORIENTED_EDGE('',*,*,#7659,.F.);
#7681=EDGE_LOOP('',(#7671,#7678,#7679,#7680));
#7682=FACE_BOUND('',#7681,.T.);
#7683=ADVANCED_FACE('',(#7682),#7670,.T.);
#7684=CARTESIAN_POINT('',(-0.8,-13.676743263,9.583146337));
#7685=DIRECTION('',(1.,-0.,0.));
#7686=DIRECTION('',(0.,0.818966662,-0.573841098));
#7687=AXIS2_PLACEMENT_3D('',#7684,#7685,#7686);
#7688=SPHERICAL_SURFACE('',#7687,0.3);
#7689=CARTESIAN_POINT('',(-0.8,-13.676743263,9.583146337));
#7690=DIRECTION('',(0.,0.900968868,-0.433883739));
#7691=DIRECTION('',(-0.,0.433883739,0.900968868));
#7692=AXIS2_PLACEMENT_3D('',#7689,#7690,#7691);
#7693=CIRCLE('',#7692,0.3);
#7694=EDGE_CURVE('',#7236,#7295,#7693,.T.);
#7695=ORIENTED_EDGE('',*,*,#7694,.T.);
#7696=ORIENTED_EDGE('',*,*,#7677,.F.);
#7697=ORIENTED_EDGE('',*,*,#7436,.F.);
#7698=EDGE_LOOP('',(#7695,#7696,#7697));
#7699=FACE_BOUND('',#7698,.T.);
#7700=ADVANCED_FACE('',(#7699),#7688,.T.);
#7701=CARTESIAN_POINT('',(-0.8,-12.595580622,9.06248585));
#7702=DIRECTION('',(0.,-0.900968868,0.433883739));
#7703=DIRECTION('',(1.,-0.,-0.));
#7704=AXIS2_PLACEMENT_3D('',#7701,#7702,#7703);
#7705=CYLINDRICAL_SURFACE('',#7704,0.3);
#7706=ORIENTED_EDGE('',*,*,#7243,.T.);
#7707=CARTESIAN_POINT('',(-0.8,-14.771335592,10.110274221));
#7708=DIRECTION('',(-0.,0.900968868,-0.433883739));
#7709=DIRECTION('',(1.,0.,-0.));
#7710=AXIS2_PLACEMENT_3D('',#7707,#7708,#7709);
#7711=CIRCLE('',#7710,0.3);
#7712=EDGE_CURVE('',#7238,#7276,#7711,.T.);
#7713=ORIENTED_EDGE('',*,*,#7712,.T.);
#7714=ORIENTED_EDGE('',*,*,#7307,.F.);
#7715=ORIENTED_EDGE('',*,*,#7694,.F.);
#7716=EDGE_LOOP('',(#7706,#7713,#7714,#7715));
#7717=FACE_BOUND('',#7716,.T.);
#7718=ADVANCED_FACE('',(#7717),#7705,.T.);
#7719=CARTESIAN_POINT('',(-0.8,-14.771335592,10.110274221));
#7720=DIRECTION('',(1.,-0.,0.));
#7721=DIRECTION('',(-0.,0.433883739,0.900968868));
#7722=AXIS2_PLACEMENT_3D('',#7719,#7720,#7721);
#7723=SPHERICAL_SURFACE('',#7722,0.3);
#7724=ORIENTED_EDGE('',*,*,#7388,.F.);
#7725=ORIENTED_EDGE('',*,*,#7609,.T.);
#7726=ORIENTED_EDGE('',*,*,#7712,.F.);
#7727=EDGE_LOOP('',(#7724,#7725,#7726));
#7728=FACE_BOUND('',#7727,.T.);
#7729=ADVANCED_FACE('',(#7728),#7723,.T.);
#7730=CLOSED_SHELL('',(#7147,#7187,#7229,#7269,#7311,#7353,#7377,#7401,#7425,#7449,#7473,#7490,#7508,#7525,#7543,#7560,#7578,#7589,#7613,#7630,#7648,#7665,#7683,#7700,#7718,#7729));
#7731=MANIFOLD_SOLID_BREP('\X2\04220435043B043E\X0\_148 - \X2\0411041F041B0410\X0\32.20.03-01_149:1',#7730);
#7105=STYLED_ITEM('',(#5843),#7731);
#7733=CARTESIAN_POINT('',(-12.5,0.,-0.));
#7734=DIRECTION('',(1.,-0.,0.));
#7735=DIRECTION('',(-0.,-0.058774696,0.998271273));
#7736=AXIS2_PLACEMENT_3D('',#7733,#7734,#7735);
#7737=CYLINDRICAL_SURFACE('',#7736,18.2);
#7738=CARTESIAN_POINT('',(-0.8,-1.327122058,18.151549439));
#7739=VERTEX_POINT('',#7738);
#7740=CARTESIAN_POINT('',(-0.8,-6.679966483,16.92979763));
#7741=VERTEX_POINT('',#7740);
#7742=CARTESIAN_POINT('',(-0.8,0.,-0.));
#7743=DIRECTION('',(1.,-0.,0.));
#7744=DIRECTION('',(0.,0.974927912,0.222520934));
#7745=AXIS2_PLACEMENT_3D('',#7742,#7743,#7744);
#7746=CIRCLE('',#7745,18.2);
#7747=EDGE_CURVE('',#7739,#7741,#7746,.T.);
#7748=ORIENTED_EDGE('',*,*,#7747,.F.);
#7749=CARTESIAN_POINT('',(-12.2,-1.327122058,18.151549439));
#7750=VERTEX_POINT('',#7749);
#7751=CARTESIAN_POINT('',(-12.2,-1.327122058,18.151549439));
#7752=DIRECTION('',(1.,-0.,0.));
#7753=VECTOR('',#7752,11.4);
#7754=LINE('',#7751,#7753);
#7755=EDGE_CURVE('',#7750,#7739,#7754,.T.);
#7756=ORIENTED_EDGE('',*,*,#7755,.F.);
#7757=CARTESIAN_POINT('',(-12.2,-6.679966483,16.92979763));
#7758=VERTEX_POINT('',#7757);
#7759=CARTESIAN_POINT('',(-12.2,0.,-0.));
#7760=DIRECTION('',(1.,-0.,0.));
#7761=DIRECTION('',(0.,0.974927912,0.222520934));
#7762=AXIS2_PLACEMENT_3D('',#7759,#7760,#7761);
#7763=CIRCLE('',#7762,18.2);
#7764=EDGE_CURVE('',#7750,#7758,#7763,.T.);
#7765=ORIENTED_EDGE('',*,*,#7764,.T.);
#7766=CARTESIAN_POINT('',(-12.2,-6.679966483,16.92979763));
#7767=DIRECTION('',(1.,-0.,0.));
#7768=VECTOR('',#7767,11.4);
#7769=LINE('',#7766,#7768);
#7770=EDGE_CURVE('',#7758,#7741,#7769,.T.);
#7771=ORIENTED_EDGE('',*,*,#7770,.T.);
#7772=EDGE_LOOP('',(#7748,#7756,#7765,#7771));
#7773=FACE_BOUND('',#7772,.T.);
#7774=ADVANCED_FACE('',(#7773),#7737,.T.);
#7775=CARTESIAN_POINT('',(-12.5,-6.919266933,16.833411571));
#7776=DIRECTION('',(-0.,-0.974927912,-0.222520934));
#7777=DIRECTION('',(0.,0.222520934,-0.974927912));
#7778=AXIS2_PLACEMENT_3D('',#7775,#7776,#7777);
#7779=PLANE('',#7778);
#7780=CARTESIAN_POINT('',(-0.8,-6.862335519,16.583978751));
#7781=VERTEX_POINT('',#7780);
#7782=CARTESIAN_POINT('',(-0.8,-6.591993539,15.399533148));
#7783=VERTEX_POINT('',#7782);
#7784=CARTESIAN_POINT('',(-0.8,-6.862335519,16.583978751));
#7785=DIRECTION('',(0.,0.222520934,-0.974927912));
#7786=VECTOR('',#7785,1.214905829);
#7787=LINE('',#7784,#7786);
#7788=EDGE_CURVE('',#7781,#7783,#7787,.T.);
#7789=ORIENTED_EDGE('',*,*,#7788,.F.);
#7790=CARTESIAN_POINT('',(-12.2,-6.862335519,16.583978751));
#7791=VERTEX_POINT('',#7790);
#7792=CARTESIAN_POINT('',(-12.2,-6.862335519,16.583978751));
#7793=DIRECTION('',(1.,-0.,0.));
#7794=VECTOR('',#7793,11.4);
#7795=LINE('',#7792,#7794);
#7796=EDGE_CURVE('',#7791,#7781,#7795,.T.);
#7797=ORIENTED_EDGE('',*,*,#7796,.F.);
#7798=CARTESIAN_POINT('',(-12.2,-6.591993539,15.399533148));
#7799=VERTEX_POINT('',#7798);
#7800=CARTESIAN_POINT('',(-12.2,-6.862335519,16.583978751));
#7801=DIRECTION('',(0.,0.222520934,-0.974927912));
#7802=VECTOR('',#7801,1.214905829);
#7803=LINE('',#7800,#7802);
#7804=EDGE_CURVE('',#7791,#7799,#7803,.T.);
#7805=ORIENTED_EDGE('',*,*,#7804,.T.);
#7806=CARTESIAN_POINT('',(-12.2,-6.591993539,15.399533148));
#7807=DIRECTION('',(1.,-0.,0.));
#7808=VECTOR('',#7807,11.4);
#7809=LINE('',#7806,#7808);
#7810=EDGE_CURVE('',#7799,#7783,#7809,.T.);
#7811=ORIENTED_EDGE('',*,*,#7810,.T.);
#7812=EDGE_LOOP('',(#7789,#7797,#7805,#7811));
#7813=FACE_BOUND('',#7812,.T.);
#7814=ADVANCED_FACE('',(#7813),#7779,.T.);
#7815=CARTESIAN_POINT('',(-12.5,0.,-0.));
#7816=DIRECTION('',(-1.,0.,-0.));
#7817=DIRECTION('',(-0.,-0.397106706,0.917772447));
#7818=AXIS2_PLACEMENT_3D('',#7815,#7816,#7817);
#7819=CYLINDRICAL_SURFACE('',#7818,16.4);
#7820=CARTESIAN_POINT('',(-0.8,-6.186350223,15.188451894));
#7821=VERTEX_POINT('',#7820);
#7822=CARTESIAN_POINT('',(-0.8,-1.016313342,16.368479074));
#7823=VERTEX_POINT('',#7822);
#7824=CARTESIAN_POINT('',(-0.8,0.,-0.));
#7825=DIRECTION('',(-1.,0.,-0.));
#7826=DIRECTION('',(-0.,-0.974927912,-0.222520934));
#7827=AXIS2_PLACEMENT_3D('',#7824,#7825,#7826);
#7828=CIRCLE('',#7827,16.4);
#7829=EDGE_CURVE('',#7821,#7823,#7828,.T.);
#7830=ORIENTED_EDGE('',*,*,#7829,.F.);
#7831=CARTESIAN_POINT('',(-12.2,-6.186350223,15.188451894));
#7832=VERTEX_POINT('',#7831);
#7833=CARTESIAN_POINT('',(-12.2,-6.186350223,15.188451894));
#7834=DIRECTION('',(1.,-0.,0.));
#7835=VECTOR('',#7834,11.4);
#7836=LINE('',#7833,#7835);
#7837=EDGE_CURVE('',#7832,#7821,#7836,.T.);
#7838=ORIENTED_EDGE('',*,*,#7837,.F.);
#7839=CARTESIAN_POINT('',(-12.2,-1.016313342,16.368479074));
#7840=VERTEX_POINT('',#7839);
#7841=CARTESIAN_POINT('',(-12.2,0.,-0.));
#7842=DIRECTION('',(-1.,0.,-0.));
#7843=DIRECTION('',(-0.,-0.974927912,-0.222520934));
#7844=AXIS2_PLACEMENT_3D('',#7841,#7842,#7843);
#7845=CIRCLE('',#7844,16.4);
#7846=EDGE_CURVE('',#7832,#7840,#7845,.T.);
#7847=ORIENTED_EDGE('',*,*,#7846,.T.);
#7848=CARTESIAN_POINT('',(-12.2,-1.016313342,16.368479074));
#7849=DIRECTION('',(1.,-0.,0.));
#7850=VECTOR('',#7849,11.4);
#7851=LINE('',#7848,#7850);
#7852=EDGE_CURVE('',#7840,#7823,#7851,.T.);
#7853=ORIENTED_EDGE('',*,*,#7852,.T.);
#7854=EDGE_LOOP('',(#7830,#7838,#7847,#7853));
#7855=FACE_BOUND('',#7854,.T.);
#7856=ADVANCED_FACE('',(#7855),#7819,.F.);
#7857=CARTESIAN_POINT('',(-12.5,-0.662982497,16.386593734));
#7858=DIRECTION('',(0.,0.974927912,0.222520934));
#7859=DIRECTION('',(-0.,-0.222520934,0.974927912));
#7860=AXIS2_PLACEMENT_3D('',#7857,#7858,#7859);
#7861=PLANE('',#7860);
#7862=CARTESIAN_POINT('',(-0.8,-0.742426066,16.734658752));
#7863=VERTEX_POINT('',#7862);
#7864=CARTESIAN_POINT('',(-0.8,-1.012768046,17.919104355));
#7865=VERTEX_POINT('',#7864);
#7866=CARTESIAN_POINT('',(-0.8,-0.742426066,16.734658752));
#7867=DIRECTION('',(0.,-0.222520934,0.974927912));
#7868=VECTOR('',#7867,1.214905829);
#7869=LINE('',#7866,#7868);
#7870=EDGE_CURVE('',#7863,#7865,#7869,.T.);
#7871=ORIENTED_EDGE('',*,*,#7870,.F.);
#7872=CARTESIAN_POINT('',(-12.2,-0.742426066,16.734658752));
#7873=VERTEX_POINT('',#7872);
#7874=CARTESIAN_POINT('',(-12.2,-0.742426066,16.734658752));
#7875=DIRECTION('',(1.,-0.,0.));
#7876=VECTOR('',#7875,11.4);
#7877=LINE('',#7874,#7876);
#7878=EDGE_CURVE('',#7873,#7863,#7877,.T.);
#7879=ORIENTED_EDGE('',*,*,#7878,.F.);
#7880=CARTESIAN_POINT('',(-12.2,-1.012768046,17.919104355));
#7881=VERTEX_POINT('',#7880);
#7882=CARTESIAN_POINT('',(-12.2,-0.742426066,16.734658752));
#7883=DIRECTION('',(-0.,-0.222520934,0.974927912));
#7884=VECTOR('',#7883,1.214905829);
#7885=LINE('',#7882,#7884);
#7886=EDGE_CURVE('',#7873,#7881,#7885,.T.);
#7887=ORIENTED_EDGE('',*,*,#7886,.T.);
#7888=CARTESIAN_POINT('',(-12.2,-1.012768046,17.919104355));
#7889=DIRECTION('',(1.,-0.,0.));
#7890=VECTOR('',#7889,11.4);
#7891=LINE('',#7888,#7890);
#7892=EDGE_CURVE('',#7881,#7865,#7891,.T.);
#7893=ORIENTED_EDGE('',*,*,#7892,.T.);
#7894=EDGE_LOOP('',(#7871,#7879,#7887,#7893));
#7895=FACE_BOUND('',#7894,.T.);
#7896=ADVANCED_FACE('',(#7895),#7861,.T.);
#7897=CARTESIAN_POINT('',(-0.5,0.,-0.));
#7898=DIRECTION('',(1.,-0.,0.));
#7899=DIRECTION('',(0.,0.974927912,0.222520934));
#7900=AXIS2_PLACEMENT_3D('',#7897,#7898,#7899);
#7901=PLANE('',#7900);
#7902=CARTESIAN_POINT('',(-0.5,-1.30524642,17.852348075));
#7903=VERTEX_POINT('',#7902);
#7904=CARTESIAN_POINT('',(-0.5,-6.569857146,16.650735031));
#7905=VERTEX_POINT('',#7904);
#7906=CARTESIAN_POINT('',(-0.5,0.,-0.));
#7907=DIRECTION('',(1.,-0.,0.));
#7908=DIRECTION('',(0.,0.974927912,0.222520934));
#7909=AXIS2_PLACEMENT_3D('',#7906,#7907,#7908);
#7910=CIRCLE('',#7909,17.9);
#7911=EDGE_CURVE('',#7903,#7905,#7910,.T.);
#7912=ORIENTED_EDGE('',*,*,#7911,.T.);
#7913=CARTESIAN_POINT('',(-0.5,-6.299515166,15.466289428));
#7914=VERTEX_POINT('',#7913);
#7915=CARTESIAN_POINT('',(-0.5,-6.569857146,16.650735031));
#7916=DIRECTION('',(0.,0.222520934,-0.974927912));
#7917=VECTOR('',#7916,1.214905829);
#7918=LINE('',#7915,#7917);
#7919=EDGE_CURVE('',#7905,#7914,#7918,.T.);
#7920=ORIENTED_EDGE('',*,*,#7919,.T.);
#7921=CARTESIAN_POINT('',(-0.5,-1.03490444,16.667902472));
#7922=VERTEX_POINT('',#7921);
#7923=CARTESIAN_POINT('',(-0.5,0.,-0.));
#7924=DIRECTION('',(-1.,0.,-0.));
#7925=DIRECTION('',(-0.,-0.974927912,-0.222520934));
#7926=AXIS2_PLACEMENT_3D('',#7923,#7924,#7925);
#7927=CIRCLE('',#7926,16.7);
#7928=EDGE_CURVE('',#7914,#7922,#7927,.T.);
#7929=ORIENTED_EDGE('',*,*,#7928,.T.);
#7930=CARTESIAN_POINT('',(-0.5,-1.03490444,16.667902472));
#7931=DIRECTION('',(-0.,-0.222520934,0.974927912));
#7932=VECTOR('',#7931,1.214905829);
#7933=LINE('',#7930,#7932);
#7934=EDGE_CURVE('',#7922,#7903,#7933,.T.);
#7935=ORIENTED_EDGE('',*,*,#7934,.T.);
#7936=EDGE_LOOP('',(#7912,#7920,#7929,#7935));
#7937=FACE_BOUND('',#7936,.T.);
#7938=ADVANCED_FACE('',(#7937),#7901,.T.);
#7939=CARTESIAN_POINT('',(-12.5,0.,-0.));
#7940=DIRECTION('',(1.,-0.,0.));
#7941=DIRECTION('',(0.,0.974927912,0.222520934));
#7942=AXIS2_PLACEMENT_3D('',#7939,#7940,#7941);
#7943=PLANE('',#7942);
#7944=CARTESIAN_POINT('',(-12.5,-1.30524642,17.852348075));
#7945=VERTEX_POINT('',#7944);
#7946=CARTESIAN_POINT('',(-12.5,-6.569857146,16.650735031));
#7947=VERTEX_POINT('',#7946);
#7948=CARTESIAN_POINT('',(-12.5,0.,-0.));
#7949=DIRECTION('',(1.,-0.,0.));
#7950=DIRECTION('',(0.,0.974927912,0.222520934));
#7951=AXIS2_PLACEMENT_3D('',#7948,#7949,#7950);
#7952=CIRCLE('',#7951,17.9);
#7953=EDGE_CURVE('',#7945,#7947,#7952,.T.);
#7954=ORIENTED_EDGE('',*,*,#7953,.F.);
#7955=CARTESIAN_POINT('',(-12.5,-1.03490444,16.667902472));
#7956=VERTEX_POINT('',#7955);
#7957=CARTESIAN_POINT('',(-12.5,-1.03490444,16.667902472));
#7958=DIRECTION('',(-0.,-0.222520934,0.974927912));
#7959=VECTOR('',#7958,1.214905829);
#7960=LINE('',#7957,#7959);
#7961=EDGE_CURVE('',#7956,#7945,#7960,.T.);
#7962=ORIENTED_EDGE('',*,*,#7961,.F.);
#7963=CARTESIAN_POINT('',(-12.5,-6.299515166,15.466289428));
#7964=VERTEX_POINT('',#7963);
#7965=CARTESIAN_POINT('',(-12.5,0.,-0.));
#7966=DIRECTION('',(-1.,0.,-0.));
#7967=DIRECTION('',(-0.,-0.974927912,-0.222520934));
#7968=AXIS2_PLACEMENT_3D('',#7965,#7966,#7967);
#7969=CIRCLE('',#7968,16.7);
#7970=EDGE_CURVE('',#7964,#7956,#7969,.T.);
#7971=ORIENTED_EDGE('',*,*,#7970,.F.);
#7972=CARTESIAN_POINT('',(-12.5,-6.569857146,16.650735031));
#7973=DIRECTION('',(0.,0.222520934,-0.974927912));
#7974=VECTOR('',#7973,1.214905829);
#7975=LINE('',#7972,#7974);
#7976=EDGE_CURVE('',#7947,#7964,#7975,.T.);
#7977=ORIENTED_EDGE('',*,*,#7976,.F.);
#7978=EDGE_LOOP('',(#7954,#7962,#7971,#7977));
#7979=FACE_BOUND('',#7978,.T.);
#7980=ADVANCED_FACE('',(#7979),#7943,.F.);
#7981=CARTESIAN_POINT('',(-13.1,-6.569857146,16.650735031));
#7982=DIRECTION('',(-1.,0.,-0.));
#7983=DIRECTION('',(-0.,-0.974927912,-0.222520934));
#7984=AXIS2_PLACEMENT_3D('',#7981,#7982,#7983);
#7985=CYLINDRICAL_SURFACE('',#7984,0.3);
#7986=CARTESIAN_POINT('',(-0.8,-6.569857146,16.650735031));
#7987=DIRECTION('',(-1.,0.,-0.));
#7988=DIRECTION('',(-0.,-0.974927912,-0.222520934));
#7989=AXIS2_PLACEMENT_3D('',#7986,#7987,#7988);
#7990=CIRCLE('',#7989,0.3);
#7991=EDGE_CURVE('',#7781,#7741,#7990,.T.);
#7992=ORIENTED_EDGE('',*,*,#7991,.T.);
#7993=ORIENTED_EDGE('',*,*,#7770,.F.);
#7994=CARTESIAN_POINT('',(-12.2,-6.569857146,16.650735031));
#7995=DIRECTION('',(1.,-0.,0.));
#7996=DIRECTION('',(-0.,-0.974927912,-0.222520934));
#7997=AXIS2_PLACEMENT_3D('',#7994,#7995,#7996);
#7998=CIRCLE('',#7997,0.3);
#7999=EDGE_CURVE('',#7758,#7791,#7998,.T.);
#8000=ORIENTED_EDGE('',*,*,#7999,.T.);
#8001=ORIENTED_EDGE('',*,*,#7796,.T.);
#8002=EDGE_LOOP('',(#7992,#7993,#8000,#8001));
#8003=FACE_BOUND('',#8002,.T.);
#8004=ADVANCED_FACE('',(#8003),#7985,.T.);
#8005=CARTESIAN_POINT('',(-13.1,-1.30524642,17.852348075));
#8006=DIRECTION('',(-1.,0.,-0.));
#8007=DIRECTION('',(-0.,-0.072918794,0.997337881));
#8008=AXIS2_PLACEMENT_3D('',#8005,#8006,#8007);
#8009=CYLINDRICAL_SURFACE('',#8008,0.3);
#8010=CARTESIAN_POINT('',(-0.8,-1.30524642,17.852348075));
#8011=DIRECTION('',(-1.,0.,-0.));
#8012=DIRECTION('',(-0.,-0.974927912,-0.222520934));
#8013=AXIS2_PLACEMENT_3D('',#8010,#8011,#8012);
#8014=CIRCLE('',#8013,0.3);
#8015=EDGE_CURVE('',#7739,#7865,#8014,.T.);
#8016=ORIENTED_EDGE('',*,*,#8015,.T.);
#8017=ORIENTED_EDGE('',*,*,#7892,.F.);
#8018=CARTESIAN_POINT('',(-12.2,-1.30524642,17.852348075));
#8019=DIRECTION('',(1.,-0.,0.));
#8020=DIRECTION('',(-0.,-0.974927912,-0.222520934));
#8021=AXIS2_PLACEMENT_3D('',#8018,#8019,#8020);
#8022=CIRCLE('',#8021,0.3);
#8023=EDGE_CURVE('',#7881,#7750,#8022,.T.);
#8024=ORIENTED_EDGE('',*,*,#8023,.T.);
#8025=ORIENTED_EDGE('',*,*,#7755,.T.);
#8026=EDGE_LOOP('',(#8016,#8017,#8024,#8025));
#8027=FACE_BOUND('',#8026,.T.);
#8028=ADVANCED_FACE('',(#8027),#8009,.T.);
#8029=CARTESIAN_POINT('',(-13.1,-6.299515166,15.466289428));
#8030=DIRECTION('',(-1.,0.,-0.));
#8031=DIRECTION('',(0.,0.377216477,-0.926125115));
#8032=AXIS2_PLACEMENT_3D('',#8029,#8030,#8031);
#8033=CYLINDRICAL_SURFACE('',#8032,0.3);
#8034=CARTESIAN_POINT('',(-0.8,-6.299515166,15.466289428));
#8035=DIRECTION('',(-1.,0.,-0.));
#8036=DIRECTION('',(-0.,-0.974927912,-0.222520934));
#8037=AXIS2_PLACEMENT_3D('',#8034,#8035,#8036);
#8038=CIRCLE('',#8037,0.3);
#8039=EDGE_CURVE('',#7821,#7783,#8038,.T.);
#8040=ORIENTED_EDGE('',*,*,#8039,.T.);
#8041=ORIENTED_EDGE('',*,*,#7810,.F.);
#8042=CARTESIAN_POINT('',(-12.2,-6.299515166,15.466289428));
#8043=DIRECTION('',(1.,-0.,0.));
#8044=DIRECTION('',(-0.,-0.974927912,-0.222520934));
#8045=AXIS2_PLACEMENT_3D('',#8042,#8043,#8044);
#8046=CIRCLE('',#8045,0.3);
#8047=EDGE_CURVE('',#7799,#7832,#8046,.T.);
#8048=ORIENTED_EDGE('',*,*,#8047,.T.);
#8049=ORIENTED_EDGE('',*,*,#7837,.T.);
#8050=EDGE_LOOP('',(#8040,#8041,#8048,#8049));
#8051=FACE_BOUND('',#8050,.T.);
#8052=ADVANCED_FACE('',(#8051),#8033,.T.);
#8053=CARTESIAN_POINT('',(-13.1,-1.03490444,16.667902472));
#8054=DIRECTION('',(-1.,0.,-0.));
#8055=DIRECTION('',(0.,0.974927912,0.222520934));
#8056=AXIS2_PLACEMENT_3D('',#8053,#8054,#8055);
#8057=CYLINDRICAL_SURFACE('',#8056,0.3);
#8058=CARTESIAN_POINT('',(-0.8,-1.03490444,16.667902472));
#8059=DIRECTION('',(-1.,0.,-0.));
#8060=DIRECTION('',(-0.,-0.974927912,-0.222520934));
#8061=AXIS2_PLACEMENT_3D('',#8058,#8059,#8060);
#8062=CIRCLE('',#8061,0.3);
#8063=EDGE_CURVE('',#7863,#7823,#8062,.T.);
#8064=ORIENTED_EDGE('',*,*,#8063,.T.);
#8065=ORIENTED_EDGE('',*,*,#7852,.F.);
#8066=CARTESIAN_POINT('',(-12.2,-1.03490444,16.667902472));
#8067=DIRECTION('',(1.,-0.,0.));
#8068=DIRECTION('',(-0.,-0.974927912,-0.222520934));
#8069=AXIS2_PLACEMENT_3D('',#8066,#8067,#8068);
#8070=CIRCLE('',#8069,0.3);
#8071=EDGE_CURVE('',#7840,#7873,#8070,.T.);
#8072=ORIENTED_EDGE('',*,*,#8071,.T.);
#8073=ORIENTED_EDGE('',*,*,#7878,.T.);
#8074=EDGE_LOOP('',(#8064,#8065,#8072,#8073));
#8075=FACE_BOUND('',#8074,.T.);
#8076=ADVANCED_FACE('',(#8075),#8057,.T.);
#8077=CARTESIAN_POINT('',(-12.2,0.,-0.));
#8078=DIRECTION('',(1.,-0.,0.));
#8079=DIRECTION('',(-0.,-0.039453774,0.999221397));
#8080=AXIS2_PLACEMENT_3D('',#8077,#8078,#8079);
#8081=TOROIDAL_SURFACE('',#8080,17.9,0.3);
#8082=ORIENTED_EDGE('',*,*,#7764,.F.);
#8083=CARTESIAN_POINT('',(-12.2,-1.30524642,17.852348075));
#8084=DIRECTION('',(0.,0.997337881,0.072918794));
#8085=DIRECTION('',(0.,0.072918794,-0.997337881));
#8086=AXIS2_PLACEMENT_3D('',#8083,#8084,#8085);
#8087=CIRCLE('',#8086,0.3);
#8088=EDGE_CURVE('',#7945,#7750,#8087,.T.);
#8089=ORIENTED_EDGE('',*,*,#8088,.F.);
#8090=ORIENTED_EDGE('',*,*,#7953,.T.);
#8091=CARTESIAN_POINT('',(-12.2,-6.569857146,16.650735031));
#8092=DIRECTION('',(0.,0.930208661,0.367031125));
#8093=DIRECTION('',(-0.,-0.367031125,0.930208661));
#8094=AXIS2_PLACEMENT_3D('',#8091,#8092,#8093);
#8095=CIRCLE('',#8094,0.3);
#8096=EDGE_CURVE('',#7947,#7758,#8095,.T.);
#8097=ORIENTED_EDGE('',*,*,#8096,.T.);
#8098=EDGE_LOOP('',(#8082,#8089,#8090,#8097));
#8099=FACE_BOUND('',#8098,.T.);
#8100=ADVANCED_FACE('',(#8099),#8081,.T.);
#8101=CARTESIAN_POINT('',(-12.2,-6.569857146,16.650735031));
#8102=DIRECTION('',(-1.,0.,-0.));
#8103=DIRECTION('',(-0.,-0.974927912,-0.222520934));
#8104=AXIS2_PLACEMENT_3D('',#8101,#8102,#8103);
#8105=SPHERICAL_SURFACE('',#8104,0.3);
#8106=CARTESIAN_POINT('',(-12.2,-6.569857146,16.650735031));
#8107=DIRECTION('',(-0.,-0.222520934,0.974927912));
#8108=DIRECTION('',(-1.,0.,-0.));
#8109=AXIS2_PLACEMENT_3D('',#8106,#8107,#8108);
#8110=CIRCLE('',#8109,0.3);
#8111=EDGE_CURVE('',#7947,#7791,#8110,.T.);
#8112=ORIENTED_EDGE('',*,*,#8111,.T.);
#8113=ORIENTED_EDGE('',*,*,#7999,.F.);
#8114=ORIENTED_EDGE('',*,*,#8096,.F.);
#8115=EDGE_LOOP('',(#8112,#8113,#8114));
#8116=FACE_BOUND('',#8115,.T.);
#8117=ADVANCED_FACE('',(#8116),#8105,.T.);
#8118=CARTESIAN_POINT('',(-12.2,-6.836882266,17.820648526));
#8119=DIRECTION('',(-0.,-0.222520934,0.974927912));
#8120=DIRECTION('',(-1.,0.,-0.));
#8121=AXIS2_PLACEMENT_3D('',#8118,#8119,#8120);
#8122=CYLINDRICAL_SURFACE('',#8121,0.3);
#8123=ORIENTED_EDGE('',*,*,#7804,.F.);
#8124=ORIENTED_EDGE('',*,*,#8111,.F.);
#8125=ORIENTED_EDGE('',*,*,#7976,.T.);
#8126=CARTESIAN_POINT('',(-12.2,-6.299515166,15.466289428));
#8127=DIRECTION('',(-0.,-0.222520934,0.974927912));
#8128=DIRECTION('',(1.,-0.,0.));
#8129=AXIS2_PLACEMENT_3D('',#8126,#8127,#8128);
#8130=CIRCLE('',#8129,0.3);
#8131=EDGE_CURVE('',#7964,#7799,#8130,.T.);
#8132=ORIENTED_EDGE('',*,*,#8131,.T.);
#8133=EDGE_LOOP('',(#8123,#8124,#8125,#8132));
#8134=FACE_BOUND('',#8133,.T.);
#8135=ADVANCED_FACE('',(#8134),#8122,.T.);
#8136=CARTESIAN_POINT('',(-12.2,-6.299515166,15.466289428));
#8137=DIRECTION('',(-1.,0.,-0.));
#8138=DIRECTION('',(0.,0.377216477,-0.926125115));
#8139=AXIS2_PLACEMENT_3D('',#8136,#8137,#8138);
#8140=SPHERICAL_SURFACE('',#8139,0.3);
#8141=ORIENTED_EDGE('',*,*,#8047,.F.);
#8142=ORIENTED_EDGE('',*,*,#8131,.F.);
#8143=CARTESIAN_POINT('',(-12.2,-6.299515166,15.466289428));
#8144=DIRECTION('',(-0.,-0.926125115,-0.377216477));
#8145=DIRECTION('',(-0.,-0.377216477,0.926125115));
#8146=AXIS2_PLACEMENT_3D('',#8143,#8144,#8145);
#8147=CIRCLE('',#8146,0.3);
#8148=EDGE_CURVE('',#7964,#7832,#8147,.T.);
#8149=ORIENTED_EDGE('',*,*,#8148,.T.);
#8150=EDGE_LOOP('',(#8141,#8142,#8149));
#8151=FACE_BOUND('',#8150,.T.);
#8152=ADVANCED_FACE('',(#8151),#8140,.T.);
#8153=CARTESIAN_POINT('',(-12.2,0.,-0.));
#8154=DIRECTION('',(-1.,0.,-0.));
#8155=DIRECTION('',(-0.,-0.41023984,0.911977672));
#8156=AXIS2_PLACEMENT_3D('',#8153,#8154,#8155);
#8157=TOROIDAL_SURFACE('',#8156,16.7,0.3);
#8158=ORIENTED_EDGE('',*,*,#7846,.F.);
#8159=ORIENTED_EDGE('',*,*,#8148,.F.);
#8160=ORIENTED_EDGE('',*,*,#7970,.T.);
#8161=CARTESIAN_POINT('',(-12.2,-1.03490444,16.667902472));
#8162=DIRECTION('',(-0.,-0.998077992,-0.061970326));
#8163=DIRECTION('',(0.,0.061970326,-0.998077992));
#8164=AXIS2_PLACEMENT_3D('',#8161,#8162,#8163);
#8165=CIRCLE('',#8164,0.3);
#8166=EDGE_CURVE('',#7956,#7840,#8165,.T.);
#8167=ORIENTED_EDGE('',*,*,#8166,.T.);
#8168=EDGE_LOOP('',(#8158,#8159,#8160,#8167));
#8169=FACE_BOUND('',#8168,.T.);
#8170=ADVANCED_FACE('',(#8169),#8157,.T.);
#8171=CARTESIAN_POINT('',(-12.2,-1.03490444,16.667902472));
#8172=DIRECTION('',(-1.,0.,-0.));
#8173=DIRECTION('',(0.,0.974927912,0.222520934));
#8174=AXIS2_PLACEMENT_3D('',#8171,#8172,#8173);
#8175=SPHERICAL_SURFACE('',#8174,0.3);
#8176=ORIENTED_EDGE('',*,*,#8071,.F.);
#8177=ORIENTED_EDGE('',*,*,#8166,.F.);
#8178=CARTESIAN_POINT('',(-12.2,-1.03490444,16.667902472));
#8179=DIRECTION('',(0.,0.222520934,-0.974927912));
#8180=DIRECTION('',(1.,-0.,0.));
#8181=AXIS2_PLACEMENT_3D('',#8178,#8179,#8180);
#8182=CIRCLE('',#8181,0.3);
#8183=EDGE_CURVE('',#7956,#7873,#8182,.T.);
#8184=ORIENTED_EDGE('',*,*,#8183,.T.);
#8185=EDGE_LOOP('',(#8176,#8177,#8184));
#8186=FACE_BOUND('',#8185,.T.);
#8187=ADVANCED_FACE('',(#8186),#8175,.T.);
#8188=CARTESIAN_POINT('',(-12.2,-0.767879319,15.497988977));
#8189=DIRECTION('',(0.,0.222520934,-0.974927912));
#8190=DIRECTION('',(-1.,-0.,-0.));
#8191=AXIS2_PLACEMENT_3D('',#8188,#8189,#8190);
#8192=CYLINDRICAL_SURFACE('',#8191,0.3);
#8193=ORIENTED_EDGE('',*,*,#7886,.F.);
#8194=ORIENTED_EDGE('',*,*,#8183,.F.);
#8195=ORIENTED_EDGE('',*,*,#7961,.T.);
#8196=CARTESIAN_POINT('',(-12.2,-1.30524642,17.852348075));
#8197=DIRECTION('',(0.,0.222520934,-0.974927912));
#8198=DIRECTION('',(-1.,0.,-0.));
#8199=AXIS2_PLACEMENT_3D('',#8196,#8197,#8198);
#8200=CIRCLE('',#8199,0.3);
#8201=EDGE_CURVE('',#7945,#7881,#8200,.T.);
#8202=ORIENTED_EDGE('',*,*,#8201,.T.);
#8203=EDGE_LOOP('',(#8193,#8194,#8195,#8202));
#8204=FACE_BOUND('',#8203,.T.);
#8205=ADVANCED_FACE('',(#8204),#8192,.T.);
#8206=CARTESIAN_POINT('',(-12.2,-1.30524642,17.852348075));
#8207=DIRECTION('',(-1.,0.,-0.));
#8208=DIRECTION('',(-0.,-0.072918794,0.997337881));
#8209=AXIS2_PLACEMENT_3D('',#8206,#8207,#8208);
#8210=SPHERICAL_SURFACE('',#8209,0.3);
#8211=ORIENTED_EDGE('',*,*,#8201,.F.);
#8212=ORIENTED_EDGE('',*,*,#8088,.T.);
#8213=ORIENTED_EDGE('',*,*,#8023,.F.);
#8214=EDGE_LOOP('',(#8211,#8212,#8213));
#8215=FACE_BOUND('',#8214,.T.);
#8216=ADVANCED_FACE('',(#8215),#8210,.T.);
#8217=CARTESIAN_POINT('',(-0.8,0.,-0.));
#8218=DIRECTION('',(1.,-0.,0.));
#8219=DIRECTION('',(-0.,-0.039453774,0.999221397));
#8220=AXIS2_PLACEMENT_3D('',#8217,#8218,#8219);
#8221=TOROIDAL_SURFACE('',#8220,17.9,0.3);
#8222=ORIENTED_EDGE('',*,*,#7747,.T.);
#8223=CARTESIAN_POINT('',(-0.8,-6.569857146,16.650735031));
#8224=DIRECTION('',(0.,0.930208661,0.367031125));
#8225=DIRECTION('',(-0.,-0.367031125,0.930208661));
#8226=AXIS2_PLACEMENT_3D('',#8223,#8224,#8225);
#8227=CIRCLE('',#8226,0.3);
#8228=EDGE_CURVE('',#7741,#7905,#8227,.T.);
#8229=ORIENTED_EDGE('',*,*,#8228,.T.);
#8230=ORIENTED_EDGE('',*,*,#7911,.F.);
#8231=CARTESIAN_POINT('',(-0.8,-1.30524642,17.852348075));
#8232=DIRECTION('',(0.,0.997337881,0.072918794));
#8233=DIRECTION('',(-0.,-0.072918794,0.997337881));
#8234=AXIS2_PLACEMENT_3D('',#8231,#8232,#8233);
#8235=CIRCLE('',#8234,0.3);
#8236=EDGE_CURVE('',#7739,#7903,#8235,.T.);
#8237=ORIENTED_EDGE('',*,*,#8236,.F.);
#8238=EDGE_LOOP('',(#8222,#8229,#8230,#8237));
#8239=FACE_BOUND('',#8238,.T.);
#8240=ADVANCED_FACE('',(#8239),#8221,.T.);
#8241=CARTESIAN_POINT('',(-0.8,-6.569857146,16.650735031));
#8242=DIRECTION('',(1.,-0.,0.));
#8243=DIRECTION('',(-0.,-0.367031125,0.930208661));
#8244=AXIS2_PLACEMENT_3D('',#8241,#8242,#8243);
#8245=SPHERICAL_SURFACE('',#8244,0.3);
#8246=ORIENTED_EDGE('',*,*,#8228,.F.);
#8247=ORIENTED_EDGE('',*,*,#7991,.F.);
#8248=CARTESIAN_POINT('',(-0.8,-6.569857146,16.650735031));
#8249=DIRECTION('',(-0.,-0.222520934,0.974927912));
#8250=DIRECTION('',(-0.,-0.974927912,-0.222520934));
#8251=AXIS2_PLACEMENT_3D('',#8248,#8249,#8250);
#8252=CIRCLE('',#8251,0.3);
#8253=EDGE_CURVE('',#7781,#7905,#8252,.T.);
#8254=ORIENTED_EDGE('',*,*,#8253,.T.);
#8255=EDGE_LOOP('',(#8246,#8247,#8254));
#8256=FACE_BOUND('',#8255,.T.);
#8257=ADVANCED_FACE('',(#8256),#8245,.T.);
#8258=CARTESIAN_POINT('',(-0.8,-6.836882266,17.820648526));
#8259=DIRECTION('',(0.,0.222520934,-0.974927912));
#8260=DIRECTION('',(1.,-0.,0.));
#8261=AXIS2_PLACEMENT_3D('',#8258,#8259,#8260);
#8262=CYLINDRICAL_SURFACE('',#8261,0.3);
#8263=ORIENTED_EDGE('',*,*,#7788,.T.);
#8264=CARTESIAN_POINT('',(-0.8,-6.299515166,15.466289428));
#8265=DIRECTION('',(-0.,-0.222520934,0.974927912));
#8266=DIRECTION('',(-1.,0.,-0.));
#8267=AXIS2_PLACEMENT_3D('',#8264,#8265,#8266);
#8268=CIRCLE('',#8267,0.3);
#8269=EDGE_CURVE('',#7783,#7914,#8268,.T.);
#8270=ORIENTED_EDGE('',*,*,#8269,.T.);
#8271=ORIENTED_EDGE('',*,*,#7919,.F.);
#8272=ORIENTED_EDGE('',*,*,#8253,.F.);
#8273=EDGE_LOOP('',(#8263,#8270,#8271,#8272));
#8274=FACE_BOUND('',#8273,.T.);
#8275=ADVANCED_FACE('',(#8274),#8262,.T.);
#8276=CARTESIAN_POINT('',(-0.8,-6.299515166,15.466289428));
#8277=DIRECTION('',(1.,-0.,0.));
#8278=DIRECTION('',(-0.,-0.974927912,-0.222520934));
#8279=AXIS2_PLACEMENT_3D('',#8276,#8277,#8278);
#8280=SPHERICAL_SURFACE('',#8279,0.3);
#8281=CARTESIAN_POINT('',(-0.8,-6.299515166,15.466289428));
#8282=DIRECTION('',(-0.,-0.926125115,-0.377216477));
#8283=DIRECTION('',(0.,0.377216477,-0.926125115));
#8284=AXIS2_PLACEMENT_3D('',#8281,#8282,#8283);
#8285=CIRCLE('',#8284,0.3);
#8286=EDGE_CURVE('',#7821,#7914,#8285,.T.);
#8287=ORIENTED_EDGE('',*,*,#8286,.T.);
#8288=ORIENTED_EDGE('',*,*,#8269,.F.);
#8289=ORIENTED_EDGE('',*,*,#8039,.F.);
#8290=EDGE_LOOP('',(#8287,#8288,#8289));
#8291=FACE_BOUND('',#8290,.T.);
#8292=ADVANCED_FACE('',(#8291),#8280,.T.);
#8293=CARTESIAN_POINT('',(-0.8,0.,-0.));
#8294=DIRECTION('',(-1.,0.,-0.));
#8295=DIRECTION('',(-0.,-0.41023984,0.911977672));
#8296=AXIS2_PLACEMENT_3D('',#8293,#8294,#8295);
#8297=TOROIDAL_SURFACE('',#8296,16.7,0.3);
#8298=ORIENTED_EDGE('',*,*,#7829,.T.);
#8299=CARTESIAN_POINT('',(-0.8,-1.03490444,16.667902472));
#8300=DIRECTION('',(-0.,-0.998077992,-0.061970326));
#8301=DIRECTION('',(0.,0.061970326,-0.998077992));
#8302=AXIS2_PLACEMENT_3D('',#8299,#8300,#8301);
#8303=CIRCLE('',#8302,0.3);
#8304=EDGE_CURVE('',#7823,#7922,#8303,.T.);
#8305=ORIENTED_EDGE('',*,*,#8304,.T.);
#8306=ORIENTED_EDGE('',*,*,#7928,.F.);
#8307=ORIENTED_EDGE('',*,*,#8286,.F.);
#8308=EDGE_LOOP('',(#8298,#8305,#8306,#8307));
#8309=FACE_BOUND('',#8308,.T.);
#8310=ADVANCED_FACE('',(#8309),#8297,.T.);
#8311=CARTESIAN_POINT('',(-0.8,-1.03490444,16.667902472));
#8312=DIRECTION('',(1.,-0.,0.));
#8313=DIRECTION('',(0.,0.061970326,-0.998077992));
#8314=AXIS2_PLACEMENT_3D('',#8311,#8312,#8313);
#8315=SPHERICAL_SURFACE('',#8314,0.3);
#8316=CARTESIAN_POINT('',(-0.8,-1.03490444,16.667902472));
#8317=DIRECTION('',(0.,0.222520934,-0.974927912));
#8318=DIRECTION('',(0.,0.974927912,0.222520934));
#8319=AXIS2_PLACEMENT_3D('',#8316,#8317,#8318);
#8320=CIRCLE('',#8319,0.3);
#8321=EDGE_CURVE('',#7863,#7922,#8320,.T.);
#8322=ORIENTED_EDGE('',*,*,#8321,.T.);
#8323=ORIENTED_EDGE('',*,*,#8304,.F.);
#8324=ORIENTED_EDGE('',*,*,#8063,.F.);
#8325=EDGE_LOOP('',(#8322,#8323,#8324));
#8326=FACE_BOUND('',#8325,.T.);
#8327=ADVANCED_FACE('',(#8326),#8315,.T.);
#8328=CARTESIAN_POINT('',(-0.8,-0.767879319,15.497988977));
#8329=DIRECTION('',(0.,-0.222520934,0.974927912));
#8330=DIRECTION('',(1.,-0.,-0.));
#8331=AXIS2_PLACEMENT_3D('',#8328,#8329,#8330);
#8332=CYLINDRICAL_SURFACE('',#8331,0.3);
#8333=ORIENTED_EDGE('',*,*,#7870,.T.);
#8334=CARTESIAN_POINT('',(-0.8,-1.30524642,17.852348075));
#8335=DIRECTION('',(-0.,0.222520934,-0.974927912));
#8336=DIRECTION('',(1.,0.,-0.));
#8337=AXIS2_PLACEMENT_3D('',#8334,#8335,#8336);
#8338=CIRCLE('',#8337,0.3);
#8339=EDGE_CURVE('',#7865,#7903,#8338,.T.);
#8340=ORIENTED_EDGE('',*,*,#8339,.T.);
#8341=ORIENTED_EDGE('',*,*,#7934,.F.);
#8342=ORIENTED_EDGE('',*,*,#8321,.F.);
#8343=EDGE_LOOP('',(#8333,#8340,#8341,#8342));
#8344=FACE_BOUND('',#8343,.T.);
#8345=ADVANCED_FACE('',(#8344),#8332,.T.);
#8346=CARTESIAN_POINT('',(-0.8,-1.30524642,17.852348075));
#8347=DIRECTION('',(1.,-0.,0.));
#8348=DIRECTION('',(0.,0.974927912,0.222520934));
#8349=AXIS2_PLACEMENT_3D('',#8346,#8347,#8348);
#8350=SPHERICAL_SURFACE('',#8349,0.3);
#8351=ORIENTED_EDGE('',*,*,#8015,.F.);
#8352=ORIENTED_EDGE('',*,*,#8236,.T.);
#8353=ORIENTED_EDGE('',*,*,#8339,.F.);
#8354=EDGE_LOOP('',(#8351,#8352,#8353));
#8355=FACE_BOUND('',#8354,.T.);
#8356=ADVANCED_FACE('',(#8355),#8350,.T.);
#8357=CLOSED_SHELL('',(#7774,#7814,#7856,#7896,#7938,#7980,#8004,#8028,#8052,#8076,#8100,#8117,#8135,#8152,#8170,#8187,#8205,#8216,#8240,#8257,#8275,#8292,#8310,#8327,#8345,#8356));
#8358=MANIFOLD_SOLID_BREP('\X2\04220435043B043E\X0\_149 - \X2\0411041F041B0410\X0\32.20.03-01_150:1',#8357);
#7732=STYLED_ITEM('',(#5843),#8358);
#8360=CARTESIAN_POINT('',(-12.5,0.,-0.));
#8361=DIRECTION('',(1.,-0.,0.));
#8362=DIRECTION('',(-0.,0.743834486,0.668363866));
#8363=AXIS2_PLACEMENT_3D('',#8360,#8361,#8362);
#8364=CYLINDRICAL_SURFACE('',#8363,18.2);
#8365=CARTESIAN_POINT('',(-0.8,13.364005738,12.354891769));
#8366=VERTEX_POINT('',#8365);
#8367=CARTESIAN_POINT('',(-0.8,9.0713578,15.778164268));
#8368=VERTEX_POINT('',#8367);
#8369=CARTESIAN_POINT('',(-0.8,0.,-0.));
#8370=DIRECTION('',(1.,-0.,0.));
#8371=DIRECTION('',(0.,0.781831482,-0.623489802));
#8372=AXIS2_PLACEMENT_3D('',#8369,#8370,#8371);
#8373=CIRCLE('',#8372,18.2);
#8374=EDGE_CURVE('',#8366,#8368,#8373,.T.);
#8375=ORIENTED_EDGE('',*,*,#8374,.F.);
#8376=CARTESIAN_POINT('',(-12.2,13.364005738,12.354891769));
#8377=VERTEX_POINT('',#8376);
#8378=CARTESIAN_POINT('',(-12.2,13.364005738,12.354891769));
#8379=DIRECTION('',(1.,-0.,0.));
#8380=VECTOR('',#8379,11.4);
#8381=LINE('',#8378,#8380);
#8382=EDGE_CURVE('',#8377,#8366,#8381,.T.);
#8383=ORIENTED_EDGE('',*,*,#8382,.F.);
#8384=CARTESIAN_POINT('',(-12.2,9.0713578,15.778164268));
#8385=VERTEX_POINT('',#8384);
#8386=CARTESIAN_POINT('',(-12.2,0.,-0.));
#8387=DIRECTION('',(1.,-0.,0.));
#8388=DIRECTION('',(0.,0.781831482,-0.623489802));
#8389=AXIS2_PLACEMENT_3D('',#8386,#8387,#8388);
#8390=CIRCLE('',#8389,18.2);
#8391=EDGE_CURVE('',#8377,#8385,#8390,.T.);
#8392=ORIENTED_EDGE('',*,*,#8391,.T.);
#8393=CARTESIAN_POINT('',(-12.2,9.0713578,15.778164268));
#8394=DIRECTION('',(1.,-0.,0.));
#8395=VECTOR('',#8394,11.4);
#8396=LINE('',#8393,#8395);
#8397=EDGE_CURVE('',#8385,#8368,#8396,.T.);
#8398=ORIENTED_EDGE('',*,*,#8397,.T.);
#8399=EDGE_LOOP('',(#8375,#8383,#8392,#8398));
#8400=FACE_BOUND('',#8399,.T.);
#8401=ADVANCED_FACE('',(#8400),#8364,.T.);
#8402=CARTESIAN_POINT('',(-12.5,8.846798755,15.905161168));
#8403=DIRECTION('',(-0.,-0.781831482,0.623489802));
#8404=DIRECTION('',(0.,-0.623489802,-0.781831482));
#8405=AXIS2_PLACEMENT_3D('',#8402,#8403,#8404);
#8406=PLANE('',#8405);
#8407=CARTESIAN_POINT('',(-0.8,8.687280479,15.705131578));
#8408=VERTEX_POINT('',#8407);
#8409=CARTESIAN_POINT('',(-0.8,7.929799085,14.755279953));
#8410=VERTEX_POINT('',#8409);
#8411=CARTESIAN_POINT('',(-0.8,8.687280479,15.705131578));
#8412=DIRECTION('',(0.,-0.623489802,-0.781831482));
#8413=VECTOR('',#8412,1.214905829);
#8414=LINE('',#8411,#8413);
#8415=EDGE_CURVE('',#8408,#8410,#8414,.T.);
#8416=ORIENTED_EDGE('',*,*,#8415,.F.);
#8417=CARTESIAN_POINT('',(-12.2,8.687280479,15.705131578));
#8418=VERTEX_POINT('',#8417);
#8419=CARTESIAN_POINT('',(-12.2,8.687280479,15.705131578));
#8420=DIRECTION('',(1.,-0.,0.));
#8421=VECTOR('',#8420,11.4);
#8422=LINE('',#8419,#8421);
#8423=EDGE_CURVE('',#8418,#8408,#8422,.T.);
#8424=ORIENTED_EDGE('',*,*,#8423,.F.);
#8425=CARTESIAN_POINT('',(-12.2,7.929799085,14.755279953));
#8426=VERTEX_POINT('',#8425);
#8427=CARTESIAN_POINT('',(-12.2,8.687280479,15.705131578));
#8428=DIRECTION('',(0.,-0.623489802,-0.781831482));
#8429=VECTOR('',#8428,1.214905829);
#8430=LINE('',#8427,#8429);
#8431=EDGE_CURVE('',#8418,#8426,#8430,.T.);
#8432=ORIENTED_EDGE('',*,*,#8431,.T.);
#8433=CARTESIAN_POINT('',(-12.2,7.929799085,14.755279953));
#8434=DIRECTION('',(1.,-0.,0.));
#8435=VECTOR('',#8434,11.4);
#8436=LINE('',#8433,#8435);
#8437=EDGE_CURVE('',#8426,#8410,#8436,.T.);
#8438=ORIENTED_EDGE('',*,*,#8437,.T.);
#8439=EDGE_LOOP('',(#8416,#8424,#8432,#8438));
#8440=FACE_BOUND('',#8439,.T.);
#8441=ADVANCED_FACE('',(#8440),#8406,.T.);
#8442=CARTESIAN_POINT('',(-12.5,0.,-0.));
#8443=DIRECTION('',(-1.,0.,-0.));
#8444=DIRECTION('',(-0.,0.469951412,0.882692285));
#8445=AXIS2_PLACEMENT_3D('',#8442,#8443,#8444);
#8446=CYLINDRICAL_SURFACE('',#8445,16.4);
#8447=CARTESIAN_POINT('',(-0.8,8.017683586,14.306528227));
#8448=VERTEX_POINT('',#8447);
#8449=CARTESIAN_POINT('',(-0.8,12.163731256,11.000165542));
#8450=VERTEX_POINT('',#8449);
#8451=CARTESIAN_POINT('',(-0.8,0.,-0.));
#8452=DIRECTION('',(-1.,0.,-0.));
#8453=DIRECTION('',(-0.,-0.781831482,0.623489802));
#8454=AXIS2_PLACEMENT_3D('',#8451,#8452,#8453);
#8455=CIRCLE('',#8454,16.4);
#8456=EDGE_CURVE('',#8448,#8450,#8455,.T.);
#8457=ORIENTED_EDGE('',*,*,#8456,.F.);
#8458=CARTESIAN_POINT('',(-12.2,8.017683586,14.306528227));
#8459=VERTEX_POINT('',#8458);
#8460=CARTESIAN_POINT('',(-12.2,8.017683586,14.306528227));
#8461=DIRECTION('',(1.,-0.,0.));
#8462=VECTOR('',#8461,11.4);
#8463=LINE('',#8460,#8462);
#8464=EDGE_CURVE('',#8459,#8448,#8463,.T.);
#8465=ORIENTED_EDGE('',*,*,#8464,.F.);
#8466=CARTESIAN_POINT('',(-12.2,12.163731256,11.000165542));
#8467=VERTEX_POINT('',#8466);
#8468=CARTESIAN_POINT('',(-12.2,0.,-0.));
#8469=DIRECTION('',(-1.,0.,-0.));
#8470=DIRECTION('',(-0.,-0.781831482,0.623489802));
#8471=AXIS2_PLACEMENT_3D('',#8468,#8469,#8470);
#8472=CIRCLE('',#8471,16.4);
#8473=EDGE_CURVE('',#8459,#8467,#8472,.T.);
#8474=ORIENTED_EDGE('',*,*,#8473,.T.);
#8475=CARTESIAN_POINT('',(-12.2,12.163731256,11.000165542));
#8476=DIRECTION('',(1.,-0.,0.));
#8477=VECTOR('',#8476,11.4);
#8478=LINE('',#8475,#8477);
#8479=EDGE_CURVE('',#8467,#8450,#8478,.T.);
#8480=ORIENTED_EDGE('',*,*,#8479,.T.);
#8481=EDGE_LOOP('',(#8457,#8465,#8474,#8480));
#8482=FACE_BOUND('',#8481,.T.);
#8483=ADVANCED_FACE('',(#8482),#8446,.F.);
#8484=CARTESIAN_POINT('',(-12.5,12.398192046,10.735214669));
#8485=DIRECTION('',(0.,0.781831482,-0.623489802));
#8486=DIRECTION('',(-0.,0.623489802,0.781831482));
#8487=AXIS2_PLACEMENT_3D('',#8484,#8485,#8486);
#8488=PLANE('',#8487);
#8489=CARTESIAN_POINT('',(-0.8,12.620787979,11.014341141));
#8490=VERTEX_POINT('',#8489);
#8491=CARTESIAN_POINT('',(-0.8,13.378269374,11.964192767));
#8492=VERTEX_POINT('',#8491);
#8493=CARTESIAN_POINT('',(-0.8,12.620787979,11.014341141));
#8494=DIRECTION('',(0.,0.623489802,0.781831482));
#8495=VECTOR('',#8494,1.214905829);
#8496=LINE('',#8493,#8495);
#8497=EDGE_CURVE('',#8490,#8492,#8496,.T.);
#8498=ORIENTED_EDGE('',*,*,#8497,.F.);
#8499=CARTESIAN_POINT('',(-12.2,12.620787979,11.014341141));
#8500=VERTEX_POINT('',#8499);
#8501=CARTESIAN_POINT('',(-12.2,12.620787979,11.014341141));
#8502=DIRECTION('',(1.,-0.,0.));
#8503=VECTOR('',#8502,11.4);
#8504=LINE('',#8501,#8503);
#8505=EDGE_CURVE('',#8500,#8490,#8504,.T.);
#8506=ORIENTED_EDGE('',*,*,#8505,.F.);
#8507=CARTESIAN_POINT('',(-12.2,13.378269374,11.964192767));
#8508=VERTEX_POINT('',#8507);
#8509=CARTESIAN_POINT('',(-12.2,12.620787979,11.014341141));
#8510=DIRECTION('',(-0.,0.623489802,0.781831482));
#8511=VECTOR('',#8510,1.214905829);
#8512=LINE('',#8509,#8511);
#8513=EDGE_CURVE('',#8500,#8508,#8512,.T.);
#8514=ORIENTED_EDGE('',*,*,#8513,.T.);
#8515=CARTESIAN_POINT('',(-12.2,13.378269374,11.964192767));
#8516=DIRECTION('',(1.,-0.,0.));
#8517=VECTOR('',#8516,11.4);
#8518=LINE('',#8515,#8517);
#8519=EDGE_CURVE('',#8508,#8492,#8518,.T.);
#8520=ORIENTED_EDGE('',*,*,#8519,.T.);
#8521=EDGE_LOOP('',(#8498,#8506,#8514,#8520));
#8522=FACE_BOUND('',#8521,.T.);
#8523=ADVANCED_FACE('',(#8522),#8488,.T.);
#8524=CARTESIAN_POINT('',(-0.5,0.,-0.));
#8525=DIRECTION('',(1.,-0.,0.));
#8526=DIRECTION('',(0.,0.781831482,-0.623489802));
#8527=AXIS2_PLACEMENT_3D('',#8524,#8525,#8526);
#8528=PLANE('',#8527);
#8529=CARTESIAN_POINT('',(-0.5,13.143719929,12.151239707));
#8530=VERTEX_POINT('',#8529);
#8531=CARTESIAN_POINT('',(-0.5,8.921829924,15.518084637));
#8532=VERTEX_POINT('',#8531);
#8533=CARTESIAN_POINT('',(-0.5,0.,-0.));
#8534=DIRECTION('',(1.,-0.,0.));
#8535=DIRECTION('',(0.,0.781831482,-0.623489802));
#8536=AXIS2_PLACEMENT_3D('',#8533,#8534,#8535);
#8537=CIRCLE('',#8536,17.9);
#8538=EDGE_CURVE('',#8530,#8532,#8537,.T.);
#8539=ORIENTED_EDGE('',*,*,#8538,.T.);
#8540=CARTESIAN_POINT('',(-0.5,8.164348529,14.568233012));
#8541=VERTEX_POINT('',#8540);
#8542=CARTESIAN_POINT('',(-0.5,8.921829924,15.518084637));
#8543=DIRECTION('',(0.,-0.623489802,-0.781831482));
#8544=VECTOR('',#8543,1.214905829);
#8545=LINE('',#8542,#8544);
#8546=EDGE_CURVE('',#8532,#8541,#8545,.T.);
#8547=ORIENTED_EDGE('',*,*,#8546,.T.);
#8548=CARTESIAN_POINT('',(-0.5,12.386238535,11.201388082));
#8549=VERTEX_POINT('',#8548);
#8550=CARTESIAN_POINT('',(-0.5,0.,-0.));
#8551=DIRECTION('',(-1.,0.,-0.));
#8552=DIRECTION('',(-0.,-0.781831482,0.623489802));
#8553=AXIS2_PLACEMENT_3D('',#8550,#8551,#8552);
#8554=CIRCLE('',#8553,16.7);
#8555=EDGE_CURVE('',#8541,#8549,#8554,.T.);
#8556=ORIENTED_EDGE('',*,*,#8555,.T.);
#8557=CARTESIAN_POINT('',(-0.5,12.386238535,11.201388082));
#8558=DIRECTION('',(-0.,0.623489802,0.781831482));
#8559=VECTOR('',#8558,1.214905829);
#8560=LINE('',#8557,#8559);
#8561=EDGE_CURVE('',#8549,#8530,#8560,.T.);
#8562=ORIENTED_EDGE('',*,*,#8561,.T.);
#8563=EDGE_LOOP('',(#8539,#8547,#8556,#8562));
#8564=FACE_BOUND('',#8563,.T.);
#8565=ADVANCED_FACE('',(#8564),#8528,.T.);
#8566=CARTESIAN_POINT('',(-12.5,0.,-0.));
#8567=DIRECTION('',(1.,-0.,0.));
#8568=DIRECTION('',(0.,0.781831482,-0.623489802));
#8569=AXIS2_PLACEMENT_3D('',#8566,#8567,#8568);
#8570=PLANE('',#8569);
#8571=CARTESIAN_POINT('',(-12.5,13.143719929,12.151239707));
#8572=VERTEX_POINT('',#8571);
#8573=CARTESIAN_POINT('',(-12.5,8.921829924,15.518084637));
#8574=VERTEX_POINT('',#8573);
#8575=CARTESIAN_POINT('',(-12.5,0.,-0.));
#8576=DIRECTION('',(1.,-0.,0.));
#8577=DIRECTION('',(0.,0.781831482,-0.623489802));
#8578=AXIS2_PLACEMENT_3D('',#8575,#8576,#8577);
#8579=CIRCLE('',#8578,17.9);
#8580=EDGE_CURVE('',#8572,#8574,#8579,.T.);
#8581=ORIENTED_EDGE('',*,*,#8580,.F.);
#8582=CARTESIAN_POINT('',(-12.5,12.386238535,11.201388082));
#8583=VERTEX_POINT('',#8582);
#8584=CARTESIAN_POINT('',(-12.5,12.386238535,11.201388082));
#8585=DIRECTION('',(-0.,0.623489802,0.781831482));
#8586=VECTOR('',#8585,1.214905829);
#8587=LINE('',#8584,#8586);
#8588=EDGE_CURVE('',#8583,#8572,#8587,.T.);
#8589=ORIENTED_EDGE('',*,*,#8588,.F.);
#8590=CARTESIAN_POINT('',(-12.5,8.164348529,14.568233012));
#8591=VERTEX_POINT('',#8590);
#8592=CARTESIAN_POINT('',(-12.5,0.,-0.));
#8593=DIRECTION('',(-1.,0.,-0.));
#8594=DIRECTION('',(-0.,-0.781831482,0.623489802));
#8595=AXIS2_PLACEMENT_3D('',#8592,#8593,#8594);
#8596=CIRCLE('',#8595,16.7);
#8597=EDGE_CURVE('',#8591,#8583,#8596,.T.);
#8598=ORIENTED_EDGE('',*,*,#8597,.F.);
#8599=CARTESIAN_POINT('',(-12.5,8.921829924,15.518084637));
#8600=DIRECTION('',(0.,-0.623489802,-0.781831482));
#8601=VECTOR('',#8600,1.214905829);
#8602=LINE('',#8599,#8601);
#8603=EDGE_CURVE('',#8574,#8591,#8602,.T.);
#8604=ORIENTED_EDGE('',*,*,#8603,.F.);
#8605=EDGE_LOOP('',(#8581,#8589,#8598,#8604));
#8606=FACE_BOUND('',#8605,.T.);
#8607=ADVANCED_FACE('',(#8606),#8570,.F.);
#8608=CARTESIAN_POINT('',(-13.1,8.921829924,15.518084637));
#8609=DIRECTION('',(-1.,0.,-0.));
#8610=DIRECTION('',(-0.,-0.781831482,0.623489802));
#8611=AXIS2_PLACEMENT_3D('',#8608,#8609,#8610);
#8612=CYLINDRICAL_SURFACE('',#8611,0.3);
#8613=CARTESIAN_POINT('',(-0.8,8.921829924,15.518084637));
#8614=DIRECTION('',(-1.,0.,-0.));
#8615=DIRECTION('',(-0.,-0.781831482,0.623489802));
#8616=AXIS2_PLACEMENT_3D('',#8613,#8614,#8615);
#8617=CIRCLE('',#8616,0.3);
#8618=EDGE_CURVE('',#8408,#8368,#8617,.T.);
#8619=ORIENTED_EDGE('',*,*,#8618,.T.);
#8620=ORIENTED_EDGE('',*,*,#8397,.F.);
#8621=CARTESIAN_POINT('',(-12.2,8.921829924,15.518084637));
#8622=DIRECTION('',(1.,-0.,0.));
#8623=DIRECTION('',(-0.,-0.781831482,0.623489802));
#8624=AXIS2_PLACEMENT_3D('',#8621,#8622,#8623);
#8625=CIRCLE('',#8624,0.3);
#8626=EDGE_CURVE('',#8385,#8418,#8625,.T.);
#8627=ORIENTED_EDGE('',*,*,#8626,.T.);
#8628=ORIENTED_EDGE('',*,*,#8423,.T.);
#8629=EDGE_LOOP('',(#8619,#8620,#8627,#8628));
#8630=FACE_BOUND('',#8629,.T.);
#8631=ADVANCED_FACE('',(#8630),#8612,.T.);
#8632=CARTESIAN_POINT('',(-13.1,13.143719929,12.151239707));
#8633=DIRECTION('',(-1.,0.,-0.));
#8634=DIRECTION('',(-0.,0.73428603,0.678840207));
#8635=AXIS2_PLACEMENT_3D('',#8632,#8633,#8634);
#8636=CYLINDRICAL_SURFACE('',#8635,0.3);
#8637=CARTESIAN_POINT('',(-0.8,13.143719929,12.151239707));
#8638=DIRECTION('',(-1.,0.,-0.));
#8639=DIRECTION('',(-0.,-0.781831482,0.623489802));
#8640=AXIS2_PLACEMENT_3D('',#8637,#8638,#8639);
#8641=CIRCLE('',#8640,0.3);
#8642=EDGE_CURVE('',#8366,#8492,#8641,.T.);
#8643=ORIENTED_EDGE('',*,*,#8642,.T.);
#8644=ORIENTED_EDGE('',*,*,#8519,.F.);
#8645=CARTESIAN_POINT('',(-12.2,13.143719929,12.151239707));
#8646=DIRECTION('',(1.,-0.,0.));
#8647=DIRECTION('',(-0.,-0.781831482,0.623489802));
#8648=AXIS2_PLACEMENT_3D('',#8645,#8646,#8647);
#8649=CIRCLE('',#8648,0.3);
#8650=EDGE_CURVE('',#8508,#8377,#8649,.T.);
#8651=ORIENTED_EDGE('',*,*,#8650,.T.);
#8652=ORIENTED_EDGE('',*,*,#8382,.T.);
#8653=EDGE_LOOP('',(#8643,#8644,#8651,#8652));
#8654=FACE_BOUND('',#8653,.T.);
#8655=ADVANCED_FACE('',(#8654),#8636,.T.);
#8656=CARTESIAN_POINT('',(-13.1,8.164348529,14.568233012));
#8657=DIRECTION('',(-1.,0.,-0.));
#8658=DIRECTION('',(0.,-0.488883145,-0.872349282));
#8659=AXIS2_PLACEMENT_3D('',#8656,#8657,#8658);
#8660=CYLINDRICAL_SURFACE('',#8659,0.3);
#8661=CARTESIAN_POINT('',(-0.8,8.164348529,14.568233012));
#8662=DIRECTION('',(-1.,0.,-0.));
#8663=DIRECTION('',(-0.,-0.781831482,0.623489802));
#8664=AXIS2_PLACEMENT_3D('',#8661,#8662,#8663);
#8665=CIRCLE('',#8664,0.3);
#8666=EDGE_CURVE('',#8448,#8410,#8665,.T.);
#8667=ORIENTED_EDGE('',*,*,#8666,.T.);
#8668=ORIENTED_EDGE('',*,*,#8437,.F.);
#8669=CARTESIAN_POINT('',(-12.2,8.164348529,14.568233012));
#8670=DIRECTION('',(1.,-0.,0.));
#8671=DIRECTION('',(-0.,-0.781831482,0.623489802));
#8672=AXIS2_PLACEMENT_3D('',#8669,#8670,#8671);
#8673=CIRCLE('',#8672,0.3);
#8674=EDGE_CURVE('',#8426,#8459,#8673,.T.);
#8675=ORIENTED_EDGE('',*,*,#8674,.T.);
#8676=ORIENTED_EDGE('',*,*,#8464,.T.);
#8677=EDGE_LOOP('',(#8667,#8668,#8675,#8676));
#8678=FACE_BOUND('',#8677,.T.);
#8679=ADVANCED_FACE('',(#8678),#8660,.T.);
#8680=CARTESIAN_POINT('',(-13.1,12.386238535,11.201388082));
#8681=DIRECTION('',(-1.,0.,-0.));
#8682=DIRECTION('',(0.,0.781831482,-0.623489802));
#8683=AXIS2_PLACEMENT_3D('',#8680,#8681,#8682);
#8684=CYLINDRICAL_SURFACE('',#8683,0.3);
#8685=CARTESIAN_POINT('',(-0.8,12.386238535,11.201388082));
#8686=DIRECTION('',(-1.,0.,-0.));
#8687=DIRECTION('',(-0.,-0.781831482,0.623489802));
#8688=AXIS2_PLACEMENT_3D('',#8685,#8686,#8687);
#8689=CIRCLE('',#8688,0.3);
#8690=EDGE_CURVE('',#8490,#8450,#8689,.T.);
#8691=ORIENTED_EDGE('',*,*,#8690,.T.);
#8692=ORIENTED_EDGE('',*,*,#8479,.F.);
#8693=CARTESIAN_POINT('',(-12.2,12.386238535,11.201388082));
#8694=DIRECTION('',(1.,-0.,0.));
#8695=DIRECTION('',(-0.,-0.781831482,0.623489802));
#8696=AXIS2_PLACEMENT_3D('',#8693,#8694,#8695);
#8697=CIRCLE('',#8696,0.3);
#8698=EDGE_CURVE('',#8467,#8500,#8697,.T.);
#8699=ORIENTED_EDGE('',*,*,#8698,.T.);
#8700=ORIENTED_EDGE('',*,*,#8505,.T.);
#8701=EDGE_LOOP('',(#8691,#8692,#8699,#8700));
#8702=FACE_BOUND('',#8701,.T.);
#8703=ADVANCED_FACE('',(#8702),#8684,.T.);
#8704=CARTESIAN_POINT('',(-12.2,0.,-0.));
#8705=DIRECTION('',(1.,-0.,0.));
#8706=DIRECTION('',(-0.,0.75662372,0.653850553));
#8707=AXIS2_PLACEMENT_3D('',#8704,#8705,#8706);
#8708=TOROIDAL_SURFACE('',#8707,17.9,0.3);
#8709=ORIENTED_EDGE('',*,*,#8391,.F.);
#8710=CARTESIAN_POINT('',(-12.2,13.143719929,12.151239707));
#8711=DIRECTION('',(0.,0.678840207,-0.73428603));
#8712=DIRECTION('',(0.,-0.73428603,-0.678840207));
#8713=AXIS2_PLACEMENT_3D('',#8710,#8711,#8712);
#8714=CIRCLE('',#8713,0.3);
#8715=EDGE_CURVE('',#8572,#8377,#8714,.T.);
#8716=ORIENTED_EDGE('',*,*,#8715,.F.);
#8717=ORIENTED_EDGE('',*,*,#8580,.T.);
#8718=CARTESIAN_POINT('',(-12.2,8.921829924,15.518084637));
#8719=DIRECTION('',(0.,0.866932103,-0.498426253));
#8720=DIRECTION('',(-0.,0.498426253,0.866932103));
#8721=AXIS2_PLACEMENT_3D('',#8718,#8719,#8720);
#8722=CIRCLE('',#8721,0.3);
#8723=EDGE_CURVE('',#8574,#8385,#8722,.T.);
#8724=ORIENTED_EDGE('',*,*,#8723,.T.);
#8725=EDGE_LOOP('',(#8709,#8716,#8717,#8724));
#8726=FACE_BOUND('',#8725,.T.);
#8727=ADVANCED_FACE('',(#8726),#8708,.T.);
#8728=CARTESIAN_POINT('',(-12.2,8.921829924,15.518084637));
#8729=DIRECTION('',(-1.,0.,-0.));
#8730=DIRECTION('',(-0.,-0.781831482,0.623489802));
#8731=AXIS2_PLACEMENT_3D('',#8728,#8729,#8730);
#8732=SPHERICAL_SURFACE('',#8731,0.3);
#8733=CARTESIAN_POINT('',(-12.2,8.921829924,15.518084637));
#8734=DIRECTION('',(-0.,0.623489802,0.781831482));
#8735=DIRECTION('',(-1.,0.,-0.));
#8736=AXIS2_PLACEMENT_3D('',#8733,#8734,#8735);
#8737=CIRCLE('',#8736,0.3);
#8738=EDGE_CURVE('',#8574,#8418,#8737,.T.);
#8739=ORIENTED_EDGE('',*,*,#8738,.T.);
#8740=ORIENTED_EDGE('',*,*,#8626,.F.);
#8741=ORIENTED_EDGE('',*,*,#8723,.F.);
#8742=EDGE_LOOP('',(#8739,#8740,#8741));
#8743=FACE_BOUND('',#8742,.T.);
#8744=ADVANCED_FACE('',(#8743),#8732,.T.);
#8745=CARTESIAN_POINT('',(-12.2,9.670017686,16.456282416));
#8746=DIRECTION('',(-0.,0.623489802,0.781831482));
#8747=DIRECTION('',(-1.,0.,-0.));
#8748=AXIS2_PLACEMENT_3D('',#8745,#8746,#8747);
#8749=CYLINDRICAL_SURFACE('',#8748,0.3);
#8750=ORIENTED_EDGE('',*,*,#8431,.F.);
#8751=ORIENTED_EDGE('',*,*,#8738,.F.);
#8752=ORIENTED_EDGE('',*,*,#8603,.T.);
#8753=CARTESIAN_POINT('',(-12.2,8.164348529,14.568233012));
#8754=DIRECTION('',(-0.,0.623489802,0.781831482));
#8755=DIRECTION('',(1.,-0.,0.));
#8756=AXIS2_PLACEMENT_3D('',#8753,#8754,#8755);
#8757=CIRCLE('',#8756,0.3);
#8758=EDGE_CURVE('',#8591,#8426,#8757,.T.);
#8759=ORIENTED_EDGE('',*,*,#8758,.T.);
#8760=EDGE_LOOP('',(#8750,#8751,#8752,#8759));
#8761=FACE_BOUND('',#8760,.T.);
#8762=ADVANCED_FACE('',(#8761),#8749,.T.);
#8763=CARTESIAN_POINT('',(-12.2,8.164348529,14.568233012));
#8764=DIRECTION('',(-1.,0.,-0.));
#8765=DIRECTION('',(0.,-0.488883145,-0.872349282));
#8766=AXIS2_PLACEMENT_3D('',#8763,#8764,#8765);
#8767=SPHERICAL_SURFACE('',#8766,0.3);
#8768=ORIENTED_EDGE('',*,*,#8674,.F.);
#8769=ORIENTED_EDGE('',*,*,#8758,.F.);
#8770=CARTESIAN_POINT('',(-12.2,8.164348529,14.568233012));
#8771=DIRECTION('',(-0.,-0.872349282,0.488883145));
#8772=DIRECTION('',(-0.,0.488883145,0.872349282));
#8773=AXIS2_PLACEMENT_3D('',#8770,#8771,#8772);
#8774=CIRCLE('',#8773,0.3);
#8775=EDGE_CURVE('',#8591,#8459,#8774,.T.);
#8776=ORIENTED_EDGE('',*,*,#8775,.T.);
#8777=EDGE_LOOP('',(#8768,#8769,#8776));
#8778=FACE_BOUND('',#8777,.T.);
#8779=ADVANCED_FACE('',(#8778),#8767,.T.);
#8780=CARTESIAN_POINT('',(-12.2,0.,-0.));
#8781=DIRECTION('',(-1.,0.,-0.));
#8782=DIRECTION('',(-0.,0.457232499,0.8893472));
#8783=AXIS2_PLACEMENT_3D('',#8780,#8781,#8782);
#8784=TOROIDAL_SURFACE('',#8783,16.7,0.3);
#8785=ORIENTED_EDGE('',*,*,#8473,.F.);
#8786=ORIENTED_EDGE('',*,*,#8775,.F.);
#8787=ORIENTED_EDGE('',*,*,#8597,.T.);
#8788=CARTESIAN_POINT('',(-12.2,12.386238535,11.201388082));
#8789=DIRECTION('',(-0.,-0.670741801,0.74169093));
#8790=DIRECTION('',(0.,-0.74169093,-0.670741801));
#8791=AXIS2_PLACEMENT_3D('',#8788,#8789,#8790);
#8792=CIRCLE('',#8791,0.3);
#8793=EDGE_CURVE('',#8583,#8467,#8792,.T.);
#8794=ORIENTED_EDGE('',*,*,#8793,.T.);
#8795=EDGE_LOOP('',(#8785,#8786,#8787,#8794));
#8796=FACE_BOUND('',#8795,.T.);
#8797=ADVANCED_FACE('',(#8796),#8784,.T.);
#8798=CARTESIAN_POINT('',(-12.2,12.386238535,11.201388082));
#8799=DIRECTION('',(-1.,0.,-0.));
#8800=DIRECTION('',(0.,0.781831482,-0.623489802));
#8801=AXIS2_PLACEMENT_3D('',#8798,#8799,#8800);
#8802=SPHERICAL_SURFACE('',#8801,0.3);
#8803=ORIENTED_EDGE('',*,*,#8698,.F.);
#8804=ORIENTED_EDGE('',*,*,#8793,.F.);
#8805=CARTESIAN_POINT('',(-12.2,12.386238535,11.201388082));
#8806=DIRECTION('',(0.,-0.623489802,-0.781831482));
#8807=DIRECTION('',(1.,-0.,0.));
#8808=AXIS2_PLACEMENT_3D('',#8805,#8806,#8807);
#8809=CIRCLE('',#8808,0.3);
#8810=EDGE_CURVE('',#8583,#8500,#8809,.T.);
#8811=ORIENTED_EDGE('',*,*,#8810,.T.);
#8812=EDGE_LOOP('',(#8803,#8804,#8811));
#8813=FACE_BOUND('',#8812,.T.);
#8814=ADVANCED_FACE('',(#8813),#8802,.T.);
#8815=CARTESIAN_POINT('',(-12.2,11.638050772,10.263190303));
#8816=DIRECTION('',(0.,-0.623489802,-0.781831482));
#8817=DIRECTION('',(-1.,-0.,0.));
#8818=AXIS2_PLACEMENT_3D('',#8815,#8816,#8817);
#8819=CYLINDRICAL_SURFACE('',#8818,0.3);
#8820=ORIENTED_EDGE('',*,*,#8513,.F.);
#8821=ORIENTED_EDGE('',*,*,#8810,.F.);
#8822=ORIENTED_EDGE('',*,*,#8588,.T.);
#8823=CARTESIAN_POINT('',(-12.2,13.143719929,12.151239707));
#8824=DIRECTION('',(0.,-0.623489802,-0.781831482));
#8825=DIRECTION('',(-1.,0.,-0.));
#8826=AXIS2_PLACEMENT_3D('',#8823,#8824,#8825);
#8827=CIRCLE('',#8826,0.3);
#8828=EDGE_CURVE('',#8572,#8508,#8827,.T.);
#8829=ORIENTED_EDGE('',*,*,#8828,.T.);
#8830=EDGE_LOOP('',(#8820,#8821,#8822,#8829));
#8831=FACE_BOUND('',#8830,.T.);
#8832=ADVANCED_FACE('',(#8831),#8819,.T.);
#8833=CARTESIAN_POINT('',(-12.2,13.143719929,12.151239707));
#8834=DIRECTION('',(-1.,0.,-0.));
#8835=DIRECTION('',(-0.,0.73428603,0.678840207));
#8836=AXIS2_PLACEMENT_3D('',#8833,#8834,#8835);
#8837=SPHERICAL_SURFACE('',#8836,0.3);
#8838=ORIENTED_EDGE('',*,*,#8828,.F.);
#8839=ORIENTED_EDGE('',*,*,#8715,.T.);
#8840=ORIENTED_EDGE('',*,*,#8650,.F.);
#8841=EDGE_LOOP('',(#8838,#8839,#8840));
#8842=FACE_BOUND('',#8841,.T.);
#8843=ADVANCED_FACE('',(#8842),#8837,.T.);
#8844=CARTESIAN_POINT('',(-0.8,0.,-0.));
#8845=DIRECTION('',(1.,-0.,0.));
#8846=DIRECTION('',(-0.,0.75662372,0.653850553));
#8847=AXIS2_PLACEMENT_3D('',#8844,#8845,#8846);
#8848=TOROIDAL_SURFACE('',#8847,17.9,0.3);
#8849=ORIENTED_EDGE('',*,*,#8374,.T.);
#8850=CARTESIAN_POINT('',(-0.8,8.921829924,15.518084637));
#8851=DIRECTION('',(0.,0.866932103,-0.498426253));
#8852=DIRECTION('',(-0.,0.498426253,0.866932103));
#8853=AXIS2_PLACEMENT_3D('',#8850,#8851,#8852);
#8854=CIRCLE('',#8853,0.3);
#8855=EDGE_CURVE('',#8368,#8532,#8854,.T.);
#8856=ORIENTED_EDGE('',*,*,#8855,.T.);
#8857=ORIENTED_EDGE('',*,*,#8538,.F.);
#8858=CARTESIAN_POINT('',(-0.8,13.143719929,12.151239707));
#8859=DIRECTION('',(0.,0.678840207,-0.73428603));
#8860=DIRECTION('',(-0.,0.73428603,0.678840207));
#8861=AXIS2_PLACEMENT_3D('',#8858,#8859,#8860);
#8862=CIRCLE('',#8861,0.3);
#8863=EDGE_CURVE('',#8366,#8530,#8862,.T.);
#8864=ORIENTED_EDGE('',*,*,#8863,.F.);
#8865=EDGE_LOOP('',(#8849,#8856,#8857,#8864));
#8866=FACE_BOUND('',#8865,.T.);
#8867=ADVANCED_FACE('',(#8866),#8848,.T.);
#8868=CARTESIAN_POINT('',(-0.8,8.921829924,15.518084637));
#8869=DIRECTION('',(1.,-0.,0.));
#8870=DIRECTION('',(-0.,0.498426253,0.866932103));
#8871=AXIS2_PLACEMENT_3D('',#8868,#8869,#8870);
#8872=SPHERICAL_SURFACE('',#8871,0.3);
#8873=ORIENTED_EDGE('',*,*,#8855,.F.);
#8874=ORIENTED_EDGE('',*,*,#8618,.F.);
#8875=CARTESIAN_POINT('',(-0.8,8.921829924,15.518084637));
#8876=DIRECTION('',(-0.,0.623489802,0.781831482));
#8877=DIRECTION('',(-0.,-0.781831482,0.623489802));
#8878=AXIS2_PLACEMENT_3D('',#8875,#8876,#8877);
#8879=CIRCLE('',#8878,0.3);
#8880=EDGE_CURVE('',#8408,#8532,#8879,.T.);
#8881=ORIENTED_EDGE('',*,*,#8880,.T.);
#8882=EDGE_LOOP('',(#8873,#8874,#8881));
#8883=FACE_BOUND('',#8882,.T.);
#8884=ADVANCED_FACE('',(#8883),#8872,.T.);
#8885=CARTESIAN_POINT('',(-0.8,9.670017686,16.456282416));
#8886=DIRECTION('',(0.,-0.623489802,-0.781831482));
#8887=DIRECTION('',(1.,-0.,0.));
#8888=AXIS2_PLACEMENT_3D('',#8885,#8886,#8887);
#8889=CYLINDRICAL_SURFACE('',#8888,0.3);
#8890=ORIENTED_EDGE('',*,*,#8415,.T.);
#8891=CARTESIAN_POINT('',(-0.8,8.164348529,14.568233012));
#8892=DIRECTION('',(-0.,0.623489802,0.781831482));
#8893=DIRECTION('',(-1.,0.,-0.));
#8894=AXIS2_PLACEMENT_3D('',#8891,#8892,#8893);
#8895=CIRCLE('',#8894,0.3);
#8896=EDGE_CURVE('',#8410,#8541,#8895,.T.);
#8897=ORIENTED_EDGE('',*,*,#8896,.T.);
#8898=ORIENTED_EDGE('',*,*,#8546,.F.);
#8899=ORIENTED_EDGE('',*,*,#8880,.F.);
#8900=EDGE_LOOP('',(#8890,#8897,#8898,#8899));
#8901=FACE_BOUND('',#8900,.T.);
#8902=ADVANCED_FACE('',(#8901),#8889,.T.);
#8903=CARTESIAN_POINT('',(-0.8,8.164348529,14.568233012));
#8904=DIRECTION('',(1.,-0.,0.));
#8905=DIRECTION('',(-0.,-0.781831482,0.623489802));
#8906=AXIS2_PLACEMENT_3D('',#8903,#8904,#8905);
#8907=SPHERICAL_SURFACE('',#8906,0.3);
#8908=CARTESIAN_POINT('',(-0.8,8.164348529,14.568233012));
#8909=DIRECTION('',(-0.,-0.872349282,0.488883145));
#8910=DIRECTION('',(0.,-0.488883145,-0.872349282));
#8911=AXIS2_PLACEMENT_3D('',#8908,#8909,#8910);
#8912=CIRCLE('',#8911,0.3);
#8913=EDGE_CURVE('',#8448,#8541,#8912,.T.);
#8914=ORIENTED_EDGE('',*,*,#8913,.T.);
#8915=ORIENTED_EDGE('',*,*,#8896,.F.);
#8916=ORIENTED_EDGE('',*,*,#8666,.F.);
#8917=EDGE_LOOP('',(#8914,#8915,#8916));
#8918=FACE_BOUND('',#8917,.T.);
#8919=ADVANCED_FACE('',(#8918),#8907,.T.);
#8920=CARTESIAN_POINT('',(-0.8,0.,-0.));
#8921=DIRECTION('',(-1.,0.,-0.));
#8922=DIRECTION('',(-0.,0.457232499,0.8893472));
#8923=AXIS2_PLACEMENT_3D('',#8920,#8921,#8922);
#8924=TOROIDAL_SURFACE('',#8923,16.7,0.3);
#8925=ORIENTED_EDGE('',*,*,#8456,.T.);
#8926=CARTESIAN_POINT('',(-0.8,12.386238535,11.201388082));
#8927=DIRECTION('',(-0.,-0.670741801,0.74169093));
#8928=DIRECTION('',(0.,-0.74169093,-0.670741801));
#8929=AXIS2_PLACEMENT_3D('',#8926,#8927,#8928);
#8930=CIRCLE('',#8929,0.3);
#8931=EDGE_CURVE('',#8450,#8549,#8930,.T.);
#8932=ORIENTED_EDGE('',*,*,#8931,.T.);
#8933=ORIENTED_EDGE('',*,*,#8555,.F.);
#8934=ORIENTED_EDGE('',*,*,#8913,.F.);
#8935=EDGE_LOOP('',(#8925,#8932,#8933,#8934));
#8936=FACE_BOUND('',#8935,.T.);
#8937=ADVANCED_FACE('',(#8936),#8924,.T.);
#8938=CARTESIAN_POINT('',(-0.8,12.386238535,11.201388082));
#8939=DIRECTION('',(1.,-0.,0.));
#8940=DIRECTION('',(0.,-0.74169093,-0.670741801));
#8941=AXIS2_PLACEMENT_3D('',#8938,#8939,#8940);
#8942=SPHERICAL_SURFACE('',#8941,0.3);
#8943=CARTESIAN_POINT('',(-0.8,12.386238535,11.201388082));
#8944=DIRECTION('',(0.,-0.623489802,-0.781831482));
#8945=DIRECTION('',(0.,0.781831482,-0.623489802));
#8946=AXIS2_PLACEMENT_3D('',#8943,#8944,#8945);
#8947=CIRCLE('',#8946,0.3);
#8948=EDGE_CURVE('',#8490,#8549,#8947,.T.);
#8949=ORIENTED_EDGE('',*,*,#8948,.T.);
#8950=ORIENTED_EDGE('',*,*,#8931,.F.);
#8951=ORIENTED_EDGE('',*,*,#8690,.F.);
#8952=EDGE_LOOP('',(#8949,#8950,#8951));
#8953=FACE_BOUND('',#8952,.T.);
#8954=ADVANCED_FACE('',(#8953),#8942,.T.);
#8955=CARTESIAN_POINT('',(-0.8,11.638050772,10.263190303));
#8956=DIRECTION('',(0.,0.623489802,0.781831482));
#8957=DIRECTION('',(1.,-0.,0.));
#8958=AXIS2_PLACEMENT_3D('',#8955,#8956,#8957);
#8959=CYLINDRICAL_SURFACE('',#8958,0.3);
#8960=ORIENTED_EDGE('',*,*,#8497,.T.);
#8961=CARTESIAN_POINT('',(-0.8,13.143719929,12.151239707));
#8962=DIRECTION('',(-0.,-0.623489802,-0.781831482));
#8963=DIRECTION('',(1.,-0.,-0.));
#8964=AXIS2_PLACEMENT_3D('',#8961,#8962,#8963);
#8965=CIRCLE('',#8964,0.3);
#8966=EDGE_CURVE('',#8492,#8530,#8965,.T.);
#8967=ORIENTED_EDGE('',*,*,#8966,.T.);
#8968=ORIENTED_EDGE('',*,*,#8561,.F.);
#8969=ORIENTED_EDGE('',*,*,#8948,.F.);
#8970=EDGE_LOOP('',(#8960,#8967,#8968,#8969));
#8971=FACE_BOUND('',#8970,.T.);
#8972=ADVANCED_FACE('',(#8971),#8959,.T.);
#8973=CARTESIAN_POINT('',(-0.8,13.143719929,12.151239707));
#8974=DIRECTION('',(1.,-0.,0.));
#8975=DIRECTION('',(0.,0.781831482,-0.623489802));
#8976=AXIS2_PLACEMENT_3D('',#8973,#8974,#8975);
#8977=SPHERICAL_SURFACE('',#8976,0.3);
#8978=ORIENTED_EDGE('',*,*,#8642,.F.);
#8979=ORIENTED_EDGE('',*,*,#8863,.T.);
#8980=ORIENTED_EDGE('',*,*,#8966,.F.);
#8981=EDGE_LOOP('',(#8978,#8979,#8980));
#8982=FACE_BOUND('',#8981,.T.);
#8983=ADVANCED_FACE('',(#8982),#8977,.T.);
#8984=CLOSED_SHELL('',(#8401,#8441,#8483,#8523,#8565,#8607,#8631,#8655,#8679,#8703,#8727,#8744,#8762,#8779,#8797,#8814,#8832,#8843,#8867,#8884,#8902,#8919,#8937,#8954,#8972,#8983));
#8985=MANIFOLD_SOLID_BREP('\X2\04220435043B043E\X0\_150 - \X2\0411041F041B0410\X0\32.20.03-01_151:1',#8984);
#8359=STYLED_ITEM('',(#5843),#8985);
#8987=CARTESIAN_POINT('',(-12.5,0.,-0.));
#8988=DIRECTION('',(1.,-0.,0.));
#8989=DIRECTION('',(0.,0.986321128,-0.164835165));
#8990=AXIS2_PLACEMENT_3D('',#8987,#8988,#8989);
#8991=CYLINDRICAL_SURFACE('',#8990,18.2);
#8992=CARTESIAN_POINT('',(-0.8,17.991764637,-2.745251397));
#8993=VERTEX_POINT('',#8992);
#8994=CARTESIAN_POINT('',(-0.8,17.991764637,2.745251397));
#8995=VERTEX_POINT('',#8994);
#8996=CARTESIAN_POINT('',(-0.8,0.,-0.));
#8997=DIRECTION('',(1.,-0.,0.));
#8998=DIRECTION('',(0.,-0.,-1.));
#8999=AXIS2_PLACEMENT_3D('',#8996,#8997,#8998);
#9000=CIRCLE('',#8999,18.2);
#9001=EDGE_CURVE('',#8993,#8995,#9000,.T.);
#9002=ORIENTED_EDGE('',*,*,#9001,.F.);
#9003=CARTESIAN_POINT('',(-12.2,17.991764637,-2.745251397));
#9004=VERTEX_POINT('',#9003);
#9005=CARTESIAN_POINT('',(-12.2,17.991764637,-2.745251397));
#9006=DIRECTION('',(1.,-0.,0.));
#9007=VECTOR('',#9006,11.4);
#9008=LINE('',#9005,#9007);
#9009=EDGE_CURVE('',#9004,#8993,#9008,.T.);
#9010=ORIENTED_EDGE('',*,*,#9009,.F.);
#9011=CARTESIAN_POINT('',(-12.2,17.991764637,2.745251397));
#9012=VERTEX_POINT('',#9011);
#9013=CARTESIAN_POINT('',(-12.2,0.,-0.));
#9014=DIRECTION('',(1.,-0.,0.));
#9015=DIRECTION('',(0.,-0.,-1.));
#9016=AXIS2_PLACEMENT_3D('',#9013,#9014,#9015);
#9017=CIRCLE('',#9016,18.2);
#9018=EDGE_CURVE('',#9004,#9012,#9017,.T.);
#9019=ORIENTED_EDGE('',*,*,#9018,.T.);
#9020=CARTESIAN_POINT('',(-12.2,17.991764637,2.745251397));
#9021=DIRECTION('',(1.,-0.,0.));
#9022=VECTOR('',#9021,11.4);
#9023=LINE('',#9020,#9022);
#9024=EDGE_CURVE('',#9012,#8995,#9023,.T.);
#9025=ORIENTED_EDGE('',*,*,#9024,.T.);
#9026=EDGE_LOOP('',(#9002,#9010,#9019,#9025));
#9027=FACE_BOUND('',#9026,.T.);
#9028=ADVANCED_FACE('',(#9027),#8991,.T.);
#9029=CARTESIAN_POINT('',(-12.5,17.951044538,3.));
#9030=DIRECTION('',(-0.,0.,1.));
#9031=DIRECTION('',(-0.,-1.,0.));
#9032=AXIS2_PLACEMENT_3D('',#9029,#9030,#9031);
#9033=PLANE('',#9032);
#9034=CARTESIAN_POINT('',(-0.8,17.695197088,3.));
#9035=VERTEX_POINT('',#9034);
#9036=CARTESIAN_POINT('',(-0.8,16.48029126,3.));
#9037=VERTEX_POINT('',#9036);
#9038=CARTESIAN_POINT('',(-0.8,17.695197088,3.));
#9039=DIRECTION('',(-0.,-1.,0.));
#9040=VECTOR('',#9039,1.214905829);
#9041=LINE('',#9038,#9040);
#9042=EDGE_CURVE('',#9035,#9037,#9041,.T.);
#9043=ORIENTED_EDGE('',*,*,#9042,.F.);
#9044=CARTESIAN_POINT('',(-12.2,17.695197088,3.));
#9045=VERTEX_POINT('',#9044);
#9046=CARTESIAN_POINT('',(-12.2,17.695197088,3.));
#9047=DIRECTION('',(1.,-0.,0.));
#9048=VECTOR('',#9047,11.4);
#9049=LINE('',#9046,#9048);
#9050=EDGE_CURVE('',#9045,#9035,#9049,.T.);
#9051=ORIENTED_EDGE('',*,*,#9050,.F.);
#9052=CARTESIAN_POINT('',(-12.2,16.48029126,3.));
#9053=VERTEX_POINT('',#9052);
#9054=CARTESIAN_POINT('',(-12.2,17.695197088,3.));
#9055=DIRECTION('',(-0.,-1.,0.));
#9056=VECTOR('',#9055,1.214905829);
#9057=LINE('',#9054,#9056);
#9058=EDGE_CURVE('',#9045,#9053,#9057,.T.);
#9059=ORIENTED_EDGE('',*,*,#9058,.T.);
#9060=CARTESIAN_POINT('',(-12.2,16.48029126,3.));
#9061=DIRECTION('',(1.,-0.,0.));
#9062=VECTOR('',#9061,11.4);
#9063=LINE('',#9060,#9062);
#9064=EDGE_CURVE('',#9053,#9037,#9063,.T.);
#9065=ORIENTED_EDGE('',*,*,#9064,.T.);
#9066=EDGE_LOOP('',(#9043,#9051,#9059,#9065));
#9067=FACE_BOUND('',#9066,.T.);
#9068=ADVANCED_FACE('',(#9067),#9033,.T.);
#9069=CARTESIAN_POINT('',(-12.5,0.,-0.));
#9070=DIRECTION('',(-1.,0.,-0.));
#9071=DIRECTION('',(-0.,0.983126531,0.182926829));
#9072=AXIS2_PLACEMENT_3D('',#9069,#9070,#9071);
#9073=CYLINDRICAL_SURFACE('',#9072,16.4);
#9074=CARTESIAN_POINT('',(-0.8,16.184238123,2.651497006));
#9075=VERTEX_POINT('',#9074);
#9076=CARTESIAN_POINT('',(-0.8,16.184238123,-2.651497006));
#9077=VERTEX_POINT('',#9076);
#9078=CARTESIAN_POINT('',(-0.8,0.,-0.));
#9079=DIRECTION('',(-1.,0.,-0.));
#9080=DIRECTION('',(-0.,0.,1.));
#9081=AXIS2_PLACEMENT_3D('',#9078,#9079,#9080);
#9082=CIRCLE('',#9081,16.4);
#9083=EDGE_CURVE('',#9075,#9077,#9082,.T.);
#9084=ORIENTED_EDGE('',*,*,#9083,.F.);
#9085=CARTESIAN_POINT('',(-12.2,16.184238123,2.651497006));
#9086=VERTEX_POINT('',#9085);
#9087=CARTESIAN_POINT('',(-12.2,16.184238123,2.651497006));
#9088=DIRECTION('',(1.,-0.,0.));
#9089=VECTOR('',#9088,11.4);
#9090=LINE('',#9087,#9089);
#9091=EDGE_CURVE('',#9086,#9075,#9090,.T.);
#9092=ORIENTED_EDGE('',*,*,#9091,.F.);
#9093=CARTESIAN_POINT('',(-12.2,16.184238123,-2.651497006));
#9094=VERTEX_POINT('',#9093);
#9095=CARTESIAN_POINT('',(-12.2,0.,-0.));
#9096=DIRECTION('',(-1.,0.,-0.));
#9097=DIRECTION('',(-0.,0.,1.));
#9098=AXIS2_PLACEMENT_3D('',#9095,#9096,#9097);
#9099=CIRCLE('',#9098,16.4);
#9100=EDGE_CURVE('',#9086,#9094,#9099,.T.);
#9101=ORIENTED_EDGE('',*,*,#9100,.T.);
#9102=CARTESIAN_POINT('',(-12.2,16.184238123,-2.651497006));
#9103=DIRECTION('',(1.,-0.,0.));
#9104=VECTOR('',#9103,11.4);
#9105=LINE('',#9102,#9104);
#9106=EDGE_CURVE('',#9094,#9077,#9105,.T.);
#9107=ORIENTED_EDGE('',*,*,#9106,.T.);
#9108=EDGE_LOOP('',(#9084,#9092,#9101,#9107));
#9109=FACE_BOUND('',#9108,.T.);
#9110=ADVANCED_FACE('',(#9109),#9073,.F.);
#9111=CARTESIAN_POINT('',(-12.5,16.123275102,-3.));
#9112=DIRECTION('',(0.,-0.,-1.));
#9113=DIRECTION('',(0.,1.,-0.));
#9114=AXIS2_PLACEMENT_3D('',#9111,#9112,#9113);
#9115=PLANE('',#9114);
#9116=CARTESIAN_POINT('',(-0.8,16.48029126,-3.));
#9117=VERTEX_POINT('',#9116);
#9118=CARTESIAN_POINT('',(-0.8,17.695197088,-3.));
#9119=VERTEX_POINT('',#9118);
#9120=CARTESIAN_POINT('',(-0.8,16.48029126,-3.));
#9121=DIRECTION('',(0.,1.,-0.));
#9122=VECTOR('',#9121,1.214905829);
#9123=LINE('',#9120,#9122);
#9124=EDGE_CURVE('',#9117,#9119,#9123,.T.);
#9125=ORIENTED_EDGE('',*,*,#9124,.F.);
#9126=CARTESIAN_POINT('',(-12.2,16.48029126,-3.));
#9127=VERTEX_POINT('',#9126);
#9128=CARTESIAN_POINT('',(-12.2,16.48029126,-3.));
#9129=DIRECTION('',(1.,-0.,0.));
#9130=VECTOR('',#9129,11.4);
#9131=LINE('',#9128,#9130);
#9132=EDGE_CURVE('',#9127,#9117,#9131,.T.);
#9133=ORIENTED_EDGE('',*,*,#9132,.F.);
#9134=CARTESIAN_POINT('',(-12.2,17.695197088,-3.));
#9135=VERTEX_POINT('',#9134);
#9136=CARTESIAN_POINT('',(-12.2,16.48029126,-3.));
#9137=DIRECTION('',(0.,1.,-0.));
#9138=VECTOR('',#9137,1.214905829);
#9139=LINE('',#9136,#9138);
#9140=EDGE_CURVE('',#9127,#9135,#9139,.T.);
#9141=ORIENTED_EDGE('',*,*,#9140,.T.);
#9142=CARTESIAN_POINT('',(-12.2,17.695197088,-3.));
#9143=DIRECTION('',(1.,-0.,0.));
#9144=VECTOR('',#9143,11.4);
#9145=LINE('',#9142,#9144);
#9146=EDGE_CURVE('',#9135,#9119,#9145,.T.);
#9147=ORIENTED_EDGE('',*,*,#9146,.T.);
#9148=EDGE_LOOP('',(#9125,#9133,#9141,#9147));
#9149=FACE_BOUND('',#9148,.T.);
#9150=ADVANCED_FACE('',(#9149),#9115,.T.);
#9151=CARTESIAN_POINT('',(-0.5,0.,-0.));
#9152=DIRECTION('',(1.,-0.,0.));
#9153=DIRECTION('',(0.,-0.,-1.));
#9154=AXIS2_PLACEMENT_3D('',#9151,#9152,#9153);
#9155=PLANE('',#9154);
#9156=CARTESIAN_POINT('',(-0.5,17.695197088,-2.7));
#9157=VERTEX_POINT('',#9156);
#9158=CARTESIAN_POINT('',(-0.5,17.695197088,2.7));
#9159=VERTEX_POINT('',#9158);
#9160=CARTESIAN_POINT('',(-0.5,0.,-0.));
#9161=DIRECTION('',(1.,-0.,0.));
#9162=DIRECTION('',(0.,-0.,-1.));
#9163=AXIS2_PLACEMENT_3D('',#9160,#9161,#9162);
#9164=CIRCLE('',#9163,17.9);
#9165=EDGE_CURVE('',#9157,#9159,#9164,.T.);
#9166=ORIENTED_EDGE('',*,*,#9165,.T.);
#9167=CARTESIAN_POINT('',(-0.5,16.48029126,2.7));
#9168=VERTEX_POINT('',#9167);
#9169=CARTESIAN_POINT('',(-0.5,17.695197088,2.7));
#9170=DIRECTION('',(-0.,-1.,0.));
#9171=VECTOR('',#9170,1.214905829);
#9172=LINE('',#9169,#9171);
#9173=EDGE_CURVE('',#9159,#9168,#9172,.T.);
#9174=ORIENTED_EDGE('',*,*,#9173,.T.);
#9175=CARTESIAN_POINT('',(-0.5,16.48029126,-2.7));
#9176=VERTEX_POINT('',#9175);
#9177=CARTESIAN_POINT('',(-0.5,0.,-0.));
#9178=DIRECTION('',(-1.,0.,-0.));
#9179=DIRECTION('',(-0.,0.,1.));
#9180=AXIS2_PLACEMENT_3D('',#9177,#9178,#9179);
#9181=CIRCLE('',#9180,16.7);
#9182=EDGE_CURVE('',#9168,#9176,#9181,.T.);
#9183=ORIENTED_EDGE('',*,*,#9182,.T.);
#9184=CARTESIAN_POINT('',(-0.5,16.48029126,-2.7));
#9185=DIRECTION('',(0.,1.,-0.));
#9186=VECTOR('',#9185,1.214905829);
#9187=LINE('',#9184,#9186);
#9188=EDGE_CURVE('',#9176,#9157,#9187,.T.);
#9189=ORIENTED_EDGE('',*,*,#9188,.T.);
#9190=EDGE_LOOP('',(#9166,#9174,#9183,#9189));
#9191=FACE_BOUND('',#9190,.T.);
#9192=ADVANCED_FACE('',(#9191),#9155,.T.);
#9193=CARTESIAN_POINT('',(-12.5,0.,-0.));
#9194=DIRECTION('',(1.,-0.,0.));
#9195=DIRECTION('',(0.,-0.,-1.));
#9196=AXIS2_PLACEMENT_3D('',#9193,#9194,#9195);
#9197=PLANE('',#9196);
#9198=CARTESIAN_POINT('',(-12.5,17.695197088,-2.7));
#9199=VERTEX_POINT('',#9198);
#9200=CARTESIAN_POINT('',(-12.5,17.695197088,2.7));
#9201=VERTEX_POINT('',#9200);
#9202=CARTESIAN_POINT('',(-12.5,0.,-0.));
#9203=DIRECTION('',(1.,-0.,0.));
#9204=DIRECTION('',(0.,-0.,-1.));
#9205=AXIS2_PLACEMENT_3D('',#9202,#9203,#9204);
#9206=CIRCLE('',#9205,17.9);
#9207=EDGE_CURVE('',#9199,#9201,#9206,.T.);
#9208=ORIENTED_EDGE('',*,*,#9207,.F.);
#9209=CARTESIAN_POINT('',(-12.5,16.48029126,-2.7));
#9210=VERTEX_POINT('',#9209);
#9211=CARTESIAN_POINT('',(-12.5,16.48029126,-2.7));
#9212=DIRECTION('',(0.,1.,-0.));
#9213=VECTOR('',#9212,1.214905829);
#9214=LINE('',#9211,#9213);
#9215=EDGE_CURVE('',#9210,#9199,#9214,.T.);
#9216=ORIENTED_EDGE('',*,*,#9215,.F.);
#9217=CARTESIAN_POINT('',(-12.5,16.48029126,2.7));
#9218=VERTEX_POINT('',#9217);
#9219=CARTESIAN_POINT('',(-12.5,0.,-0.));
#9220=DIRECTION('',(-1.,0.,-0.));
#9221=DIRECTION('',(-0.,0.,1.));
#9222=AXIS2_PLACEMENT_3D('',#9219,#9220,#9221);
#9223=CIRCLE('',#9222,16.7);
#9224=EDGE_CURVE('',#9218,#9210,#9223,.T.);
#9225=ORIENTED_EDGE('',*,*,#9224,.F.);
#9226=CARTESIAN_POINT('',(-12.5,17.695197088,2.7));
#9227=DIRECTION('',(-0.,-1.,0.));
#9228=VECTOR('',#9227,1.214905829);
#9229=LINE('',#9226,#9228);
#9230=EDGE_CURVE('',#9201,#9218,#9229,.T.);
#9231=ORIENTED_EDGE('',*,*,#9230,.F.);
#9232=EDGE_LOOP('',(#9208,#9216,#9225,#9231));
#9233=FACE_BOUND('',#9232,.T.);
#9234=ADVANCED_FACE('',(#9233),#9197,.F.);
#9235=CARTESIAN_POINT('',(-13.1,17.695197088,2.7));
#9236=DIRECTION('',(-1.,0.,-0.));
#9237=DIRECTION('',(-0.,0.,1.));
#9238=AXIS2_PLACEMENT_3D('',#9235,#9236,#9237);
#9239=CYLINDRICAL_SURFACE('',#9238,0.3);
#9240=CARTESIAN_POINT('',(-0.8,17.695197088,2.7));
#9241=DIRECTION('',(-1.,0.,-0.));
#9242=DIRECTION('',(-0.,0.,1.));
#9243=AXIS2_PLACEMENT_3D('',#9240,#9241,#9242);
#9244=CIRCLE('',#9243,0.3);
#9245=EDGE_CURVE('',#9035,#8995,#9244,.T.);
#9246=ORIENTED_EDGE('',*,*,#9245,.T.);
#9247=ORIENTED_EDGE('',*,*,#9024,.F.);
#9248=CARTESIAN_POINT('',(-12.2,17.695197088,2.7));
#9249=DIRECTION('',(1.,-0.,0.));
#9250=DIRECTION('',(-0.,0.,1.));
#9251=AXIS2_PLACEMENT_3D('',#9248,#9249,#9250);
#9252=CIRCLE('',#9251,0.3);
#9253=EDGE_CURVE('',#9012,#9045,#9252,.T.);
#9254=ORIENTED_EDGE('',*,*,#9253,.T.);
#9255=ORIENTED_EDGE('',*,*,#9050,.T.);
#9256=EDGE_LOOP('',(#9246,#9247,#9254,#9255));
#9257=FACE_BOUND('',#9256,.T.);
#9258=ADVANCED_FACE('',(#9257),#9239,.T.);
#9259=CARTESIAN_POINT('',(-13.1,17.695197088,-2.7));
#9260=DIRECTION('',(-1.,0.,-0.));
#9261=DIRECTION('',(0.,0.988558497,-0.150837989));
#9262=AXIS2_PLACEMENT_3D('',#9259,#9260,#9261);
#9263=CYLINDRICAL_SURFACE('',#9262,0.3);
#9264=CARTESIAN_POINT('',(-0.8,17.695197088,-2.7));
#9265=DIRECTION('',(-1.,0.,-0.));
#9266=DIRECTION('',(-0.,0.,1.));
#9267=AXIS2_PLACEMENT_3D('',#9264,#9265,#9266);
#9268=CIRCLE('',#9267,0.3);
#9269=EDGE_CURVE('',#8993,#9119,#9268,.T.);
#9270=ORIENTED_EDGE('',*,*,#9269,.T.);
#9271=ORIENTED_EDGE('',*,*,#9146,.F.);
#9272=CARTESIAN_POINT('',(-12.2,17.695197088,-2.7));
#9273=DIRECTION('',(1.,-0.,0.));
#9274=DIRECTION('',(-0.,0.,1.));
#9275=AXIS2_PLACEMENT_3D('',#9272,#9273,#9274);
#9276=CIRCLE('',#9275,0.3);
#9277=EDGE_CURVE('',#9135,#9004,#9276,.T.);
#9278=ORIENTED_EDGE('',*,*,#9277,.T.);
#9279=ORIENTED_EDGE('',*,*,#9009,.T.);
#9280=EDGE_LOOP('',(#9270,#9271,#9278,#9279));
#9281=FACE_BOUND('',#9280,.T.);
#9282=ADVANCED_FACE('',(#9281),#9263,.T.);
#9283=CARTESIAN_POINT('',(-13.1,16.48029126,2.7));
#9284=DIRECTION('',(-1.,0.,-0.));
#9285=DIRECTION('',(0.,-0.986843788,-0.161676647));
#9286=AXIS2_PLACEMENT_3D('',#9283,#9284,#9285);
#9287=CYLINDRICAL_SURFACE('',#9286,0.3);
#9288=CARTESIAN_POINT('',(-0.8,16.48029126,2.7));
#9289=DIRECTION('',(-1.,0.,-0.));
#9290=DIRECTION('',(-0.,0.,1.));
#9291=AXIS2_PLACEMENT_3D('',#9288,#9289,#9290);
#9292=CIRCLE('',#9291,0.3);
#9293=EDGE_CURVE('',#9075,#9037,#9292,.T.);
#9294=ORIENTED_EDGE('',*,*,#9293,.T.);
#9295=ORIENTED_EDGE('',*,*,#9064,.F.);
#9296=CARTESIAN_POINT('',(-12.2,16.48029126,2.7));
#9297=DIRECTION('',(1.,-0.,0.));
#9298=DIRECTION('',(-0.,0.,1.));
#9299=AXIS2_PLACEMENT_3D('',#9296,#9297,#9298);
#9300=CIRCLE('',#9299,0.3);
#9301=EDGE_CURVE('',#9053,#9086,#9300,.T.);
#9302=ORIENTED_EDGE('',*,*,#9301,.T.);
#9303=ORIENTED_EDGE('',*,*,#9091,.T.);
#9304=EDGE_LOOP('',(#9294,#9295,#9302,#9303));
#9305=FACE_BOUND('',#9304,.T.);
#9306=ADVANCED_FACE('',(#9305),#9287,.T.);
#9307=CARTESIAN_POINT('',(-13.1,16.48029126,-2.7));
#9308=DIRECTION('',(-1.,0.,-0.));
#9309=DIRECTION('',(0.,0.,-1.));
#9310=AXIS2_PLACEMENT_3D('',#9307,#9308,#9309);
#9311=CYLINDRICAL_SURFACE('',#9310,0.3);
#9312=CARTESIAN_POINT('',(-0.8,16.48029126,-2.7));
#9313=DIRECTION('',(-1.,0.,-0.));
#9314=DIRECTION('',(-0.,0.,1.));
#9315=AXIS2_PLACEMENT_3D('',#9312,#9313,#9314);
#9316=CIRCLE('',#9315,0.3);
#9317=EDGE_CURVE('',#9117,#9077,#9316,.T.);
#9318=ORIENTED_EDGE('',*,*,#9317,.T.);
#9319=ORIENTED_EDGE('',*,*,#9106,.F.);
#9320=CARTESIAN_POINT('',(-12.2,16.48029126,-2.7));
#9321=DIRECTION('',(1.,-0.,0.));
#9322=DIRECTION('',(-0.,0.,1.));
#9323=AXIS2_PLACEMENT_3D('',#9320,#9321,#9322);
#9324=CIRCLE('',#9323,0.3);
#9325=EDGE_CURVE('',#9094,#9127,#9324,.T.);
#9326=ORIENTED_EDGE('',*,*,#9325,.T.);
#9327=ORIENTED_EDGE('',*,*,#9132,.T.);
#9328=EDGE_LOOP('',(#9318,#9319,#9326,#9327));
#9329=FACE_BOUND('',#9328,.T.);
#9330=ADVANCED_FACE('',(#9329),#9311,.T.);
#9331=CARTESIAN_POINT('',(-12.2,0.,-0.));
#9332=DIRECTION('',(1.,-0.,0.));
#9333=DIRECTION('',(0.,0.982948121,-0.183883093));
#9334=AXIS2_PLACEMENT_3D('',#9331,#9332,#9333);
#9335=TOROIDAL_SURFACE('',#9334,17.9,0.3);
#9336=ORIENTED_EDGE('',*,*,#9018,.F.);
#9337=CARTESIAN_POINT('',(-12.2,17.695197088,-2.7));
#9338=DIRECTION('',(0.,-0.150837989,-0.988558497));
#9339=DIRECTION('',(-0.,-0.988558497,0.150837989));
#9340=AXIS2_PLACEMENT_3D('',#9337,#9338,#9339);
#9341=CIRCLE('',#9340,0.3);
#9342=EDGE_CURVE('',#9199,#9004,#9341,.T.);
#9343=ORIENTED_EDGE('',*,*,#9342,.F.);
#9344=ORIENTED_EDGE('',*,*,#9207,.T.);
#9345=CARTESIAN_POINT('',(-12.2,17.695197088,2.7));
#9346=DIRECTION('',(0.,0.150837989,-0.988558497));
#9347=DIRECTION('',(-0.,0.988558497,0.150837989));
#9348=AXIS2_PLACEMENT_3D('',#9345,#9346,#9347);
#9349=CIRCLE('',#9348,0.3);
#9350=EDGE_CURVE('',#9201,#9012,#9349,.T.);
#9351=ORIENTED_EDGE('',*,*,#9350,.T.);
#9352=EDGE_LOOP('',(#9336,#9343,#9344,#9351));
#9353=FACE_BOUND('',#9352,.T.);
#9354=ADVANCED_FACE('',(#9353),#9335,.T.);
#9355=CARTESIAN_POINT('',(-12.2,17.695197088,2.7));
#9356=DIRECTION('',(-1.,0.,-0.));
#9357=DIRECTION('',(-0.,0.,1.));
#9358=AXIS2_PLACEMENT_3D('',#9355,#9356,#9357);
#9359=SPHERICAL_SURFACE('',#9358,0.3);
#9360=CARTESIAN_POINT('',(-12.2,17.695197088,2.7));
#9361=DIRECTION('',(0.,1.,-0.));
#9362=DIRECTION('',(-1.,0.,-0.));
#9363=AXIS2_PLACEMENT_3D('',#9360,#9361,#9362);
#9364=CIRCLE('',#9363,0.3);
#9365=EDGE_CURVE('',#9201,#9045,#9364,.T.);
#9366=ORIENTED_EDGE('',*,*,#9365,.T.);
#9367=ORIENTED_EDGE('',*,*,#9253,.F.);
#9368=ORIENTED_EDGE('',*,*,#9350,.F.);
#9369=EDGE_LOOP('',(#9366,#9367,#9368));
#9370=FACE_BOUND('',#9369,.T.);
#9371=ADVANCED_FACE('',(#9370),#9359,.T.);
#9372=CARTESIAN_POINT('',(-12.2,18.895197088,2.7));
#9373=DIRECTION('',(0.,1.,-0.));
#9374=DIRECTION('',(-1.,0.,-0.));
#9375=AXIS2_PLACEMENT_3D('',#9372,#9373,#9374);
#9376=CYLINDRICAL_SURFACE('',#9375,0.3);
#9377=ORIENTED_EDGE('',*,*,#9058,.F.);
#9378=ORIENTED_EDGE('',*,*,#9365,.F.);
#9379=ORIENTED_EDGE('',*,*,#9230,.T.);
#9380=CARTESIAN_POINT('',(-12.2,16.48029126,2.7));
#9381=DIRECTION('',(0.,1.,-0.));
#9382=DIRECTION('',(1.,-0.,0.));
#9383=AXIS2_PLACEMENT_3D('',#9380,#9381,#9382);
#9384=CIRCLE('',#9383,0.3);
#9385=EDGE_CURVE('',#9218,#9053,#9384,.T.);
#9386=ORIENTED_EDGE('',*,*,#9385,.T.);
#9387=EDGE_LOOP('',(#9377,#9378,#9379,#9386));
#9388=FACE_BOUND('',#9387,.T.);
#9389=ADVANCED_FACE('',(#9388),#9376,.T.);
#9390=CARTESIAN_POINT('',(-12.2,16.48029126,2.7));
#9391=DIRECTION('',(-1.,0.,-0.));
#9392=DIRECTION('',(0.,-0.986843788,-0.161676647));
#9393=AXIS2_PLACEMENT_3D('',#9390,#9391,#9392);
#9394=SPHERICAL_SURFACE('',#9393,0.3);
#9395=ORIENTED_EDGE('',*,*,#9301,.F.);
#9396=ORIENTED_EDGE('',*,*,#9385,.F.);
#9397=CARTESIAN_POINT('',(-12.2,16.48029126,2.7));
#9398=DIRECTION('',(-0.,-0.161676647,0.986843788));
#9399=DIRECTION('',(-0.,0.986843788,0.161676647));
#9400=AXIS2_PLACEMENT_3D('',#9397,#9398,#9399);
#9401=CIRCLE('',#9400,0.3);
#9402=EDGE_CURVE('',#9218,#9086,#9401,.T.);
#9403=ORIENTED_EDGE('',*,*,#9402,.T.);
#9404=EDGE_LOOP('',(#9395,#9396,#9403));
#9405=FACE_BOUND('',#9404,.T.);
#9406=ADVANCED_FACE('',(#9405),#9394,.T.);
#9407=CARTESIAN_POINT('',(-12.2,0.,-0.));
#9408=DIRECTION('',(-1.,0.,-0.));
#9409=DIRECTION('',(-0.,0.98039944,0.197020147));
#9410=AXIS2_PLACEMENT_3D('',#9407,#9408,#9409);
#9411=TOROIDAL_SURFACE('',#9410,16.7,0.3);
#9412=ORIENTED_EDGE('',*,*,#9100,.F.);
#9413=ORIENTED_EDGE('',*,*,#9402,.F.);
#9414=ORIENTED_EDGE('',*,*,#9224,.T.);
#9415=CARTESIAN_POINT('',(-12.2,16.48029126,-2.7));
#9416=DIRECTION('',(-0.,0.161676647,0.986843788));
#9417=DIRECTION('',(-0.,-0.986843788,0.161676647));
#9418=AXIS2_PLACEMENT_3D('',#9415,#9416,#9417);
#9419=CIRCLE('',#9418,0.3);
#9420=EDGE_CURVE('',#9210,#9094,#9419,.T.);
#9421=ORIENTED_EDGE('',*,*,#9420,.T.);
#9422=EDGE_LOOP('',(#9412,#9413,#9414,#9421));
#9423=FACE_BOUND('',#9422,.T.);
#9424=ADVANCED_FACE('',(#9423),#9411,.T.);
#9425=CARTESIAN_POINT('',(-12.2,16.48029126,-2.7));
#9426=DIRECTION('',(-1.,0.,-0.));
#9427=DIRECTION('',(0.,-0.,-1.));
#9428=AXIS2_PLACEMENT_3D('',#9425,#9426,#9427);
#9429=SPHERICAL_SURFACE('',#9428,0.3);
#9430=ORIENTED_EDGE('',*,*,#9325,.F.);
#9431=ORIENTED_EDGE('',*,*,#9420,.F.);
#9432=CARTESIAN_POINT('',(-12.2,16.48029126,-2.7));
#9433=DIRECTION('',(-0.,-1.,0.));
#9434=DIRECTION('',(1.,-0.,0.));
#9435=AXIS2_PLACEMENT_3D('',#9432,#9433,#9434);
#9436=CIRCLE('',#9435,0.3);
#9437=EDGE_CURVE('',#9210,#9127,#9436,.T.);
#9438=ORIENTED_EDGE('',*,*,#9437,.T.);
#9439=EDGE_LOOP('',(#9430,#9431,#9438));
#9440=FACE_BOUND('',#9439,.T.);
#9441=ADVANCED_FACE('',(#9440),#9429,.T.);
#9442=CARTESIAN_POINT('',(-12.2,15.28029126,-2.7));
#9443=DIRECTION('',(-0.,-1.,0.));
#9444=DIRECTION('',(-1.,0.,0.));
#9445=AXIS2_PLACEMENT_3D('',#9442,#9443,#9444);
#9446=CYLINDRICAL_SURFACE('',#9445,0.3);
#9447=ORIENTED_EDGE('',*,*,#9140,.F.);
#9448=ORIENTED_EDGE('',*,*,#9437,.F.);
#9449=ORIENTED_EDGE('',*,*,#9215,.T.);
#9450=CARTESIAN_POINT('',(-12.2,17.695197088,-2.7));
#9451=DIRECTION('',(-0.,-1.,0.));
#9452=DIRECTION('',(-1.,0.,-0.));
#9453=AXIS2_PLACEMENT_3D('',#9450,#9451,#9452);
#9454=CIRCLE('',#9453,0.3);
#9455=EDGE_CURVE('',#9199,#9135,#9454,.T.);
#9456=ORIENTED_EDGE('',*,*,#9455,.T.);
#9457=EDGE_LOOP('',(#9447,#9448,#9449,#9456));
#9458=FACE_BOUND('',#9457,.T.);
#9459=ADVANCED_FACE('',(#9458),#9446,.T.);
#9460=CARTESIAN_POINT('',(-12.2,17.695197088,-2.7));
#9461=DIRECTION('',(-1.,0.,-0.));
#9462=DIRECTION('',(0.,0.988558497,-0.150837989));
#9463=AXIS2_PLACEMENT_3D('',#9460,#9461,#9462);
#9464=SPHERICAL_SURFACE('',#9463,0.3);
#9465=ORIENTED_EDGE('',*,*,#9455,.F.);
#9466=ORIENTED_EDGE('',*,*,#9342,.T.);
#9467=ORIENTED_EDGE('',*,*,#9277,.F.);
#9468=EDGE_LOOP('',(#9465,#9466,#9467));
#9469=FACE_BOUND('',#9468,.T.);
#9470=ADVANCED_FACE('',(#9469),#9464,.T.);
#9471=CARTESIAN_POINT('',(-0.8,0.,-0.));
#9472=DIRECTION('',(1.,-0.,0.));
#9473=DIRECTION('',(0.,0.982948121,-0.183883093));
#9474=AXIS2_PLACEMENT_3D('',#9471,#9472,#9473);
#9475=TOROIDAL_SURFACE('',#9474,17.9,0.3);
#9476=ORIENTED_EDGE('',*,*,#9001,.T.);
#9477=CARTESIAN_POINT('',(-0.8,17.695197088,2.7));
#9478=DIRECTION('',(0.,0.150837989,-0.988558497));
#9479=DIRECTION('',(-0.,0.988558497,0.150837989));
#9480=AXIS2_PLACEMENT_3D('',#9477,#9478,#9479);
#9481=CIRCLE('',#9480,0.3);
#9482=EDGE_CURVE('',#8995,#9159,#9481,.T.);
#9483=ORIENTED_EDGE('',*,*,#9482,.T.);
#9484=ORIENTED_EDGE('',*,*,#9165,.F.);
#9485=CARTESIAN_POINT('',(-0.8,17.695197088,-2.7));
#9486=DIRECTION('',(0.,-0.150837989,-0.988558497));
#9487=DIRECTION('',(0.,0.988558497,-0.150837989));
#9488=AXIS2_PLACEMENT_3D('',#9485,#9486,#9487);
#9489=CIRCLE('',#9488,0.3);
#9490=EDGE_CURVE('',#8993,#9157,#9489,.T.);
#9491=ORIENTED_EDGE('',*,*,#9490,.F.);
#9492=EDGE_LOOP('',(#9476,#9483,#9484,#9491));
#9493=FACE_BOUND('',#9492,.T.);
#9494=ADVANCED_FACE('',(#9493),#9475,.T.);
#9495=CARTESIAN_POINT('',(-0.8,17.695197088,2.7));
#9496=DIRECTION('',(1.,-0.,0.));
#9497=DIRECTION('',(-0.,0.988558497,0.150837989));
#9498=AXIS2_PLACEMENT_3D('',#9495,#9496,#9497);
#9499=SPHERICAL_SURFACE('',#9498,0.3);
#9500=ORIENTED_EDGE('',*,*,#9482,.F.);
#9501=ORIENTED_EDGE('',*,*,#9245,.F.);
#9502=CARTESIAN_POINT('',(-0.8,17.695197088,2.7));
#9503=DIRECTION('',(0.,1.,-0.));
#9504=DIRECTION('',(-0.,0.,1.));
#9505=AXIS2_PLACEMENT_3D('',#9502,#9503,#9504);
#9506=CIRCLE('',#9505,0.3);
#9507=EDGE_CURVE('',#9035,#9159,#9506,.T.);
#9508=ORIENTED_EDGE('',*,*,#9507,.T.);
#9509=EDGE_LOOP('',(#9500,#9501,#9508));
#9510=FACE_BOUND('',#9509,.T.);
#9511=ADVANCED_FACE('',(#9510),#9499,.T.);
#9512=CARTESIAN_POINT('',(-0.8,18.895197088,2.7));
#9513=DIRECTION('',(-0.,-1.,0.));
#9514=DIRECTION('',(1.,-0.,0.));
#9515=AXIS2_PLACEMENT_3D('',#9512,#9513,#9514);
#9516=CYLINDRICAL_SURFACE('',#9515,0.3);
#9517=ORIENTED_EDGE('',*,*,#9042,.T.);
#9518=CARTESIAN_POINT('',(-0.8,16.48029126,2.7));
#9519=DIRECTION('',(0.,1.,-0.));
#9520=DIRECTION('',(-1.,0.,-0.));
#9521=AXIS2_PLACEMENT_3D('',#9518,#9519,#9520);
#9522=CIRCLE('',#9521,0.3);
#9523=EDGE_CURVE('',#9037,#9168,#9522,.T.);
#9524=ORIENTED_EDGE('',*,*,#9523,.T.);
#9525=ORIENTED_EDGE('',*,*,#9173,.F.);
#9526=ORIENTED_EDGE('',*,*,#9507,.F.);
#9527=EDGE_LOOP('',(#9517,#9524,#9525,#9526));
#9528=FACE_BOUND('',#9527,.T.);
#9529=ADVANCED_FACE('',(#9528),#9516,.T.);
#9530=CARTESIAN_POINT('',(-0.8,16.48029126,2.7));
#9531=DIRECTION('',(1.,-0.,0.));
#9532=DIRECTION('',(-0.,0.,1.));
#9533=AXIS2_PLACEMENT_3D('',#9530,#9531,#9532);
#9534=SPHERICAL_SURFACE('',#9533,0.3);
#9535=CARTESIAN_POINT('',(-0.8,16.48029126,2.7));
#9536=DIRECTION('',(-0.,-0.161676647,0.986843788));
#9537=DIRECTION('',(0.,-0.986843788,-0.161676647));
#9538=AXIS2_PLACEMENT_3D('',#9535,#9536,#9537);
#9539=CIRCLE('',#9538,0.3);
#9540=EDGE_CURVE('',#9075,#9168,#9539,.T.);
#9541=ORIENTED_EDGE('',*,*,#9540,.T.);
#9542=ORIENTED_EDGE('',*,*,#9523,.F.);
#9543=ORIENTED_EDGE('',*,*,#9293,.F.);
#9544=EDGE_LOOP('',(#9541,#9542,#9543));
#9545=FACE_BOUND('',#9544,.T.);
#9546=ADVANCED_FACE('',(#9545),#9534,.T.);
#9547=CARTESIAN_POINT('',(-0.8,0.,-0.));
#9548=DIRECTION('',(-1.,0.,-0.));
#9549=DIRECTION('',(-0.,0.98039944,0.197020147));
#9550=AXIS2_PLACEMENT_3D('',#9547,#9548,#9549);
#9551=TOROIDAL_SURFACE('',#9550,16.7,0.3);
#9552=ORIENTED_EDGE('',*,*,#9083,.T.);
#9553=CARTESIAN_POINT('',(-0.8,16.48029126,-2.7));
#9554=DIRECTION('',(-0.,0.161676647,0.986843788));
#9555=DIRECTION('',(-0.,-0.986843788,0.161676647));
#9556=AXIS2_PLACEMENT_3D('',#9553,#9554,#9555);
#9557=CIRCLE('',#9556,0.3);
#9558=EDGE_CURVE('',#9077,#9176,#9557,.T.);
#9559=ORIENTED_EDGE('',*,*,#9558,.T.);
#9560=ORIENTED_EDGE('',*,*,#9182,.F.);
#9561=ORIENTED_EDGE('',*,*,#9540,.F.);
#9562=EDGE_LOOP('',(#9552,#9559,#9560,#9561));
#9563=FACE_BOUND('',#9562,.T.);
#9564=ADVANCED_FACE('',(#9563),#9551,.T.);
#9565=CARTESIAN_POINT('',(-0.8,16.48029126,-2.7));
#9566=DIRECTION('',(1.,-0.,0.));
#9567=DIRECTION('',(-0.,-0.986843788,0.161676647));
#9568=AXIS2_PLACEMENT_3D('',#9565,#9566,#9567);
#9569=SPHERICAL_SURFACE('',#9568,0.3);
#9570=CARTESIAN_POINT('',(-0.8,16.48029126,-2.7));
#9571=DIRECTION('',(-0.,-1.,-0.));
#9572=DIRECTION('',(0.,0.,-1.));
#9573=AXIS2_PLACEMENT_3D('',#9570,#9571,#9572);
#9574=CIRCLE('',#9573,0.3);
#9575=EDGE_CURVE('',#9117,#9176,#9574,.T.);
#9576=ORIENTED_EDGE('',*,*,#9575,.T.);
#9577=ORIENTED_EDGE('',*,*,#9558,.F.);
#9578=ORIENTED_EDGE('',*,*,#9317,.F.);
#9579=EDGE_LOOP('',(#9576,#9577,#9578));
#9580=FACE_BOUND('',#9579,.T.);
#9581=ADVANCED_FACE('',(#9580),#9569,.T.);
#9582=CARTESIAN_POINT('',(-0.8,15.28029126,-2.7));
#9583=DIRECTION('',(0.,1.,-0.));
#9584=DIRECTION('',(1.,-0.,0.));
#9585=AXIS2_PLACEMENT_3D('',#9582,#9583,#9584);
#9586=CYLINDRICAL_SURFACE('',#9585,0.3);
#9587=ORIENTED_EDGE('',*,*,#9124,.T.);
#9588=CARTESIAN_POINT('',(-0.8,17.695197088,-2.7));
#9589=DIRECTION('',(-0.,-1.,0.));
#9590=DIRECTION('',(1.,-0.,0.));
#9591=AXIS2_PLACEMENT_3D('',#9588,#9589,#9590);
#9592=CIRCLE('',#9591,0.3);
#9593=EDGE_CURVE('',#9119,#9157,#9592,.T.);
#9594=ORIENTED_EDGE('',*,*,#9593,.T.);
#9595=ORIENTED_EDGE('',*,*,#9188,.F.);
#9596=ORIENTED_EDGE('',*,*,#9575,.F.);
#9597=EDGE_LOOP('',(#9587,#9594,#9595,#9596));
#9598=FACE_BOUND('',#9597,.T.);
#9599=ADVANCED_FACE('',(#9598),#9586,.T.);
#9600=CARTESIAN_POINT('',(-0.8,17.695197088,-2.7));
#9601=DIRECTION('',(1.,-0.,0.));
#9602=DIRECTION('',(0.,-0.,-1.));
#9603=AXIS2_PLACEMENT_3D('',#9600,#9601,#9602);
#9604=SPHERICAL_SURFACE('',#9603,0.3);
#9605=ORIENTED_EDGE('',*,*,#9269,.F.);
#9606=ORIENTED_EDGE('',*,*,#9490,.T.);
#9607=ORIENTED_EDGE('',*,*,#9593,.F.);
#9608=EDGE_LOOP('',(#9605,#9606,#9607));
#9609=FACE_BOUND('',#9608,.T.);
#9610=ADVANCED_FACE('',(#9609),#9604,.T.);
#9611=CLOSED_SHELL('',(#9028,#9068,#9110,#9150,#9192,#9234,#9258,#9282,#9306,#9330,#9354,#9371,#9389,#9406,#9424,#9441,#9459,#9470,#9494,#9511,#9529,#9546,#9564,#9581,#9599,#9610));
#9612=MANIFOLD_SOLID_BREP('\X2\04220435043B043E\X0\_151 - \X2\0411041F041B0410\X0\32.20.03-01_152:1',#9611);
#8986=STYLED_ITEM('',(#5843),#9612);
#9614=CARTESIAN_POINT('',(-12.5,-0.,-0.));
#9615=DIRECTION('',(1.,0.,0.));
#9616=DIRECTION('',(0.,0.486087844,-0.873909954));
#9617=AXIS2_PLACEMENT_3D('',#9614,#9615,#9616);
#9618=CYLINDRICAL_SURFACE('',#9617,18.2);
#9619=CARTESIAN_POINT('',(-0.8,9.0713578,-15.778164268));
#9620=VERTEX_POINT('',#9619);
#9621=CARTESIAN_POINT('',(-0.8,13.364005738,-12.354891769));
#9622=VERTEX_POINT('',#9621);
#9623=CARTESIAN_POINT('',(-0.8,-0.,-0.));
#9624=DIRECTION('',(1.,0.,0.));
#9625=DIRECTION('',(0.,-0.781831482,-0.623489802));
#9626=AXIS2_PLACEMENT_3D('',#9623,#9624,#9625);
#9627=CIRCLE('',#9626,18.2);
#9628=EDGE_CURVE('',#9620,#9622,#9627,.T.);
#9629=ORIENTED_EDGE('',*,*,#9628,.F.);
#9630=CARTESIAN_POINT('',(-12.2,9.0713578,-15.778164268));
#9631=VERTEX_POINT('',#9630);
#9632=CARTESIAN_POINT('',(-12.2,9.0713578,-15.778164268));
#9633=DIRECTION('',(1.,0.,0.));
#9634=VECTOR('',#9633,11.4);
#9635=LINE('',#9632,#9634);
#9636=EDGE_CURVE('',#9631,#9620,#9635,.T.);
#9637=ORIENTED_EDGE('',*,*,#9636,.F.);
#9638=CARTESIAN_POINT('',(-12.2,13.364005738,-12.354891769));
#9639=VERTEX_POINT('',#9638);
#9640=CARTESIAN_POINT('',(-12.2,-0.,-0.));
#9641=DIRECTION('',(1.,0.,0.));
#9642=DIRECTION('',(0.,-0.781831482,-0.623489802));
#9643=AXIS2_PLACEMENT_3D('',#9640,#9641,#9642);
#9644=CIRCLE('',#9643,18.2);
#9645=EDGE_CURVE('',#9631,#9639,#9644,.T.);
#9646=ORIENTED_EDGE('',*,*,#9645,.T.);
#9647=CARTESIAN_POINT('',(-12.2,13.364005738,-12.354891769));
#9648=DIRECTION('',(1.,0.,0.));
#9649=VECTOR('',#9648,11.4);
#9650=LINE('',#9647,#9649);
#9651=EDGE_CURVE('',#9639,#9622,#9650,.T.);
#9652=ORIENTED_EDGE('',*,*,#9651,.T.);
#9653=EDGE_LOOP('',(#9629,#9637,#9646,#9652));
#9654=FACE_BOUND('',#9653,.T.);
#9655=ADVANCED_FACE('',(#9654),#9618,.T.);
#9656=CARTESIAN_POINT('',(-12.5,13.537787649,-12.164222357));
#9657=DIRECTION('',(-0.,0.781831482,0.623489802));
#9658=DIRECTION('',(-0.,-0.623489802,0.781831482));
#9659=AXIS2_PLACEMENT_3D('',#9656,#9657,#9658);
#9660=PLANE('',#9659);
#9661=CARTESIAN_POINT('',(-0.8,13.378269374,-11.964192767));
#9662=VERTEX_POINT('',#9661);
#9663=CARTESIAN_POINT('',(-0.8,12.620787979,-11.014341141));
#9664=VERTEX_POINT('',#9663);
#9665=CARTESIAN_POINT('',(-0.8,13.378269374,-11.964192767));
#9666=DIRECTION('',(-0.,-0.623489802,0.781831482));
#9667=VECTOR('',#9666,1.214905829);
#9668=LINE('',#9665,#9667);
#9669=EDGE_CURVE('',#9662,#9664,#9668,.T.);
#9670=ORIENTED_EDGE('',*,*,#9669,.F.);
#9671=CARTESIAN_POINT('',(-12.2,13.378269374,-11.964192767));
#9672=VERTEX_POINT('',#9671);
#9673=CARTESIAN_POINT('',(-12.2,13.378269374,-11.964192767));
#9674=DIRECTION('',(1.,0.,0.));
#9675=VECTOR('',#9674,11.4);
#9676=LINE('',#9673,#9675);
#9677=EDGE_CURVE('',#9672,#9662,#9676,.T.);
#9678=ORIENTED_EDGE('',*,*,#9677,.F.);
#9679=CARTESIAN_POINT('',(-12.2,12.620787979,-11.014341141));
#9680=VERTEX_POINT('',#9679);
#9681=CARTESIAN_POINT('',(-12.2,13.378269374,-11.964192767));
#9682=DIRECTION('',(-0.,-0.623489802,0.781831482));
#9683=VECTOR('',#9682,1.214905829);
#9684=LINE('',#9681,#9683);
#9685=EDGE_CURVE('',#9672,#9680,#9684,.T.);
#9686=ORIENTED_EDGE('',*,*,#9685,.T.);
#9687=CARTESIAN_POINT('',(-12.2,12.620787979,-11.014341141));
#9688=DIRECTION('',(1.,0.,0.));
#9689=VECTOR('',#9688,11.4);
#9690=LINE('',#9687,#9689);
#9691=EDGE_CURVE('',#9680,#9664,#9690,.T.);
#9692=ORIENTED_EDGE('',*,*,#9691,.T.);
#9693=EDGE_LOOP('',(#9670,#9678,#9686,#9692));
#9694=FACE_BOUND('',#9693,.T.);
#9695=ADVANCED_FACE('',(#9694),#9660,.T.);
#9696=CARTESIAN_POINT('',(-12.5,-0.,-0.));
#9697=DIRECTION('',(-1.,-0.,-0.));
#9698=DIRECTION('',(0.,0.75598732,-0.65458626));
#9699=AXIS2_PLACEMENT_3D('',#9696,#9697,#9698);
#9700=CYLINDRICAL_SURFACE('',#9699,16.4);
#9701=CARTESIAN_POINT('',(-0.8,12.163731256,-11.000165542));
#9702=VERTEX_POINT('',#9701);
#9703=CARTESIAN_POINT('',(-0.8,8.017683586,-14.306528227));
#9704=VERTEX_POINT('',#9703);
#9705=CARTESIAN_POINT('',(-0.8,-0.,-0.));
#9706=DIRECTION('',(-1.,-0.,-0.));
#9707=DIRECTION('',(-0.,0.781831482,0.623489802));
#9708=AXIS2_PLACEMENT_3D('',#9705,#9706,#9707);
#9709=CIRCLE('',#9708,16.4);
#9710=EDGE_CURVE('',#9702,#9704,#9709,.T.);
#9711=ORIENTED_EDGE('',*,*,#9710,.F.);
#9712=CARTESIAN_POINT('',(-12.2,12.163731256,-11.000165542));
#9713=VERTEX_POINT('',#9712);
#9714=CARTESIAN_POINT('',(-12.2,12.163731256,-11.000165542));
#9715=DIRECTION('',(1.,0.,0.));
#9716=VECTOR('',#9715,11.4);
#9717=LINE('',#9714,#9716);
#9718=EDGE_CURVE('',#9713,#9702,#9717,.T.);
#9719=ORIENTED_EDGE('',*,*,#9718,.F.);
#9720=CARTESIAN_POINT('',(-12.2,8.017683586,-14.306528227));
#9721=VERTEX_POINT('',#9720);
#9722=CARTESIAN_POINT('',(-12.2,-0.,-0.));
#9723=DIRECTION('',(-1.,-0.,-0.));
#9724=DIRECTION('',(-0.,0.781831482,0.623489802));
#9725=AXIS2_PLACEMENT_3D('',#9722,#9723,#9724);
#9726=CIRCLE('',#9725,16.4);
#9727=EDGE_CURVE('',#9713,#9721,#9726,.T.);
#9728=ORIENTED_EDGE('',*,*,#9727,.T.);
#9729=CARTESIAN_POINT('',(-12.2,8.017683586,-14.306528227));
#9730=DIRECTION('',(1.,0.,0.));
#9731=VECTOR('',#9730,11.4);
#9732=LINE('',#9729,#9731);
#9733=EDGE_CURVE('',#9721,#9704,#9732,.T.);
#9734=ORIENTED_EDGE('',*,*,#9733,.T.);
#9735=EDGE_LOOP('',(#9711,#9719,#9728,#9734));
#9736=FACE_BOUND('',#9735,.T.);
#9737=ADVANCED_FACE('',(#9736),#9700,.F.);
#9738=CARTESIAN_POINT('',(-12.5,7.707203151,-14.47615348));
#9739=DIRECTION('',(0.,-0.781831482,-0.623489802));
#9740=DIRECTION('',(0.,0.623489802,-0.781831482));
#9741=AXIS2_PLACEMENT_3D('',#9738,#9739,#9740);
#9742=PLANE('',#9741);
#9743=CARTESIAN_POINT('',(-0.8,7.929799085,-14.755279953));
#9744=VERTEX_POINT('',#9743);
#9745=CARTESIAN_POINT('',(-0.8,8.687280479,-15.705131578));
#9746=VERTEX_POINT('',#9745);
#9747=CARTESIAN_POINT('',(-0.8,7.929799085,-14.755279953));
#9748=DIRECTION('',(0.,0.623489802,-0.781831482));
#9749=VECTOR('',#9748,1.214905829);
#9750=LINE('',#9747,#9749);
#9751=EDGE_CURVE('',#9744,#9746,#9750,.T.);
#9752=ORIENTED_EDGE('',*,*,#9751,.F.);
#9753=CARTESIAN_POINT('',(-12.2,7.929799085,-14.755279953));
#9754=VERTEX_POINT('',#9753);
#9755=CARTESIAN_POINT('',(-12.2,7.929799085,-14.755279953));
#9756=DIRECTION('',(1.,0.,0.));
#9757=VECTOR('',#9756,11.4);
#9758=LINE('',#9755,#9757);
#9759=EDGE_CURVE('',#9754,#9744,#9758,.T.);
#9760=ORIENTED_EDGE('',*,*,#9759,.F.);
#9761=CARTESIAN_POINT('',(-12.2,8.687280479,-15.705131578));
#9762=VERTEX_POINT('',#9761);
#9763=CARTESIAN_POINT('',(-12.2,7.929799085,-14.755279953));
#9764=DIRECTION('',(0.,0.623489802,-0.781831482));
#9765=VECTOR('',#9764,1.214905829);
#9766=LINE('',#9763,#9765);
#9767=EDGE_CURVE('',#9754,#9762,#9766,.T.);
#9768=ORIENTED_EDGE('',*,*,#9767,.T.);
#9769=CARTESIAN_POINT('',(-12.2,8.687280479,-15.705131578));
#9770=DIRECTION('',(1.,0.,0.));
#9771=VECTOR('',#9770,11.4);
#9772=LINE('',#9769,#9771);
#9773=EDGE_CURVE('',#9762,#9746,#9772,.T.);
#9774=ORIENTED_EDGE('',*,*,#9773,.T.);
#9775=EDGE_LOOP('',(#9752,#9760,#9768,#9774));
#9776=FACE_BOUND('',#9775,.T.);
#9777=ADVANCED_FACE('',(#9776),#9742,.T.);
#9778=CARTESIAN_POINT('',(-0.5,-0.,-0.));
#9779=DIRECTION('',(1.,0.,0.));
#9780=DIRECTION('',(0.,-0.781831482,-0.623489802));
#9781=AXIS2_PLACEMENT_3D('',#9778,#9779,#9780);
#9782=PLANE('',#9781);
#9783=CARTESIAN_POINT('',(-0.5,8.921829924,-15.518084637));
#9784=VERTEX_POINT('',#9783);
#9785=CARTESIAN_POINT('',(-0.5,13.143719929,-12.151239707));
#9786=VERTEX_POINT('',#9785);
#9787=CARTESIAN_POINT('',(-0.5,-0.,-0.));
#9788=DIRECTION('',(1.,0.,0.));
#9789=DIRECTION('',(0.,-0.781831482,-0.623489802));
#9790=AXIS2_PLACEMENT_3D('',#9787,#9788,#9789);
#9791=CIRCLE('',#9790,17.9);
#9792=EDGE_CURVE('',#9784,#9786,#9791,.T.);
#9793=ORIENTED_EDGE('',*,*,#9792,.T.);
#9794=CARTESIAN_POINT('',(-0.5,12.386238535,-11.201388082));
#9795=VERTEX_POINT('',#9794);
#9796=CARTESIAN_POINT('',(-0.5,13.143719929,-12.151239707));
#9797=DIRECTION('',(-0.,-0.623489802,0.781831482));
#9798=VECTOR('',#9797,1.214905829);
#9799=LINE('',#9796,#9798);
#9800=EDGE_CURVE('',#9786,#9795,#9799,.T.);
#9801=ORIENTED_EDGE('',*,*,#9800,.T.);
#9802=CARTESIAN_POINT('',(-0.5,8.164348529,-14.568233012));
#9803=VERTEX_POINT('',#9802);
#9804=CARTESIAN_POINT('',(-0.5,-0.,-0.));
#9805=DIRECTION('',(-1.,-0.,-0.));
#9806=DIRECTION('',(-0.,0.781831482,0.623489802));
#9807=AXIS2_PLACEMENT_3D('',#9804,#9805,#9806);
#9808=CIRCLE('',#9807,16.7);
#9809=EDGE_CURVE('',#9795,#9803,#9808,.T.);
#9810=ORIENTED_EDGE('',*,*,#9809,.T.);
#9811=CARTESIAN_POINT('',(-0.5,8.164348529,-14.568233012));
#9812=DIRECTION('',(0.,0.623489802,-0.781831482));
#9813=VECTOR('',#9812,1.214905829);
#9814=LINE('',#9811,#9813);
#9815=EDGE_CURVE('',#9803,#9784,#9814,.T.);
#9816=ORIENTED_EDGE('',*,*,#9815,.T.);
#9817=EDGE_LOOP('',(#9793,#9801,#9810,#9816));
#9818=FACE_BOUND('',#9817,.T.);
#9819=ADVANCED_FACE('',(#9818),#9782,.T.);
#9820=CARTESIAN_POINT('',(-12.5,-0.,-0.));
#9821=DIRECTION('',(1.,0.,0.));
#9822=DIRECTION('',(0.,-0.781831482,-0.623489802));
#9823=AXIS2_PLACEMENT_3D('',#9820,#9821,#9822);
#9824=PLANE('',#9823);
#9825=CARTESIAN_POINT('',(-12.5,8.921829924,-15.518084637));
#9826=VERTEX_POINT('',#9825);
#9827=CARTESIAN_POINT('',(-12.5,13.143719929,-12.151239707));
#9828=VERTEX_POINT('',#9827);
#9829=CARTESIAN_POINT('',(-12.5,-0.,-0.));
#9830=DIRECTION('',(1.,0.,0.));
#9831=DIRECTION('',(0.,-0.781831482,-0.623489802));
#9832=AXIS2_PLACEMENT_3D('',#9829,#9830,#9831);
#9833=CIRCLE('',#9832,17.9);
#9834=EDGE_CURVE('',#9826,#9828,#9833,.T.);
#9835=ORIENTED_EDGE('',*,*,#9834,.F.);
#9836=CARTESIAN_POINT('',(-12.5,8.164348529,-14.568233012));
#9837=VERTEX_POINT('',#9836);
#9838=CARTESIAN_POINT('',(-12.5,8.164348529,-14.568233012));
#9839=DIRECTION('',(0.,0.623489802,-0.781831482));
#9840=VECTOR('',#9839,1.214905829);
#9841=LINE('',#9838,#9840);
#9842=EDGE_CURVE('',#9837,#9826,#9841,.T.);
#9843=ORIENTED_EDGE('',*,*,#9842,.F.);
#9844=CARTESIAN_POINT('',(-12.5,12.386238535,-11.201388082));
#9845=VERTEX_POINT('',#9844);
#9846=CARTESIAN_POINT('',(-12.5,-0.,-0.));
#9847=DIRECTION('',(-1.,-0.,-0.));
#9848=DIRECTION('',(-0.,0.781831482,0.623489802));
#9849=AXIS2_PLACEMENT_3D('',#9846,#9847,#9848);
#9850=CIRCLE('',#9849,16.7);
#9851=EDGE_CURVE('',#9845,#9837,#9850,.T.);
#9852=ORIENTED_EDGE('',*,*,#9851,.F.);
#9853=CARTESIAN_POINT('',(-12.5,13.143719929,-12.151239707));
#9854=DIRECTION('',(-0.,-0.623489802,0.781831482));
#9855=VECTOR('',#9854,1.214905829);
#9856=LINE('',#9853,#9855);
#9857=EDGE_CURVE('',#9828,#9845,#9856,.T.);
#9858=ORIENTED_EDGE('',*,*,#9857,.F.);
#9859=EDGE_LOOP('',(#9835,#9843,#9852,#9858));
#9860=FACE_BOUND('',#9859,.T.);
#9861=ADVANCED_FACE('',(#9860),#9824,.F.);
#9862=CARTESIAN_POINT('',(-13.1,13.143719929,-12.151239707));
#9863=DIRECTION('',(-1.,-0.,-0.));
#9864=DIRECTION('',(-0.,0.781831482,0.623489802));
#9865=AXIS2_PLACEMENT_3D('',#9862,#9863,#9864);
#9866=CYLINDRICAL_SURFACE('',#9865,0.3);
#9867=CARTESIAN_POINT('',(-0.8,13.143719929,-12.151239707));
#9868=DIRECTION('',(-1.,-0.,-0.));
#9869=DIRECTION('',(-0.,0.781831482,0.623489802));
#9870=AXIS2_PLACEMENT_3D('',#9867,#9868,#9869);
#9871=CIRCLE('',#9870,0.3);
#9872=EDGE_CURVE('',#9662,#9622,#9871,.T.);
#9873=ORIENTED_EDGE('',*,*,#9872,.T.);
#9874=ORIENTED_EDGE('',*,*,#9651,.F.);
#9875=CARTESIAN_POINT('',(-12.2,13.143719929,-12.151239707));
#9876=DIRECTION('',(1.,0.,0.));
#9877=DIRECTION('',(-0.,0.781831482,0.623489802));
#9878=AXIS2_PLACEMENT_3D('',#9875,#9876,#9877);
#9879=CIRCLE('',#9878,0.3);
#9880=EDGE_CURVE('',#9639,#9672,#9879,.T.);
#9881=ORIENTED_EDGE('',*,*,#9880,.T.);
#9882=ORIENTED_EDGE('',*,*,#9677,.T.);
#9883=EDGE_LOOP('',(#9873,#9874,#9881,#9882));
#9884=FACE_BOUND('',#9883,.T.);
#9885=ADVANCED_FACE('',(#9884),#9866,.T.);
#9886=CARTESIAN_POINT('',(-13.1,8.921829924,-15.518084637));
#9887=DIRECTION('',(-1.,-0.,-0.));
#9888=DIRECTION('',(0.,0.498426253,-0.866932103));
#9889=AXIS2_PLACEMENT_3D('',#9886,#9887,#9888);
#9890=CYLINDRICAL_SURFACE('',#9889,0.3);
#9891=CARTESIAN_POINT('',(-0.8,8.921829924,-15.518084637));
#9892=DIRECTION('',(-1.,-0.,-0.));
#9893=DIRECTION('',(-0.,0.781831482,0.623489802));
#9894=AXIS2_PLACEMENT_3D('',#9891,#9892,#9893);
#9895=CIRCLE('',#9894,0.3);
#9896=EDGE_CURVE('',#9620,#9746,#9895,.T.);
#9897=ORIENTED_EDGE('',*,*,#9896,.T.);
#9898=ORIENTED_EDGE('',*,*,#9773,.F.);
#9899=CARTESIAN_POINT('',(-12.2,8.921829924,-15.518084637));
#9900=DIRECTION('',(1.,0.,0.));
#9901=DIRECTION('',(-0.,0.781831482,0.623489802));
#9902=AXIS2_PLACEMENT_3D('',#9899,#9900,#9901);
#9903=CIRCLE('',#9902,0.3);
#9904=EDGE_CURVE('',#9762,#9631,#9903,.T.);
#9905=ORIENTED_EDGE('',*,*,#9904,.T.);
#9906=ORIENTED_EDGE('',*,*,#9636,.T.);
#9907=EDGE_LOOP('',(#9897,#9898,#9905,#9906));
#9908=FACE_BOUND('',#9907,.T.);
#9909=ADVANCED_FACE('',(#9908),#9890,.T.);
#9910=CARTESIAN_POINT('',(-13.1,12.386238535,-11.201388082));
#9911=DIRECTION('',(-1.,-0.,-0.));
#9912=DIRECTION('',(-0.,-0.74169093,0.670741801));
#9913=AXIS2_PLACEMENT_3D('',#9910,#9911,#9912);
#9914=CYLINDRICAL_SURFACE('',#9913,0.3);
#9915=CARTESIAN_POINT('',(-0.8,12.386238535,-11.201388082));
#9916=DIRECTION('',(-1.,-0.,-0.));
#9917=DIRECTION('',(-0.,0.781831482,0.623489802));
#9918=AXIS2_PLACEMENT_3D('',#9915,#9916,#9917);
#9919=CIRCLE('',#9918,0.3);
#9920=EDGE_CURVE('',#9702,#9664,#9919,.T.);
#9921=ORIENTED_EDGE('',*,*,#9920,.T.);
#9922=ORIENTED_EDGE('',*,*,#9691,.F.);
#9923=CARTESIAN_POINT('',(-12.2,12.386238535,-11.201388082));
#9924=DIRECTION('',(1.,0.,0.));
#9925=DIRECTION('',(-0.,0.781831482,0.623489802));
#9926=AXIS2_PLACEMENT_3D('',#9923,#9924,#9925);
#9927=CIRCLE('',#9926,0.3);
#9928=EDGE_CURVE('',#9680,#9713,#9927,.T.);
#9929=ORIENTED_EDGE('',*,*,#9928,.T.);
#9930=ORIENTED_EDGE('',*,*,#9718,.T.);
#9931=EDGE_LOOP('',(#9921,#9922,#9929,#9930));
#9932=FACE_BOUND('',#9931,.T.);
#9933=ADVANCED_FACE('',(#9932),#9914,.T.);
#9934=CARTESIAN_POINT('',(-13.1,8.164348529,-14.568233012));
#9935=DIRECTION('',(-1.,-0.,-0.));
#9936=DIRECTION('',(0.,-0.781831482,-0.623489802));
#9937=AXIS2_PLACEMENT_3D('',#9934,#9935,#9936);
#9938=CYLINDRICAL_SURFACE('',#9937,0.3);
#9939=CARTESIAN_POINT('',(-0.8,8.164348529,-14.568233012));
#9940=DIRECTION('',(-1.,-0.,-0.));
#9941=DIRECTION('',(-0.,0.781831482,0.623489802));
#9942=AXIS2_PLACEMENT_3D('',#9939,#9940,#9941);
#9943=CIRCLE('',#9942,0.3);
#9944=EDGE_CURVE('',#9744,#9704,#9943,.T.);
#9945=ORIENTED_EDGE('',*,*,#9944,.T.);
#9946=ORIENTED_EDGE('',*,*,#9733,.F.);
#9947=CARTESIAN_POINT('',(-12.2,8.164348529,-14.568233012));
#9948=DIRECTION('',(1.,0.,0.));
#9949=DIRECTION('',(-0.,0.781831482,0.623489802));
#9950=AXIS2_PLACEMENT_3D('',#9947,#9948,#9949);
#9951=CIRCLE('',#9950,0.3);
#9952=EDGE_CURVE('',#9721,#9754,#9951,.T.);
#9953=ORIENTED_EDGE('',*,*,#9952,.T.);
#9954=ORIENTED_EDGE('',*,*,#9759,.T.);
#9955=EDGE_LOOP('',(#9945,#9946,#9953,#9954));
#9956=FACE_BOUND('',#9955,.T.);
#9957=ADVANCED_FACE('',(#9956),#9938,.T.);
#9958=CARTESIAN_POINT('',(-12.2,-0.,-0.));
#9959=DIRECTION('',(1.,0.,0.));
#9960=DIRECTION('',(0.,0.469092538,-0.88314902));
#9961=AXIS2_PLACEMENT_3D('',#9958,#9959,#9960);
#9962=TOROIDAL_SURFACE('',#9961,17.9,0.3);
#9963=ORIENTED_EDGE('',*,*,#9645,.F.);
#9964=CARTESIAN_POINT('',(-12.2,8.921829924,-15.518084637));
#9965=DIRECTION('',(0.,-0.866932103,-0.498426253));
#9966=DIRECTION('',(-0.,-0.498426253,0.866932103));
#9967=AXIS2_PLACEMENT_3D('',#9964,#9965,#9966);
#9968=CIRCLE('',#9967,0.3);
#9969=EDGE_CURVE('',#9826,#9631,#9968,.T.);
#9970=ORIENTED_EDGE('',*,*,#9969,.F.);
#9971=ORIENTED_EDGE('',*,*,#9834,.T.);
#9972=CARTESIAN_POINT('',(-12.2,13.143719929,-12.151239707));
#9973=DIRECTION('',(0.,-0.678840207,-0.73428603));
#9974=DIRECTION('',(0.,0.73428603,-0.678840207));
#9975=AXIS2_PLACEMENT_3D('',#9972,#9973,#9974);
#9976=CIRCLE('',#9975,0.3);
#9977=EDGE_CURVE('',#9828,#9639,#9976,.T.);
#9978=ORIENTED_EDGE('',*,*,#9977,.T.);
#9979=EDGE_LOOP('',(#9963,#9970,#9971,#9978));
#9980=FACE_BOUND('',#9979,.T.);
#9981=ADVANCED_FACE('',(#9980),#9962,.T.);
#9982=CARTESIAN_POINT('',(-12.2,13.143719929,-12.151239707));
#9983=DIRECTION('',(-1.,-0.,-0.));
#9984=DIRECTION('',(-0.,0.781831482,0.623489802));
#9985=AXIS2_PLACEMENT_3D('',#9982,#9983,#9984);
#9986=SPHERICAL_SURFACE('',#9985,0.3);
#9987=CARTESIAN_POINT('',(-12.2,13.143719929,-12.151239707));
#9988=DIRECTION('',(0.,0.623489802,-0.781831482));
#9989=DIRECTION('',(-1.,-0.,-0.));
#9990=AXIS2_PLACEMENT_3D('',#9987,#9988,#9989);
#9991=CIRCLE('',#9990,0.3);
#9992=EDGE_CURVE('',#9828,#9672,#9991,.T.);
#9993=ORIENTED_EDGE('',*,*,#9992,.T.);
#9994=ORIENTED_EDGE('',*,*,#9880,.F.);
#9995=ORIENTED_EDGE('',*,*,#9977,.F.);
#9996=EDGE_LOOP('',(#9993,#9994,#9995));
#9997=FACE_BOUND('',#9996,.T.);
#9998=ADVANCED_FACE('',(#9997),#9986,.T.);
#9999=CARTESIAN_POINT('',(-12.2,13.891907691,-13.089437486));
#10000=DIRECTION('',(0.,0.623489802,-0.781831482));
#10001=DIRECTION('',(-1.,-0.,-0.));
#10002=AXIS2_PLACEMENT_3D('',#9999,#10000,#10001);
#10003=CYLINDRICAL_SURFACE('',#10002,0.3);
#10004=ORIENTED_EDGE('',*,*,#9685,.F.);
#10005=ORIENTED_EDGE('',*,*,#9992,.F.);
#10006=ORIENTED_EDGE('',*,*,#9857,.T.);
#10007=CARTESIAN_POINT('',(-12.2,12.386238535,-11.201388082));
#10008=DIRECTION('',(0.,0.623489802,-0.781831482));
#10009=DIRECTION('',(1.,0.,0.));
#10010=AXIS2_PLACEMENT_3D('',#10007,#10008,#10009);
#10011=CIRCLE('',#10010,0.3);
#10012=EDGE_CURVE('',#9845,#9680,#10011,.T.);
#10013=ORIENTED_EDGE('',*,*,#10012,.T.);
#10014=EDGE_LOOP('',(#10004,#10005,#10006,#10013));
#10015=FACE_BOUND('',#10014,.T.);
#10016=ADVANCED_FACE('',(#10015),#10003,.T.);
#10017=CARTESIAN_POINT('',(-12.2,12.386238535,-11.201388082));
#10018=DIRECTION('',(-1.,-0.,-0.));
#10019=DIRECTION('',(-0.,-0.74169093,0.670741801));
#10020=AXIS2_PLACEMENT_3D('',#10017,#10018,#10019);
#10021=SPHERICAL_SURFACE('',#10020,0.3);
#10022=ORIENTED_EDGE('',*,*,#9928,.F.);
#10023=ORIENTED_EDGE('',*,*,#10012,.F.);
#10024=CARTESIAN_POINT('',(-12.2,12.386238535,-11.201388082));
#10025=DIRECTION('',(-0.,0.670741801,0.74169093));
#10026=DIRECTION('',(0.,0.74169093,-0.670741801));
#10027=AXIS2_PLACEMENT_3D('',#10024,#10025,#10026);
#10028=CIRCLE('',#10027,0.3);
#10029=EDGE_CURVE('',#9845,#9713,#10028,.T.);
#10030=ORIENTED_EDGE('',*,*,#10029,.T.);
#10031=EDGE_LOOP('',(#10022,#10023,#10030));
#10032=FACE_BOUND('',#10031,.T.);
#10033=ADVANCED_FACE('',(#10032),#10021,.T.);
#10034=CARTESIAN_POINT('',(-12.2,-0.,-0.));
#10035=DIRECTION('',(-1.,-0.,-0.));
#10036=DIRECTION('',(0.,0.765305606,-0.643667095));
#10037=AXIS2_PLACEMENT_3D('',#10034,#10035,#10036);
#10038=TOROIDAL_SURFACE('',#10037,16.7,0.3);
#10039=ORIENTED_EDGE('',*,*,#9727,.F.);
#10040=ORIENTED_EDGE('',*,*,#10029,.F.);
#10041=ORIENTED_EDGE('',*,*,#9851,.T.);
#10042=CARTESIAN_POINT('',(-12.2,8.164348529,-14.568233012));
#10043=DIRECTION('',(-0.,0.872349282,0.488883145));
#10044=DIRECTION('',(-0.,-0.488883145,0.872349282));
#10045=AXIS2_PLACEMENT_3D('',#10042,#10043,#10044);
#10046=CIRCLE('',#10045,0.3);
#10047=EDGE_CURVE('',#9837,#9721,#10046,.T.);
#10048=ORIENTED_EDGE('',*,*,#10047,.T.);
#10049=EDGE_LOOP('',(#10039,#10040,#10041,#10048));
#10050=FACE_BOUND('',#10049,.T.);
#10051=ADVANCED_FACE('',(#10050),#10038,.T.);
#10052=CARTESIAN_POINT('',(-12.2,8.164348529,-14.568233012));
#10053=DIRECTION('',(-1.,-0.,-0.));
#10054=DIRECTION('',(0.,-0.781831482,-0.623489802));
#10055=AXIS2_PLACEMENT_3D('',#10052,#10053,#10054);
#10056=SPHERICAL_SURFACE('',#10055,0.3);
#10057=ORIENTED_EDGE('',*,*,#9952,.F.);
#10058=ORIENTED_EDGE('',*,*,#10047,.F.);
#10059=CARTESIAN_POINT('',(-12.2,8.164348529,-14.568233012));
#10060=DIRECTION('',(-0.,-0.623489802,0.781831482));
#10061=DIRECTION('',(1.,0.,0.));
#10062=AXIS2_PLACEMENT_3D('',#10059,#10060,#10061);
#10063=CIRCLE('',#10062,0.3);
#10064=EDGE_CURVE('',#9837,#9754,#10063,.T.);
#10065=ORIENTED_EDGE('',*,*,#10064,.T.);
#10066=EDGE_LOOP('',(#10057,#10058,#10065));
#10067=FACE_BOUND('',#10066,.T.);
#10068=ADVANCED_FACE('',(#10067),#10056,.T.);
#10069=CARTESIAN_POINT('',(-12.2,7.416160767,-13.630035233));
#10070=DIRECTION('',(-0.,-0.623489802,0.781831482));
#10071=DIRECTION('',(-1.,0.,0.));
#10072=AXIS2_PLACEMENT_3D('',#10069,#10070,#10071);
#10073=CYLINDRICAL_SURFACE('',#10072,0.3);
#10074=ORIENTED_EDGE('',*,*,#9767,.F.);
#10075=ORIENTED_EDGE('',*,*,#10064,.F.);
#10076=ORIENTED_EDGE('',*,*,#9842,.T.);
#10077=CARTESIAN_POINT('',(-12.2,8.921829924,-15.518084637));
#10078=DIRECTION('',(-0.,-0.623489802,0.781831482));
#10079=DIRECTION('',(-1.,-0.,-0.));
#10080=AXIS2_PLACEMENT_3D('',#10077,#10078,#10079);
#10081=CIRCLE('',#10080,0.3);
#10082=EDGE_CURVE('',#9826,#9762,#10081,.T.);
#10083=ORIENTED_EDGE('',*,*,#10082,.T.);
#10084=EDGE_LOOP('',(#10074,#10075,#10076,#10083));
#10085=FACE_BOUND('',#10084,.T.);
#10086=ADVANCED_FACE('',(#10085),#10073,.T.);
#10087=CARTESIAN_POINT('',(-12.2,8.921829924,-15.518084637));
#10088=DIRECTION('',(-1.,-0.,-0.));
#10089=DIRECTION('',(0.,0.498426253,-0.866932103));
#10090=AXIS2_PLACEMENT_3D('',#10087,#10088,#10089);
#10091=SPHERICAL_SURFACE('',#10090,0.3);
#10092=ORIENTED_EDGE('',*,*,#10082,.F.);
#10093=ORIENTED_EDGE('',*,*,#9969,.T.);
#10094=ORIENTED_EDGE('',*,*,#9904,.F.);
#10095=EDGE_LOOP('',(#10092,#10093,#10094));
#10096=FACE_BOUND('',#10095,.T.);
#10097=ADVANCED_FACE('',(#10096),#10091,.T.);
#10098=CARTESIAN_POINT('',(-0.8,-0.,-0.));
#10099=DIRECTION('',(1.,0.,0.));
#10100=DIRECTION('',(0.,0.469092538,-0.88314902));
#10101=AXIS2_PLACEMENT_3D('',#10098,#10099,#10100);
#10102=TOROIDAL_SURFACE('',#10101,17.9,0.3);
#10103=ORIENTED_EDGE('',*,*,#9628,.T.);
#10104=CARTESIAN_POINT('',(-0.8,13.143719929,-12.151239707));
#10105=DIRECTION('',(0.,-0.678840207,-0.73428603));
#10106=DIRECTION('',(0.,0.73428603,-0.678840207));
#10107=AXIS2_PLACEMENT_3D('',#10104,#10105,#10106);
#10108=CIRCLE('',#10107,0.3);
#10109=EDGE_CURVE('',#9622,#9786,#10108,.T.);
#10110=ORIENTED_EDGE('',*,*,#10109,.T.);
#10111=ORIENTED_EDGE('',*,*,#9792,.F.);
#10112=CARTESIAN_POINT('',(-0.8,8.921829924,-15.518084637));
#10113=DIRECTION('',(0.,-0.866932103,-0.498426253));
#10114=DIRECTION('',(0.,0.498426253,-0.866932103));
#10115=AXIS2_PLACEMENT_3D('',#10112,#10113,#10114);
#10116=CIRCLE('',#10115,0.3);
#10117=EDGE_CURVE('',#9620,#9784,#10116,.T.);
#10118=ORIENTED_EDGE('',*,*,#10117,.F.);
#10119=EDGE_LOOP('',(#10103,#10110,#10111,#10118));
#10120=FACE_BOUND('',#10119,.T.);
#10121=ADVANCED_FACE('',(#10120),#10102,.T.);
#10122=CARTESIAN_POINT('',(-0.8,13.143719929,-12.151239707));
#10123=DIRECTION('',(1.,0.,0.));
#10124=DIRECTION('',(0.,0.73428603,-0.678840207));
#10125=AXIS2_PLACEMENT_3D('',#10122,#10123,#10124);
#10126=SPHERICAL_SURFACE('',#10125,0.3);
#10127=ORIENTED_EDGE('',*,*,#10109,.F.);
#10128=ORIENTED_EDGE('',*,*,#9872,.F.);
#10129=CARTESIAN_POINT('',(-0.8,13.143719929,-12.151239707));
#10130=DIRECTION('',(0.,0.623489802,-0.781831482));
#10131=DIRECTION('',(-0.,0.781831482,0.623489802));
#10132=AXIS2_PLACEMENT_3D('',#10129,#10130,#10131);
#10133=CIRCLE('',#10132,0.3);
#10134=EDGE_CURVE('',#9662,#9786,#10133,.T.);
#10135=ORIENTED_EDGE('',*,*,#10134,.T.);
#10136=EDGE_LOOP('',(#10127,#10128,#10135));
#10137=FACE_BOUND('',#10136,.T.);
#10138=ADVANCED_FACE('',(#10137),#10126,.T.);
#10139=CARTESIAN_POINT('',(-0.8,13.891907691,-13.089437486));
#10140=DIRECTION('',(-0.,-0.623489802,0.781831482));
#10141=DIRECTION('',(1.,0.,0.));
#10142=AXIS2_PLACEMENT_3D('',#10139,#10140,#10141);
#10143=CYLINDRICAL_SURFACE('',#10142,0.3);
#10144=ORIENTED_EDGE('',*,*,#9669,.T.);
#10145=CARTESIAN_POINT('',(-0.8,12.386238535,-11.201388082));
#10146=DIRECTION('',(0.,0.623489802,-0.781831482));
#10147=DIRECTION('',(-1.,-0.,-0.));
#10148=AXIS2_PLACEMENT_3D('',#10145,#10146,#10147);
#10149=CIRCLE('',#10148,0.3);
#10150=EDGE_CURVE('',#9664,#9795,#10149,.T.);
#10151=ORIENTED_EDGE('',*,*,#10150,.T.);
#10152=ORIENTED_EDGE('',*,*,#9800,.F.);
#10153=ORIENTED_EDGE('',*,*,#10134,.F.);
#10154=EDGE_LOOP('',(#10144,#10151,#10152,#10153));
#10155=FACE_BOUND('',#10154,.T.);
#10156=ADVANCED_FACE('',(#10155),#10143,.T.);
#10157=CARTESIAN_POINT('',(-0.8,12.386238535,-11.201388082));
#10158=DIRECTION('',(1.,0.,0.));
#10159=DIRECTION('',(-0.,0.781831482,0.623489802));
#10160=AXIS2_PLACEMENT_3D('',#10157,#10158,#10159);
#10161=SPHERICAL_SURFACE('',#10160,0.3);
#10162=CARTESIAN_POINT('',(-0.8,12.386238535,-11.201388082));
#10163=DIRECTION('',(-0.,0.670741801,0.74169093));
#10164=DIRECTION('',(-0.,-0.74169093,0.670741801));
#10165=AXIS2_PLACEMENT_3D('',#10162,#10163,#10164);
#10166=CIRCLE('',#10165,0.3);
#10167=EDGE_CURVE('',#9702,#9795,#10166,.T.);
#10168=ORIENTED_EDGE('',*,*,#10167,.T.);
#10169=ORIENTED_EDGE('',*,*,#10150,.F.);
#10170=ORIENTED_EDGE('',*,*,#9920,.F.);
#10171=EDGE_LOOP('',(#10168,#10169,#10170));
#10172=FACE_BOUND('',#10171,.T.);
#10173=ADVANCED_FACE('',(#10172),#10161,.T.);
#10174=CARTESIAN_POINT('',(-0.8,-0.,-0.));
#10175=DIRECTION('',(-1.,-0.,-0.));
#10176=DIRECTION('',(0.,0.765305606,-0.643667095));
#10177=AXIS2_PLACEMENT_3D('',#10174,#10175,#10176);
#10178=TOROIDAL_SURFACE('',#10177,16.7,0.3);
#10179=ORIENTED_EDGE('',*,*,#9710,.T.);
#10180=CARTESIAN_POINT('',(-0.8,8.164348529,-14.568233012));
#10181=DIRECTION('',(-0.,0.872349282,0.488883145));
#10182=DIRECTION('',(-0.,-0.488883145,0.872349282));
#10183=AXIS2_PLACEMENT_3D('',#10180,#10181,#10182);
#10184=CIRCLE('',#10183,0.3);
#10185=EDGE_CURVE('',#9704,#9803,#10184,.T.);
#10186=ORIENTED_EDGE('',*,*,#10185,.T.);
#10187=ORIENTED_EDGE('',*,*,#9809,.F.);
#10188=ORIENTED_EDGE('',*,*,#10167,.F.);
#10189=EDGE_LOOP('',(#10179,#10186,#10187,#10188));
#10190=FACE_BOUND('',#10189,.T.);
#10191=ADVANCED_FACE('',(#10190),#10178,.T.);
#10192=CARTESIAN_POINT('',(-0.8,8.164348529,-14.568233012));
#10193=DIRECTION('',(1.,0.,0.));
#10194=DIRECTION('',(-0.,-0.488883145,0.872349282));
#10195=AXIS2_PLACEMENT_3D('',#10192,#10193,#10194);
#10196=SPHERICAL_SURFACE('',#10195,0.3);
#10197=CARTESIAN_POINT('',(-0.8,8.164348529,-14.568233012));
#10198=DIRECTION('',(-0.,-0.623489802,0.781831482));
#10199=DIRECTION('',(0.,-0.781831482,-0.623489802));
#10200=AXIS2_PLACEMENT_3D('',#10197,#10198,#10199);
#10201=CIRCLE('',#10200,0.3);
#10202=EDGE_CURVE('',#9744,#9803,#10201,.T.);
#10203=ORIENTED_EDGE('',*,*,#10202,.T.);
#10204=ORIENTED_EDGE('',*,*,#10185,.F.);
#10205=ORIENTED_EDGE('',*,*,#9944,.F.);
#10206=EDGE_LOOP('',(#10203,#10204,#10205));
#10207=FACE_BOUND('',#10206,.T.);
#10208=ADVANCED_FACE('',(#10207),#10196,.T.);
#10209=CARTESIAN_POINT('',(-0.8,7.416160767,-13.630035233));
#10210=DIRECTION('',(0.,0.623489802,-0.781831482));
#10211=DIRECTION('',(1.,0.,0.));
#10212=AXIS2_PLACEMENT_3D('',#10209,#10210,#10211);
#10213=CYLINDRICAL_SURFACE('',#10212,0.3);
#10214=ORIENTED_EDGE('',*,*,#9751,.T.);
#10215=CARTESIAN_POINT('',(-0.8,8.921829924,-15.518084637));
#10216=DIRECTION('',(-0.,-0.623489802,0.781831482));
#10217=DIRECTION('',(1.,-0.,0.));
#10218=AXIS2_PLACEMENT_3D('',#10215,#10216,#10217);
#10219=CIRCLE('',#10218,0.3);
#10220=EDGE_CURVE('',#9746,#9784,#10219,.T.);
#10221=ORIENTED_EDGE('',*,*,#10220,.T.);
#10222=ORIENTED_EDGE('',*,*,#9815,.F.);
#10223=ORIENTED_EDGE('',*,*,#10202,.F.);
#10224=EDGE_LOOP('',(#10214,#10221,#10222,#10223));
#10225=FACE_BOUND('',#10224,.T.);
#10226=ADVANCED_FACE('',(#10225),#10213,.T.);
#10227=CARTESIAN_POINT('',(-0.8,8.921829924,-15.518084637));
#10228=DIRECTION('',(1.,0.,0.));
#10229=DIRECTION('',(0.,-0.781831482,-0.623489802));
#10230=AXIS2_PLACEMENT_3D('',#10227,#10228,#10229);
#10231=SPHERICAL_SURFACE('',#10230,0.3);
#10232=ORIENTED_EDGE('',*,*,#9896,.F.);
#10233=ORIENTED_EDGE('',*,*,#10117,.T.);
#10234=ORIENTED_EDGE('',*,*,#10220,.F.);
#10235=EDGE_LOOP('',(#10232,#10233,#10234));
#10236=FACE_BOUND('',#10235,.T.);
#10237=ADVANCED_FACE('',(#10236),#10231,.T.);
#10238=CLOSED_SHELL('',(#9655,#9695,#9737,#9777,#9819,#9861,#9885,#9909,#9933,#9957,#9981,#9998,#10016,#10033,#10051,#10068,#10086,#10097,#10121,#10138,#10156,#10173,#10191,#10208,#10226,#10237));
#10239=MANIFOLD_SOLID_BREP('\X2\04220435043B043E\X0\_152 - \X2\0411041F041B0410\X0\32.20.03-01_153:1',#10238);
#9613=STYLED_ITEM('',(#5843),#10239);
#10241=CARTESIAN_POINT('',(-12.5,0.,-0.));
#10242=DIRECTION('',(1.,0.,0.));
#10243=DIRECTION('',(0.,-0.986321128,0.164835165));
#10244=AXIS2_PLACEMENT_3D('',#10241,#10242,#10243);
#10245=CYLINDRICAL_SURFACE('',#10244,18.2);
#10246=CARTESIAN_POINT('',(-0.8,-17.991764637,2.745251397));
#10247=VERTEX_POINT('',#10246);
#10248=CARTESIAN_POINT('',(-0.8,-17.991764637,-2.745251397));
#10249=VERTEX_POINT('',#10248);
#10250=CARTESIAN_POINT('',(-0.8,0.,-0.));
#10251=DIRECTION('',(1.,0.,0.));
#10252=DIRECTION('',(-0.,0.,1.));
#10253=AXIS2_PLACEMENT_3D('',#10250,#10251,#10252);
#10254=CIRCLE('',#10253,18.2);
#10255=EDGE_CURVE('',#10247,#10249,#10254,.T.);
#10256=ORIENTED_EDGE('',*,*,#10255,.F.);
#10257=CARTESIAN_POINT('',(-12.2,-17.991764637,2.745251397));
#10258=VERTEX_POINT('',#10257);
#10259=CARTESIAN_POINT('',(-12.2,-17.991764637,2.745251397));
#10260=DIRECTION('',(1.,0.,0.));
#10261=VECTOR('',#10260,11.4);
#10262=LINE('',#10259,#10261);
#10263=EDGE_CURVE('',#10258,#10247,#10262,.T.);
#10264=ORIENTED_EDGE('',*,*,#10263,.F.);
#10265=CARTESIAN_POINT('',(-12.2,-17.991764637,-2.745251397));
#10266=VERTEX_POINT('',#10265);
#10267=CARTESIAN_POINT('',(-12.2,0.,-0.));
#10268=DIRECTION('',(1.,0.,0.));
#10269=DIRECTION('',(-0.,0.,1.));
#10270=AXIS2_PLACEMENT_3D('',#10267,#10268,#10269);
#10271=CIRCLE('',#10270,18.2);
#10272=EDGE_CURVE('',#10258,#10266,#10271,.T.);
#10273=ORIENTED_EDGE('',*,*,#10272,.T.);
#10274=CARTESIAN_POINT('',(-12.2,-17.991764637,-2.745251397));
#10275=DIRECTION('',(1.,0.,0.));
#10276=VECTOR('',#10275,11.4);
#10277=LINE('',#10274,#10276);
#10278=EDGE_CURVE('',#10266,#10249,#10277,.T.);
#10279=ORIENTED_EDGE('',*,*,#10278,.T.);
#10280=EDGE_LOOP('',(#10256,#10264,#10273,#10279));
#10281=FACE_BOUND('',#10280,.T.);
#10282=ADVANCED_FACE('',(#10281),#10245,.T.);
#10283=CARTESIAN_POINT('',(-12.5,-17.951044538,-3.));
#10284=DIRECTION('',(0.,-0.,-1.));
#10285=DIRECTION('',(-0.,1.,-0.));
#10286=AXIS2_PLACEMENT_3D('',#10283,#10284,#10285);
#10287=PLANE('',#10286);
#10288=CARTESIAN_POINT('',(-0.8,-17.695197088,-3.));
#10289=VERTEX_POINT('',#10288);
#10290=CARTESIAN_POINT('',(-0.8,-16.48029126,-3.));
#10291=VERTEX_POINT('',#10290);
#10292=CARTESIAN_POINT('',(-0.8,-17.695197088,-3.));
#10293=DIRECTION('',(-0.,1.,-0.));
#10294=VECTOR('',#10293,1.214905829);
#10295=LINE('',#10292,#10294);
#10296=EDGE_CURVE('',#10289,#10291,#10295,.T.);
#10297=ORIENTED_EDGE('',*,*,#10296,.F.);
#10298=CARTESIAN_POINT('',(-12.2,-17.695197088,-3.));
#10299=VERTEX_POINT('',#10298);
#10300=CARTESIAN_POINT('',(-12.2,-17.695197088,-3.));
#10301=DIRECTION('',(1.,0.,0.));
#10302=VECTOR('',#10301,11.4);
#10303=LINE('',#10300,#10302);
#10304=EDGE_CURVE('',#10299,#10289,#10303,.T.);
#10305=ORIENTED_EDGE('',*,*,#10304,.F.);
#10306=CARTESIAN_POINT('',(-12.2,-16.48029126,-3.));
#10307=VERTEX_POINT('',#10306);
#10308=CARTESIAN_POINT('',(-12.2,-17.695197088,-3.));
#10309=DIRECTION('',(-0.,1.,-0.));
#10310=VECTOR('',#10309,1.214905829);
#10311=LINE('',#10308,#10310);
#10312=EDGE_CURVE('',#10299,#10307,#10311,.T.);
#10313=ORIENTED_EDGE('',*,*,#10312,.T.);
#10314=CARTESIAN_POINT('',(-12.2,-16.48029126,-3.));
#10315=DIRECTION('',(1.,0.,0.));
#10316=VECTOR('',#10315,11.4);
#10317=LINE('',#10314,#10316);
#10318=EDGE_CURVE('',#10307,#10291,#10317,.T.);
#10319=ORIENTED_EDGE('',*,*,#10318,.T.);
#10320=EDGE_LOOP('',(#10297,#10305,#10313,#10319));
#10321=FACE_BOUND('',#10320,.T.);
#10322=ADVANCED_FACE('',(#10321),#10287,.T.);
#10323=CARTESIAN_POINT('',(-12.5,0.,-0.));
#10324=DIRECTION('',(-1.,-0.,-0.));
#10325=DIRECTION('',(0.,-0.983126531,-0.182926829));
#10326=AXIS2_PLACEMENT_3D('',#10323,#10324,#10325);
#10327=CYLINDRICAL_SURFACE('',#10326,16.4);
#10328=CARTESIAN_POINT('',(-0.8,-16.184238123,-2.651497006));
#10329=VERTEX_POINT('',#10328);
#10330=CARTESIAN_POINT('',(-0.8,-16.184238123,2.651497006));
#10331=VERTEX_POINT('',#10330);
#10332=CARTESIAN_POINT('',(-0.8,0.,-0.));
#10333=DIRECTION('',(-1.,-0.,-0.));
#10334=DIRECTION('',(0.,-0.,-1.));
#10335=AXIS2_PLACEMENT_3D('',#10332,#10333,#10334);
#10336=CIRCLE('',#10335,16.4);
#10337=EDGE_CURVE('',#10329,#10331,#10336,.T.);
#10338=ORIENTED_EDGE('',*,*,#10337,.F.);
#10339=CARTESIAN_POINT('',(-12.2,-16.184238123,-2.651497006));
#10340=VERTEX_POINT('',#10339);
#10341=CARTESIAN_POINT('',(-12.2,-16.184238123,-2.651497006));
#10342=DIRECTION('',(1.,0.,0.));
#10343=VECTOR('',#10342,11.4);
#10344=LINE('',#10341,#10343);
#10345=EDGE_CURVE('',#10340,#10329,#10344,.T.);
#10346=ORIENTED_EDGE('',*,*,#10345,.F.);
#10347=CARTESIAN_POINT('',(-12.2,-16.184238123,2.651497006));
#10348=VERTEX_POINT('',#10347);
#10349=CARTESIAN_POINT('',(-12.2,0.,-0.));
#10350=DIRECTION('',(-1.,-0.,-0.));
#10351=DIRECTION('',(0.,-0.,-1.));
#10352=AXIS2_PLACEMENT_3D('',#10349,#10350,#10351);
#10353=CIRCLE('',#10352,16.4);
#10354=EDGE_CURVE('',#10340,#10348,#10353,.T.);
#10355=ORIENTED_EDGE('',*,*,#10354,.T.);
#10356=CARTESIAN_POINT('',(-12.2,-16.184238123,2.651497006));
#10357=DIRECTION('',(1.,0.,0.));
#10358=VECTOR('',#10357,11.4);
#10359=LINE('',#10356,#10358);
#10360=EDGE_CURVE('',#10348,#10331,#10359,.T.);
#10361=ORIENTED_EDGE('',*,*,#10360,.T.);
#10362=EDGE_LOOP('',(#10338,#10346,#10355,#10361));
#10363=FACE_BOUND('',#10362,.T.);
#10364=ADVANCED_FACE('',(#10363),#10327,.F.);
#10365=CARTESIAN_POINT('',(-12.5,-16.123275102,3.));
#10366=DIRECTION('',(-0.,0.,1.));
#10367=DIRECTION('',(0.,-1.,0.));
#10368=AXIS2_PLACEMENT_3D('',#10365,#10366,#10367);
#10369=PLANE('',#10368);
#10370=CARTESIAN_POINT('',(-0.8,-16.48029126,3.));
#10371=VERTEX_POINT('',#10370);
#10372=CARTESIAN_POINT('',(-0.8,-17.695197088,3.));
#10373=VERTEX_POINT('',#10372);
#10374=CARTESIAN_POINT('',(-0.8,-16.48029126,3.));
#10375=DIRECTION('',(0.,-1.,0.));
#10376=VECTOR('',#10375,1.214905829);
#10377=LINE('',#10374,#10376);
#10378=EDGE_CURVE('',#10371,#10373,#10377,.T.);
#10379=ORIENTED_EDGE('',*,*,#10378,.F.);
#10380=CARTESIAN_POINT('',(-12.2,-16.48029126,3.));
#10381=VERTEX_POINT('',#10380);
#10382=CARTESIAN_POINT('',(-12.2,-16.48029126,3.));
#10383=DIRECTION('',(1.,0.,0.));
#10384=VECTOR('',#10383,11.4);
#10385=LINE('',#10382,#10384);
#10386=EDGE_CURVE('',#10381,#10371,#10385,.T.);
#10387=ORIENTED_EDGE('',*,*,#10386,.F.);
#10388=CARTESIAN_POINT('',(-12.2,-17.695197088,3.));
#10389=VERTEX_POINT('',#10388);
#10390=CARTESIAN_POINT('',(-12.2,-16.48029126,3.));
#10391=DIRECTION('',(0.,-1.,0.));
#10392=VECTOR('',#10391,1.214905829);
#10393=LINE('',#10390,#10392);
#10394=EDGE_CURVE('',#10381,#10389,#10393,.T.);
#10395=ORIENTED_EDGE('',*,*,#10394,.T.);
#10396=CARTESIAN_POINT('',(-12.2,-17.695197088,3.));
#10397=DIRECTION('',(1.,0.,0.));
#10398=VECTOR('',#10397,11.4);
#10399=LINE('',#10396,#10398);
#10400=EDGE_CURVE('',#10389,#10373,#10399,.T.);
#10401=ORIENTED_EDGE('',*,*,#10400,.T.);
#10402=EDGE_LOOP('',(#10379,#10387,#10395,#10401));
#10403=FACE_BOUND('',#10402,.T.);
#10404=ADVANCED_FACE('',(#10403),#10369,.T.);
#10405=CARTESIAN_POINT('',(-0.5,0.,-0.));
#10406=DIRECTION('',(1.,0.,0.));
#10407=DIRECTION('',(-0.,0.,1.));
#10408=AXIS2_PLACEMENT_3D('',#10405,#10406,#10407);
#10409=PLANE('',#10408);
#10410=CARTESIAN_POINT('',(-0.5,-17.695197088,2.7));
#10411=VERTEX_POINT('',#10410);
#10412=CARTESIAN_POINT('',(-0.5,-17.695197088,-2.7));
#10413=VERTEX_POINT('',#10412);
#10414=CARTESIAN_POINT('',(-0.5,0.,-0.));
#10415=DIRECTION('',(1.,0.,0.));
#10416=DIRECTION('',(-0.,0.,1.));
#10417=AXIS2_PLACEMENT_3D('',#10414,#10415,#10416);
#10418=CIRCLE('',#10417,17.9);
#10419=EDGE_CURVE('',#10411,#10413,#10418,.T.);
#10420=ORIENTED_EDGE('',*,*,#10419,.T.);
#10421=CARTESIAN_POINT('',(-0.5,-16.48029126,-2.7));
#10422=VERTEX_POINT('',#10421);
#10423=CARTESIAN_POINT('',(-0.5,-17.695197088,-2.7));
#10424=DIRECTION('',(-0.,1.,-0.));
#10425=VECTOR('',#10424,1.214905829);
#10426=LINE('',#10423,#10425);
#10427=EDGE_CURVE('',#10413,#10422,#10426,.T.);
#10428=ORIENTED_EDGE('',*,*,#10427,.T.);
#10429=CARTESIAN_POINT('',(-0.5,-16.48029126,2.7));
#10430=VERTEX_POINT('',#10429);
#10431=CARTESIAN_POINT('',(-0.5,0.,-0.));
#10432=DIRECTION('',(-1.,-0.,-0.));
#10433=DIRECTION('',(0.,-0.,-1.));
#10434=AXIS2_PLACEMENT_3D('',#10431,#10432,#10433);
#10435=CIRCLE('',#10434,16.7);
#10436=EDGE_CURVE('',#10422,#10430,#10435,.T.);
#10437=ORIENTED_EDGE('',*,*,#10436,.T.);
#10438=CARTESIAN_POINT('',(-0.5,-16.48029126,2.7));
#10439=DIRECTION('',(0.,-1.,0.));
#10440=VECTOR('',#10439,1.214905829);
#10441=LINE('',#10438,#10440);
#10442=EDGE_CURVE('',#10430,#10411,#10441,.T.);
#10443=ORIENTED_EDGE('',*,*,#10442,.T.);
#10444=EDGE_LOOP('',(#10420,#10428,#10437,#10443));
#10445=FACE_BOUND('',#10444,.T.);
#10446=ADVANCED_FACE('',(#10445),#10409,.T.);
#10447=CARTESIAN_POINT('',(-12.5,0.,-0.));
#10448=DIRECTION('',(1.,0.,0.));
#10449=DIRECTION('',(-0.,0.,1.));
#10450=AXIS2_PLACEMENT_3D('',#10447,#10448,#10449);
#10451=PLANE('',#10450);
#10452=CARTESIAN_POINT('',(-12.5,-17.695197088,2.7));
#10453=VERTEX_POINT('',#10452);
#10454=CARTESIAN_POINT('',(-12.5,-17.695197088,-2.7));
#10455=VERTEX_POINT('',#10454);
#10456=CARTESIAN_POINT('',(-12.5,0.,-0.));
#10457=DIRECTION('',(1.,0.,0.));
#10458=DIRECTION('',(-0.,0.,1.));
#10459=AXIS2_PLACEMENT_3D('',#10456,#10457,#10458);
#10460=CIRCLE('',#10459,17.9);
#10461=EDGE_CURVE('',#10453,#10455,#10460,.T.);
#10462=ORIENTED_EDGE('',*,*,#10461,.F.);
#10463=CARTESIAN_POINT('',(-12.5,-16.48029126,2.7));
#10464=VERTEX_POINT('',#10463);
#10465=CARTESIAN_POINT('',(-12.5,-16.48029126,2.7));
#10466=DIRECTION('',(0.,-1.,0.));
#10467=VECTOR('',#10466,1.214905829);
#10468=LINE('',#10465,#10467);
#10469=EDGE_CURVE('',#10464,#10453,#10468,.T.);
#10470=ORIENTED_EDGE('',*,*,#10469,.F.);
#10471=CARTESIAN_POINT('',(-12.5,-16.48029126,-2.7));
#10472=VERTEX_POINT('',#10471);
#10473=CARTESIAN_POINT('',(-12.5,0.,-0.));
#10474=DIRECTION('',(-1.,-0.,-0.));
#10475=DIRECTION('',(0.,-0.,-1.));
#10476=AXIS2_PLACEMENT_3D('',#10473,#10474,#10475);
#10477=CIRCLE('',#10476,16.7);
#10478=EDGE_CURVE('',#10472,#10464,#10477,.T.);
#10479=ORIENTED_EDGE('',*,*,#10478,.F.);
#10480=CARTESIAN_POINT('',(-12.5,-17.695197088,-2.7));
#10481=DIRECTION('',(-0.,1.,-0.));
#10482=VECTOR('',#10481,1.214905829);
#10483=LINE('',#10480,#10482);
#10484=EDGE_CURVE('',#10455,#10472,#10483,.T.);
#10485=ORIENTED_EDGE('',*,*,#10484,.F.);
#10486=EDGE_LOOP('',(#10462,#10470,#10479,#10485));
#10487=FACE_BOUND('',#10486,.T.);
#10488=ADVANCED_FACE('',(#10487),#10451,.F.);
#10489=CARTESIAN_POINT('',(-13.1,-17.695197088,-2.7));
#10490=DIRECTION('',(-1.,-0.,-0.));
#10491=DIRECTION('',(0.,-0.,-1.));
#10492=AXIS2_PLACEMENT_3D('',#10489,#10490,#10491);
#10493=CYLINDRICAL_SURFACE('',#10492,0.3);
#10494=CARTESIAN_POINT('',(-0.8,-17.695197088,-2.7));
#10495=DIRECTION('',(-1.,-0.,-0.));
#10496=DIRECTION('',(0.,-0.,-1.));
#10497=AXIS2_PLACEMENT_3D('',#10494,#10495,#10496);
#10498=CIRCLE('',#10497,0.3);
#10499=EDGE_CURVE('',#10289,#10249,#10498,.T.);
#10500=ORIENTED_EDGE('',*,*,#10499,.T.);
#10501=ORIENTED_EDGE('',*,*,#10278,.F.);
#10502=CARTESIAN_POINT('',(-12.2,-17.695197088,-2.7));
#10503=DIRECTION('',(1.,0.,0.));
#10504=DIRECTION('',(0.,-0.,-1.));
#10505=AXIS2_PLACEMENT_3D('',#10502,#10503,#10504);
#10506=CIRCLE('',#10505,0.3);
#10507=EDGE_CURVE('',#10266,#10299,#10506,.T.);
#10508=ORIENTED_EDGE('',*,*,#10507,.T.);
#10509=ORIENTED_EDGE('',*,*,#10304,.T.);
#10510=EDGE_LOOP('',(#10500,#10501,#10508,#10509));
#10511=FACE_BOUND('',#10510,.T.);
#10512=ADVANCED_FACE('',(#10511),#10493,.T.);
#10513=CARTESIAN_POINT('',(-13.1,-17.695197088,2.7));
#10514=DIRECTION('',(-1.,-0.,-0.));
#10515=DIRECTION('',(0.,-0.988558497,0.150837989));
#10516=AXIS2_PLACEMENT_3D('',#10513,#10514,#10515);
#10517=CYLINDRICAL_SURFACE('',#10516,0.3);
#10518=CARTESIAN_POINT('',(-0.8,-17.695197088,2.7));
#10519=DIRECTION('',(-1.,-0.,-0.));
#10520=DIRECTION('',(0.,-0.,-1.));
#10521=AXIS2_PLACEMENT_3D('',#10518,#10519,#10520);
#10522=CIRCLE('',#10521,0.3);
#10523=EDGE_CURVE('',#10247,#10373,#10522,.T.);
#10524=ORIENTED_EDGE('',*,*,#10523,.T.);
#10525=ORIENTED_EDGE('',*,*,#10400,.F.);
#10526=CARTESIAN_POINT('',(-12.2,-17.695197088,2.7));
#10527=DIRECTION('',(1.,0.,0.));
#10528=DIRECTION('',(0.,-0.,-1.));
#10529=AXIS2_PLACEMENT_3D('',#10526,#10527,#10528);
#10530=CIRCLE('',#10529,0.3);
#10531=EDGE_CURVE('',#10389,#10258,#10530,.T.);
#10532=ORIENTED_EDGE('',*,*,#10531,.T.);
#10533=ORIENTED_EDGE('',*,*,#10263,.T.);
#10534=EDGE_LOOP('',(#10524,#10525,#10532,#10533));
#10535=FACE_BOUND('',#10534,.T.);
#10536=ADVANCED_FACE('',(#10535),#10517,.T.);
#10537=CARTESIAN_POINT('',(-13.1,-16.48029126,-2.7));
#10538=DIRECTION('',(-1.,-0.,-0.));
#10539=DIRECTION('',(-0.,0.986843788,0.161676647));
#10540=AXIS2_PLACEMENT_3D('',#10537,#10538,#10539);
#10541=CYLINDRICAL_SURFACE('',#10540,0.3);
#10542=CARTESIAN_POINT('',(-0.8,-16.48029126,-2.7));
#10543=DIRECTION('',(-1.,-0.,-0.));
#10544=DIRECTION('',(0.,-0.,-1.));
#10545=AXIS2_PLACEMENT_3D('',#10542,#10543,#10544);
#10546=CIRCLE('',#10545,0.3);
#10547=EDGE_CURVE('',#10329,#10291,#10546,.T.);
#10548=ORIENTED_EDGE('',*,*,#10547,.T.);
#10549=ORIENTED_EDGE('',*,*,#10318,.F.);
#10550=CARTESIAN_POINT('',(-12.2,-16.48029126,-2.7));
#10551=DIRECTION('',(1.,0.,0.));
#10552=DIRECTION('',(0.,-0.,-1.));
#10553=AXIS2_PLACEMENT_3D('',#10550,#10551,#10552);
#10554=CIRCLE('',#10553,0.3);
#10555=EDGE_CURVE('',#10307,#10340,#10554,.T.);
#10556=ORIENTED_EDGE('',*,*,#10555,.T.);
#10557=ORIENTED_EDGE('',*,*,#10345,.T.);
#10558=EDGE_LOOP('',(#10548,#10549,#10556,#10557));
#10559=FACE_BOUND('',#10558,.T.);
#10560=ADVANCED_FACE('',(#10559),#10541,.T.);
#10561=CARTESIAN_POINT('',(-13.1,-16.48029126,2.7));
#10562=DIRECTION('',(-1.,-0.,-0.));
#10563=DIRECTION('',(-0.,-0.,1.));
#10564=AXIS2_PLACEMENT_3D('',#10561,#10562,#10563);
#10565=CYLINDRICAL_SURFACE('',#10564,0.3);
#10566=CARTESIAN_POINT('',(-0.8,-16.48029126,2.7));
#10567=DIRECTION('',(-1.,-0.,-0.));
#10568=DIRECTION('',(0.,-0.,-1.));
#10569=AXIS2_PLACEMENT_3D('',#10566,#10567,#10568);
#10570=CIRCLE('',#10569,0.3);
#10571=EDGE_CURVE('',#10371,#10331,#10570,.T.);
#10572=ORIENTED_EDGE('',*,*,#10571,.T.);
#10573=ORIENTED_EDGE('',*,*,#10360,.F.);
#10574=CARTESIAN_POINT('',(-12.2,-16.48029126,2.7));
#10575=DIRECTION('',(1.,0.,0.));
#10576=DIRECTION('',(0.,-0.,-1.));
#10577=AXIS2_PLACEMENT_3D('',#10574,#10575,#10576);
#10578=CIRCLE('',#10577,0.3);
#10579=EDGE_CURVE('',#10348,#10381,#10578,.T.);
#10580=ORIENTED_EDGE('',*,*,#10579,.T.);
#10581=ORIENTED_EDGE('',*,*,#10386,.T.);
#10582=EDGE_LOOP('',(#10572,#10573,#10580,#10581));
#10583=FACE_BOUND('',#10582,.T.);
#10584=ADVANCED_FACE('',(#10583),#10565,.T.);
#10585=CARTESIAN_POINT('',(-12.2,0.,-0.));
#10586=DIRECTION('',(1.,0.,0.));
#10587=DIRECTION('',(-0.,-0.982948121,0.183883093));
#10588=AXIS2_PLACEMENT_3D('',#10585,#10586,#10587);
#10589=TOROIDAL_SURFACE('',#10588,17.9,0.3);
#10590=ORIENTED_EDGE('',*,*,#10272,.F.);
#10591=CARTESIAN_POINT('',(-12.2,-17.695197088,2.7));
#10592=DIRECTION('',(-0.,0.150837989,0.988558497));
#10593=DIRECTION('',(-0.,0.988558497,-0.150837989));
#10594=AXIS2_PLACEMENT_3D('',#10591,#10592,#10593);
#10595=CIRCLE('',#10594,0.3);
#10596=EDGE_CURVE('',#10453,#10258,#10595,.T.);
#10597=ORIENTED_EDGE('',*,*,#10596,.F.);
#10598=ORIENTED_EDGE('',*,*,#10461,.T.);
#10599=CARTESIAN_POINT('',(-12.2,-17.695197088,-2.7));
#10600=DIRECTION('',(-0.,-0.150837989,0.988558497));
#10601=DIRECTION('',(0.,-0.988558497,-0.150837989));
#10602=AXIS2_PLACEMENT_3D('',#10599,#10600,#10601);
#10603=CIRCLE('',#10602,0.3);
#10604=EDGE_CURVE('',#10455,#10266,#10603,.T.);
#10605=ORIENTED_EDGE('',*,*,#10604,.T.);
#10606=EDGE_LOOP('',(#10590,#10597,#10598,#10605));
#10607=FACE_BOUND('',#10606,.T.);
#10608=ADVANCED_FACE('',(#10607),#10589,.T.);
#10609=CARTESIAN_POINT('',(-12.2,-17.695197088,-2.7));
#10610=DIRECTION('',(-1.,-0.,-0.));
#10611=DIRECTION('',(0.,-0.,-1.));
#10612=AXIS2_PLACEMENT_3D('',#10609,#10610,#10611);
#10613=SPHERICAL_SURFACE('',#10612,0.3);
#10614=CARTESIAN_POINT('',(-12.2,-17.695197088,-2.7));
#10615=DIRECTION('',(0.,-1.,0.));
#10616=DIRECTION('',(-1.,-0.,-0.));
#10617=AXIS2_PLACEMENT_3D('',#10614,#10615,#10616);
#10618=CIRCLE('',#10617,0.3);
#10619=EDGE_CURVE('',#10455,#10299,#10618,.T.);
#10620=ORIENTED_EDGE('',*,*,#10619,.T.);
#10621=ORIENTED_EDGE('',*,*,#10507,.F.);
#10622=ORIENTED_EDGE('',*,*,#10604,.F.);
#10623=EDGE_LOOP('',(#10620,#10621,#10622));
#10624=FACE_BOUND('',#10623,.T.);
#10625=ADVANCED_FACE('',(#10624),#10613,.T.);
#10626=CARTESIAN_POINT('',(-12.2,-18.895197088,-2.7));
#10627=DIRECTION('',(0.,-1.,0.));
#10628=DIRECTION('',(-1.,-0.,-0.));
#10629=AXIS2_PLACEMENT_3D('',#10626,#10627,#10628);
#10630=CYLINDRICAL_SURFACE('',#10629,0.3);
#10631=ORIENTED_EDGE('',*,*,#10312,.F.);
#10632=ORIENTED_EDGE('',*,*,#10619,.F.);
#10633=ORIENTED_EDGE('',*,*,#10484,.T.);
#10634=CARTESIAN_POINT('',(-12.2,-16.48029126,-2.7));
#10635=DIRECTION('',(0.,-1.,0.));
#10636=DIRECTION('',(1.,0.,0.));
#10637=AXIS2_PLACEMENT_3D('',#10634,#10635,#10636);
#10638=CIRCLE('',#10637,0.3);
#10639=EDGE_CURVE('',#10472,#10307,#10638,.T.);
#10640=ORIENTED_EDGE('',*,*,#10639,.T.);
#10641=EDGE_LOOP('',(#10631,#10632,#10633,#10640));
#10642=FACE_BOUND('',#10641,.T.);
#10643=ADVANCED_FACE('',(#10642),#10630,.T.);
#10644=CARTESIAN_POINT('',(-12.2,-16.48029126,-2.7));
#10645=DIRECTION('',(-1.,-0.,-0.));
#10646=DIRECTION('',(-0.,0.986843788,0.161676647));
#10647=AXIS2_PLACEMENT_3D('',#10644,#10645,#10646);
#10648=SPHERICAL_SURFACE('',#10647,0.3);
#10649=ORIENTED_EDGE('',*,*,#10555,.F.);
#10650=ORIENTED_EDGE('',*,*,#10639,.F.);
#10651=CARTESIAN_POINT('',(-12.2,-16.48029126,-2.7));
#10652=DIRECTION('',(0.,0.161676647,-0.986843788));
#10653=DIRECTION('',(0.,-0.986843788,-0.161676647));
#10654=AXIS2_PLACEMENT_3D('',#10651,#10652,#10653);
#10655=CIRCLE('',#10654,0.3);
#10656=EDGE_CURVE('',#10472,#10340,#10655,.T.);
#10657=ORIENTED_EDGE('',*,*,#10656,.T.);
#10658=EDGE_LOOP('',(#10649,#10650,#10657));
#10659=FACE_BOUND('',#10658,.T.);
#10660=ADVANCED_FACE('',(#10659),#10648,.T.);
#10661=CARTESIAN_POINT('',(-12.2,0.,-0.));
#10662=DIRECTION('',(-1.,-0.,-0.));
#10663=DIRECTION('',(0.,-0.98039944,-0.197020147));
#10664=AXIS2_PLACEMENT_3D('',#10661,#10662,#10663);
#10665=TOROIDAL_SURFACE('',#10664,16.7,0.3);
#10666=ORIENTED_EDGE('',*,*,#10354,.F.);
#10667=ORIENTED_EDGE('',*,*,#10656,.F.);
#10668=ORIENTED_EDGE('',*,*,#10478,.T.);
#10669=CARTESIAN_POINT('',(-12.2,-16.48029126,2.7));
#10670=DIRECTION('',(0.,-0.161676647,-0.986843788));
#10671=DIRECTION('',(-0.,0.986843788,-0.161676647));
#10672=AXIS2_PLACEMENT_3D('',#10669,#10670,#10671);
#10673=CIRCLE('',#10672,0.3);
#10674=EDGE_CURVE('',#10464,#10348,#10673,.T.);
#10675=ORIENTED_EDGE('',*,*,#10674,.T.);
#10676=EDGE_LOOP('',(#10666,#10667,#10668,#10675));
#10677=FACE_BOUND('',#10676,.T.);
#10678=ADVANCED_FACE('',(#10677),#10665,.T.);
#10679=CARTESIAN_POINT('',(-12.2,-16.48029126,2.7));
#10680=DIRECTION('',(-1.,-0.,-0.));
#10681=DIRECTION('',(-0.,0.,1.));
#10682=AXIS2_PLACEMENT_3D('',#10679,#10680,#10681);
#10683=SPHERICAL_SURFACE('',#10682,0.3);
#10684=ORIENTED_EDGE('',*,*,#10579,.F.);
#10685=ORIENTED_EDGE('',*,*,#10674,.F.);
#10686=CARTESIAN_POINT('',(-12.2,-16.48029126,2.7));
#10687=DIRECTION('',(-0.,1.,-0.));
#10688=DIRECTION('',(1.,0.,0.));
#10689=AXIS2_PLACEMENT_3D('',#10686,#10687,#10688);
#10690=CIRCLE('',#10689,0.3);
#10691=EDGE_CURVE('',#10464,#10381,#10690,.T.);
#10692=ORIENTED_EDGE('',*,*,#10691,.T.);
#10693=EDGE_LOOP('',(#10684,#10685,#10692));
#10694=FACE_BOUND('',#10693,.T.);
#10695=ADVANCED_FACE('',(#10694),#10683,.T.);
#10696=CARTESIAN_POINT('',(-12.2,-15.28029126,2.7));
#10697=DIRECTION('',(-0.,1.,-0.));
#10698=DIRECTION('',(-1.,-0.,-0.));
#10699=AXIS2_PLACEMENT_3D('',#10696,#10697,#10698);
#10700=CYLINDRICAL_SURFACE('',#10699,0.3);
#10701=ORIENTED_EDGE('',*,*,#10394,.F.);
#10702=ORIENTED_EDGE('',*,*,#10691,.F.);
#10703=ORIENTED_EDGE('',*,*,#10469,.T.);
#10704=CARTESIAN_POINT('',(-12.2,-17.695197088,2.7));
#10705=DIRECTION('',(-0.,1.,-0.));
#10706=DIRECTION('',(-1.,-0.,-0.));
#10707=AXIS2_PLACEMENT_3D('',#10704,#10705,#10706);
#10708=CIRCLE('',#10707,0.3);
#10709=EDGE_CURVE('',#10453,#10389,#10708,.T.);
#10710=ORIENTED_EDGE('',*,*,#10709,.T.);
#10711=EDGE_LOOP('',(#10701,#10702,#10703,#10710));
#10712=FACE_BOUND('',#10711,.T.);
#10713=ADVANCED_FACE('',(#10712),#10700,.T.);
#10714=CARTESIAN_POINT('',(-12.2,-17.695197088,2.7));
#10715=DIRECTION('',(-1.,-0.,-0.));
#10716=DIRECTION('',(0.,-0.988558497,0.150837989));
#10717=AXIS2_PLACEMENT_3D('',#10714,#10715,#10716);
#10718=SPHERICAL_SURFACE('',#10717,0.3);
#10719=ORIENTED_EDGE('',*,*,#10709,.F.);
#10720=ORIENTED_EDGE('',*,*,#10596,.T.);
#10721=ORIENTED_EDGE('',*,*,#10531,.F.);
#10722=EDGE_LOOP('',(#10719,#10720,#10721));
#10723=FACE_BOUND('',#10722,.T.);
#10724=ADVANCED_FACE('',(#10723),#10718,.T.);
#10725=CARTESIAN_POINT('',(-0.8,0.,-0.));
#10726=DIRECTION('',(1.,0.,0.));
#10727=DIRECTION('',(-0.,-0.982948121,0.183883093));
#10728=AXIS2_PLACEMENT_3D('',#10725,#10726,#10727);
#10729=TOROIDAL_SURFACE('',#10728,17.9,0.3);
#10730=ORIENTED_EDGE('',*,*,#10255,.T.);
#10731=CARTESIAN_POINT('',(-0.8,-17.695197088,-2.7));
#10732=DIRECTION('',(-0.,-0.150837989,0.988558497));
#10733=DIRECTION('',(0.,-0.988558497,-0.150837989));
#10734=AXIS2_PLACEMENT_3D('',#10731,#10732,#10733);
#10735=CIRCLE('',#10734,0.3);
#10736=EDGE_CURVE('',#10249,#10413,#10735,.T.);
#10737=ORIENTED_EDGE('',*,*,#10736,.T.);
#10738=ORIENTED_EDGE('',*,*,#10419,.F.);
#10739=CARTESIAN_POINT('',(-0.8,-17.695197088,2.7));
#10740=DIRECTION('',(-0.,0.150837989,0.988558497));
#10741=DIRECTION('',(0.,-0.988558497,0.150837989));
#10742=AXIS2_PLACEMENT_3D('',#10739,#10740,#10741);
#10743=CIRCLE('',#10742,0.3);
#10744=EDGE_CURVE('',#10247,#10411,#10743,.T.);
#10745=ORIENTED_EDGE('',*,*,#10744,.F.);
#10746=EDGE_LOOP('',(#10730,#10737,#10738,#10745));
#10747=FACE_BOUND('',#10746,.T.);
#10748=ADVANCED_FACE('',(#10747),#10729,.T.);
#10749=CARTESIAN_POINT('',(-0.8,-17.695197088,-2.7));
#10750=DIRECTION('',(1.,0.,0.));
#10751=DIRECTION('',(0.,-0.988558497,-0.150837989));
#10752=AXIS2_PLACEMENT_3D('',#10749,#10750,#10751);
#10753=SPHERICAL_SURFACE('',#10752,0.3);
#10754=ORIENTED_EDGE('',*,*,#10736,.F.);
#10755=ORIENTED_EDGE('',*,*,#10499,.F.);
#10756=CARTESIAN_POINT('',(-0.8,-17.695197088,-2.7));
#10757=DIRECTION('',(0.,-1.,0.));
#10758=DIRECTION('',(0.,-0.,-1.));
#10759=AXIS2_PLACEMENT_3D('',#10756,#10757,#10758);
#10760=CIRCLE('',#10759,0.3);
#10761=EDGE_CURVE('',#10289,#10413,#10760,.T.);
#10762=ORIENTED_EDGE('',*,*,#10761,.T.);
#10763=EDGE_LOOP('',(#10754,#10755,#10762));
#10764=FACE_BOUND('',#10763,.T.);
#10765=ADVANCED_FACE('',(#10764),#10753,.T.);
#10766=CARTESIAN_POINT('',(-0.8,-18.895197088,-2.7));
#10767=DIRECTION('',(-0.,1.,-0.));
#10768=DIRECTION('',(1.,0.,0.));
#10769=AXIS2_PLACEMENT_3D('',#10766,#10767,#10768);
#10770=CYLINDRICAL_SURFACE('',#10769,0.3);
#10771=ORIENTED_EDGE('',*,*,#10296,.T.);
#10772=CARTESIAN_POINT('',(-0.8,-16.48029126,-2.7));
#10773=DIRECTION('',(0.,-1.,0.));
#10774=DIRECTION('',(-1.,-0.,-0.));
#10775=AXIS2_PLACEMENT_3D('',#10772,#10773,#10774);
#10776=CIRCLE('',#10775,0.3);
#10777=EDGE_CURVE('',#10291,#10422,#10776,.T.);
#10778=ORIENTED_EDGE('',*,*,#10777,.T.);
#10779=ORIENTED_EDGE('',*,*,#10427,.F.);
#10780=ORIENTED_EDGE('',*,*,#10761,.F.);
#10781=EDGE_LOOP('',(#10771,#10778,#10779,#10780));
#10782=FACE_BOUND('',#10781,.T.);
#10783=ADVANCED_FACE('',(#10782),#10770,.T.);
#10784=CARTESIAN_POINT('',(-0.8,-16.48029126,-2.7));
#10785=DIRECTION('',(1.,0.,0.));
#10786=DIRECTION('',(0.,-0.,-1.));
#10787=AXIS2_PLACEMENT_3D('',#10784,#10785,#10786);
#10788=SPHERICAL_SURFACE('',#10787,0.3);
#10789=CARTESIAN_POINT('',(-0.8,-16.48029126,-2.7));
#10790=DIRECTION('',(0.,0.161676647,-0.986843788));
#10791=DIRECTION('',(-0.,0.986843788,0.161676647));
#10792=AXIS2_PLACEMENT_3D('',#10789,#10790,#10791);
#10793=CIRCLE('',#10792,0.3);
#10794=EDGE_CURVE('',#10329,#10422,#10793,.T.);
#10795=ORIENTED_EDGE('',*,*,#10794,.T.);
#10796=ORIENTED_EDGE('',*,*,#10777,.F.);
#10797=ORIENTED_EDGE('',*,*,#10547,.F.);
#10798=EDGE_LOOP('',(#10795,#10796,#10797));
#10799=FACE_BOUND('',#10798,.T.);
#10800=ADVANCED_FACE('',(#10799),#10788,.T.);
#10801=CARTESIAN_POINT('',(-0.8,0.,-0.));
#10802=DIRECTION('',(-1.,-0.,-0.));
#10803=DIRECTION('',(0.,-0.98039944,-0.197020147));
#10804=AXIS2_PLACEMENT_3D('',#10801,#10802,#10803);
#10805=TOROIDAL_SURFACE('',#10804,16.7,0.3);
#10806=ORIENTED_EDGE('',*,*,#10337,.T.);
#10807=CARTESIAN_POINT('',(-0.8,-16.48029126,2.7));
#10808=DIRECTION('',(0.,-0.161676647,-0.986843788));
#10809=DIRECTION('',(-0.,0.986843788,-0.161676647));
#10810=AXIS2_PLACEMENT_3D('',#10807,#10808,#10809);
#10811=CIRCLE('',#10810,0.3);
#10812=EDGE_CURVE('',#10331,#10430,#10811,.T.);
#10813=ORIENTED_EDGE('',*,*,#10812,.T.);
#10814=ORIENTED_EDGE('',*,*,#10436,.F.);
#10815=ORIENTED_EDGE('',*,*,#10794,.F.);
#10816=EDGE_LOOP('',(#10806,#10813,#10814,#10815));
#10817=FACE_BOUND('',#10816,.T.);
#10818=ADVANCED_FACE('',(#10817),#10805,.T.);
#10819=CARTESIAN_POINT('',(-0.8,-16.48029126,2.7));
#10820=DIRECTION('',(1.,0.,0.));
#10821=DIRECTION('',(-0.,0.986843788,-0.161676647));
#10822=AXIS2_PLACEMENT_3D('',#10819,#10820,#10821);
#10823=SPHERICAL_SURFACE('',#10822,0.3);
#10824=CARTESIAN_POINT('',(-0.8,-16.48029126,2.7));
#10825=DIRECTION('',(-0.,1.,0.));
#10826=DIRECTION('',(-0.,-0.,1.));
#10827=AXIS2_PLACEMENT_3D('',#10824,#10825,#10826);
#10828=CIRCLE('',#10827,0.3);
#10829=EDGE_CURVE('',#10371,#10430,#10828,.T.);
#10830=ORIENTED_EDGE('',*,*,#10829,.T.);
#10831=ORIENTED_EDGE('',*,*,#10812,.F.);
#10832=ORIENTED_EDGE('',*,*,#10571,.F.);
#10833=EDGE_LOOP('',(#10830,#10831,#10832));
#10834=FACE_BOUND('',#10833,.T.);
#10835=ADVANCED_FACE('',(#10834),#10823,.T.);
#10836=CARTESIAN_POINT('',(-0.8,-15.28029126,2.7));
#10837=DIRECTION('',(0.,-1.,0.));
#10838=DIRECTION('',(1.,0.,-0.));
#10839=AXIS2_PLACEMENT_3D('',#10836,#10837,#10838);
#10840=CYLINDRICAL_SURFACE('',#10839,0.3);
#10841=ORIENTED_EDGE('',*,*,#10378,.T.);
#10842=CARTESIAN_POINT('',(-0.8,-17.695197088,2.7));
#10843=DIRECTION('',(-0.,1.,-0.));
#10844=DIRECTION('',(1.,0.,0.));
#10845=AXIS2_PLACEMENT_3D('',#10842,#10843,#10844);
#10846=CIRCLE('',#10845,0.3);
#10847=EDGE_CURVE('',#10373,#10411,#10846,.T.);
#10848=ORIENTED_EDGE('',*,*,#10847,.T.);
#10849=ORIENTED_EDGE('',*,*,#10442,.F.);
#10850=ORIENTED_EDGE('',*,*,#10829,.F.);
#10851=EDGE_LOOP('',(#10841,#10848,#10849,#10850));
#10852=FACE_BOUND('',#10851,.T.);
#10853=ADVANCED_FACE('',(#10852),#10840,.T.);
#10854=CARTESIAN_POINT('',(-0.8,-17.695197088,2.7));
#10855=DIRECTION('',(1.,0.,0.));
#10856=DIRECTION('',(-0.,0.,1.));
#10857=AXIS2_PLACEMENT_3D('',#10854,#10855,#10856);
#10858=SPHERICAL_SURFACE('',#10857,0.3);
#10859=ORIENTED_EDGE('',*,*,#10523,.F.);
#10860=ORIENTED_EDGE('',*,*,#10744,.T.);
#10861=ORIENTED_EDGE('',*,*,#10847,.F.);
#10862=EDGE_LOOP('',(#10859,#10860,#10861));
#10863=FACE_BOUND('',#10862,.T.);
#10864=ADVANCED_FACE('',(#10863),#10858,.T.);
#10865=CLOSED_SHELL('',(#10282,#10322,#10364,#10404,#10446,#10488,#10512,#10536,#10560,#10584,#10608,#10625,#10643,#10660,#10678,#10695,#10713,#10724,#10748,#10765,#10783,#10800,#10818,#10835,#10853,#10864));
#10866=MANIFOLD_SOLID_BREP('\X2\04220435043B043E\X0\_153 - \X2\0411041F041B0410\X0\32.20.03_154:1',#10865);
#10240=STYLED_ITEM('',(#6477),#10866);
#10868=CARTESIAN_POINT('',(-12.5,-0.,-0.));
#10869=DIRECTION('',(1.,0.,0.));
#10870=DIRECTION('',(-0.,-0.486087844,0.873909954));
#10871=AXIS2_PLACEMENT_3D('',#10868,#10869,#10870);
#10872=CYLINDRICAL_SURFACE('',#10871,18.2);
#10873=CARTESIAN_POINT('',(-0.8,-9.0713578,15.778164268));
#10874=VERTEX_POINT('',#10873);
#10875=CARTESIAN_POINT('',(-0.8,-13.364005738,12.354891769));
#10876=VERTEX_POINT('',#10875);
#10877=CARTESIAN_POINT('',(-0.8,-0.,-0.));
#10878=DIRECTION('',(1.,0.,0.));
#10879=DIRECTION('',(-0.,0.781831482,0.623489802));
#10880=AXIS2_PLACEMENT_3D('',#10877,#10878,#10879);
#10881=CIRCLE('',#10880,18.2);
#10882=EDGE_CURVE('',#10874,#10876,#10881,.T.);
#10883=ORIENTED_EDGE('',*,*,#10882,.F.);
#10884=CARTESIAN_POINT('',(-12.2,-9.0713578,15.778164268));
#10885=VERTEX_POINT('',#10884);
#10886=CARTESIAN_POINT('',(-12.2,-9.0713578,15.778164268));
#10887=DIRECTION('',(1.,0.,0.));
#10888=VECTOR('',#10887,11.4);
#10889=LINE('',#10886,#10888);
#10890=EDGE_CURVE('',#10885,#10874,#10889,.T.);
#10891=ORIENTED_EDGE('',*,*,#10890,.F.);
#10892=CARTESIAN_POINT('',(-12.2,-13.364005738,12.354891769));
#10893=VERTEX_POINT('',#10892);
#10894=CARTESIAN_POINT('',(-12.2,-0.,-0.));
#10895=DIRECTION('',(1.,0.,0.));
#10896=DIRECTION('',(-0.,0.781831482,0.623489802));
#10897=AXIS2_PLACEMENT_3D('',#10894,#10895,#10896);
#10898=CIRCLE('',#10897,18.2);
#10899=EDGE_CURVE('',#10885,#10893,#10898,.T.);
#10900=ORIENTED_EDGE('',*,*,#10899,.T.);
#10901=CARTESIAN_POINT('',(-12.2,-13.364005738,12.354891769));
#10902=DIRECTION('',(1.,0.,0.));
#10903=VECTOR('',#10902,11.4);
#10904=LINE('',#10901,#10903);
#10905=EDGE_CURVE('',#10893,#10876,#10904,.T.);
#10906=ORIENTED_EDGE('',*,*,#10905,.T.);
#10907=EDGE_LOOP('',(#10883,#10891,#10900,#10906));
#10908=FACE_BOUND('',#10907,.T.);
#10909=ADVANCED_FACE('',(#10908),#10872,.T.);
#10910=CARTESIAN_POINT('',(-12.5,-13.537787649,12.164222357));
#10911=DIRECTION('',(0.,-0.781831482,-0.623489802));
#10912=DIRECTION('',(0.,0.623489802,-0.781831482));
#10913=AXIS2_PLACEMENT_3D('',#10910,#10911,#10912);
#10914=PLANE('',#10913);
#10915=CARTESIAN_POINT('',(-0.8,-13.378269374,11.964192767));
#10916=VERTEX_POINT('',#10915);
#10917=CARTESIAN_POINT('',(-0.8,-12.620787979,11.014341141));
#10918=VERTEX_POINT('',#10917);
#10919=CARTESIAN_POINT('',(-0.8,-13.378269374,11.964192767));
#10920=DIRECTION('',(0.,0.623489802,-0.781831482));
#10921=VECTOR('',#10920,1.214905829);
#10922=LINE('',#10919,#10921);
#10923=EDGE_CURVE('',#10916,#10918,#10922,.T.);
#10924=ORIENTED_EDGE('',*,*,#10923,.F.);
#10925=CARTESIAN_POINT('',(-12.2,-13.378269374,11.964192767));
#10926=VERTEX_POINT('',#10925);
#10927=CARTESIAN_POINT('',(-12.2,-13.378269374,11.964192767));
#10928=DIRECTION('',(1.,0.,0.));
#10929=VECTOR('',#10928,11.4);
#10930=LINE('',#10927,#10929);
#10931=EDGE_CURVE('',#10926,#10916,#10930,.T.);
#10932=ORIENTED_EDGE('',*,*,#10931,.F.);
#10933=CARTESIAN_POINT('',(-12.2,-12.620787979,11.014341141));
#10934=VERTEX_POINT('',#10933);
#10935=CARTESIAN_POINT('',(-12.2,-13.378269374,11.964192767));
#10936=DIRECTION('',(0.,0.623489802,-0.781831482));
#10937=VECTOR('',#10936,1.214905829);
#10938=LINE('',#10935,#10937);
#10939=EDGE_CURVE('',#10926,#10934,#10938,.T.);
#10940=ORIENTED_EDGE('',*,*,#10939,.T.);
#10941=CARTESIAN_POINT('',(-12.2,-12.620787979,11.014341141));
#10942=DIRECTION('',(1.,0.,0.));
#10943=VECTOR('',#10942,11.4);
#10944=LINE('',#10941,#10943);
#10945=EDGE_CURVE('',#10934,#10918,#10944,.T.);
#10946=ORIENTED_EDGE('',*,*,#10945,.T.);
#10947=EDGE_LOOP('',(#10924,#10932,#10940,#10946));
#10948=FACE_BOUND('',#10947,.T.);
#10949=ADVANCED_FACE('',(#10948),#10914,.T.);
#10950=CARTESIAN_POINT('',(-12.5,-0.,-0.));
#10951=DIRECTION('',(-1.,-0.,-0.));
#10952=DIRECTION('',(-0.,-0.75598732,0.65458626));
#10953=AXIS2_PLACEMENT_3D('',#10950,#10951,#10952);
#10954=CYLINDRICAL_SURFACE('',#10953,16.4);
#10955=CARTESIAN_POINT('',(-0.8,-12.163731256,11.000165542));
#10956=VERTEX_POINT('',#10955);
#10957=CARTESIAN_POINT('',(-0.8,-8.017683586,14.306528227));
#10958=VERTEX_POINT('',#10957);
#10959=CARTESIAN_POINT('',(-0.8,-0.,-0.));
#10960=DIRECTION('',(-1.,-0.,-0.));
#10961=DIRECTION('',(0.,-0.781831482,-0.623489802));
#10962=AXIS2_PLACEMENT_3D('',#10959,#10960,#10961);
#10963=CIRCLE('',#10962,16.4);
#10964=EDGE_CURVE('',#10956,#10958,#10963,.T.);
#10965=ORIENTED_EDGE('',*,*,#10964,.F.);
#10966=CARTESIAN_POINT('',(-12.2,-12.163731256,11.000165542));
#10967=VERTEX_POINT('',#10966);
#10968=CARTESIAN_POINT('',(-12.2,-12.163731256,11.000165542));
#10969=DIRECTION('',(1.,0.,0.));
#10970=VECTOR('',#10969,11.4);
#10971=LINE('',#10968,#10970);
#10972=EDGE_CURVE('',#10967,#10956,#10971,.T.);
#10973=ORIENTED_EDGE('',*,*,#10972,.F.);
#10974=CARTESIAN_POINT('',(-12.2,-8.017683586,14.306528227));
#10975=VERTEX_POINT('',#10974);
#10976=CARTESIAN_POINT('',(-12.2,-0.,-0.));
#10977=DIRECTION('',(-1.,-0.,-0.));
#10978=DIRECTION('',(0.,-0.781831482,-0.623489802));
#10979=AXIS2_PLACEMENT_3D('',#10976,#10977,#10978);
#10980=CIRCLE('',#10979,16.4);
#10981=EDGE_CURVE('',#10967,#10975,#10980,.T.);
#10982=ORIENTED_EDGE('',*,*,#10981,.T.);
#10983=CARTESIAN_POINT('',(-12.2,-8.017683586,14.306528227));
#10984=DIRECTION('',(1.,0.,0.));
#10985=VECTOR('',#10984,11.4);
#10986=LINE('',#10983,#10985);
#10987=EDGE_CURVE('',#10975,#10958,#10986,.T.);
#10988=ORIENTED_EDGE('',*,*,#10987,.T.);
#10989=EDGE_LOOP('',(#10965,#10973,#10982,#10988));
#10990=FACE_BOUND('',#10989,.T.);
#10991=ADVANCED_FACE('',(#10990),#10954,.F.);
#10992=CARTESIAN_POINT('',(-12.5,-7.707203151,14.47615348));
#10993=DIRECTION('',(-0.,0.781831482,0.623489802));
#10994=DIRECTION('',(-0.,-0.623489802,0.781831482));
#10995=AXIS2_PLACEMENT_3D('',#10992,#10993,#10994);
#10996=PLANE('',#10995);
#10997=CARTESIAN_POINT('',(-0.8,-7.929799085,14.755279953));
#10998=VERTEX_POINT('',#10997);
#10999=CARTESIAN_POINT('',(-0.8,-8.687280479,15.705131578));
#11000=VERTEX_POINT('',#10999);
#11001=CARTESIAN_POINT('',(-0.8,-7.929799085,14.755279953));
#11002=DIRECTION('',(0.,-0.623489802,0.781831482));
#11003=VECTOR('',#11002,1.214905829);
#11004=LINE('',#11001,#11003);
#11005=EDGE_CURVE('',#10998,#11000,#11004,.T.);
#11006=ORIENTED_EDGE('',*,*,#11005,.F.);
#11007=CARTESIAN_POINT('',(-12.2,-7.929799085,14.755279953));
#11008=VERTEX_POINT('',#11007);
#11009=CARTESIAN_POINT('',(-12.2,-7.929799085,14.755279953));
#11010=DIRECTION('',(1.,0.,0.));
#11011=VECTOR('',#11010,11.4);
#11012=LINE('',#11009,#11011);
#11013=EDGE_CURVE('',#11008,#10998,#11012,.T.);
#11014=ORIENTED_EDGE('',*,*,#11013,.F.);
#11015=CARTESIAN_POINT('',(-12.2,-8.687280479,15.705131578));
#11016=VERTEX_POINT('',#11015);
#11017=CARTESIAN_POINT('',(-12.2,-7.929799085,14.755279953));
#11018=DIRECTION('',(-0.,-0.623489802,0.781831482));
#11019=VECTOR('',#11018,1.214905829);
#11020=LINE('',#11017,#11019);
#11021=EDGE_CURVE('',#11008,#11016,#11020,.T.);
#11022=ORIENTED_EDGE('',*,*,#11021,.T.);
#11023=CARTESIAN_POINT('',(-12.2,-8.687280479,15.705131578));
#11024=DIRECTION('',(1.,0.,0.));
#11025=VECTOR('',#11024,11.4);
#11026=LINE('',#11023,#11025);
#11027=EDGE_CURVE('',#11016,#11000,#11026,.T.);
#11028=ORIENTED_EDGE('',*,*,#11027,.T.);
#11029=EDGE_LOOP('',(#11006,#11014,#11022,#11028));
#11030=FACE_BOUND('',#11029,.T.);
#11031=ADVANCED_FACE('',(#11030),#10996,.T.);
#11032=CARTESIAN_POINT('',(-0.5,-0.,-0.));
#11033=DIRECTION('',(1.,0.,0.));
#11034=DIRECTION('',(-0.,0.781831482,0.623489802));
#11035=AXIS2_PLACEMENT_3D('',#11032,#11033,#11034);
#11036=PLANE('',#11035);
#11037=CARTESIAN_POINT('',(-0.5,-8.921829924,15.518084637));
#11038=VERTEX_POINT('',#11037);
#11039=CARTESIAN_POINT('',(-0.5,-13.143719929,12.151239707));
#11040=VERTEX_POINT('',#11039);
#11041=CARTESIAN_POINT('',(-0.5,-0.,-0.));
#11042=DIRECTION('',(1.,0.,0.));
#11043=DIRECTION('',(-0.,0.781831482,0.623489802));
#11044=AXIS2_PLACEMENT_3D('',#11041,#11042,#11043);
#11045=CIRCLE('',#11044,17.9);
#11046=EDGE_CURVE('',#11038,#11040,#11045,.T.);
#11047=ORIENTED_EDGE('',*,*,#11046,.T.);
#11048=CARTESIAN_POINT('',(-0.5,-12.386238535,11.201388082));
#11049=VERTEX_POINT('',#11048);
#11050=CARTESIAN_POINT('',(-0.5,-13.143719929,12.151239707));
#11051=DIRECTION('',(0.,0.623489802,-0.781831482));
#11052=VECTOR('',#11051,1.214905829);
#11053=LINE('',#11050,#11052);
#11054=EDGE_CURVE('',#11040,#11049,#11053,.T.);
#11055=ORIENTED_EDGE('',*,*,#11054,.T.);
#11056=CARTESIAN_POINT('',(-0.5,-8.164348529,14.568233012));
#11057=VERTEX_POINT('',#11056);
#11058=CARTESIAN_POINT('',(-0.5,-0.,-0.));
#11059=DIRECTION('',(-1.,-0.,-0.));
#11060=DIRECTION('',(0.,-0.781831482,-0.623489802));
#11061=AXIS2_PLACEMENT_3D('',#11058,#11059,#11060);
#11062=CIRCLE('',#11061,16.7);
#11063=EDGE_CURVE('',#11049,#11057,#11062,.T.);
#11064=ORIENTED_EDGE('',*,*,#11063,.T.);
#11065=CARTESIAN_POINT('',(-0.5,-8.164348529,14.568233012));
#11066=DIRECTION('',(-0.,-0.623489802,0.781831482));
#11067=VECTOR('',#11066,1.214905829);
#11068=LINE('',#11065,#11067);
#11069=EDGE_CURVE('',#11057,#11038,#11068,.T.);
#11070=ORIENTED_EDGE('',*,*,#11069,.T.);
#11071=EDGE_LOOP('',(#11047,#11055,#11064,#11070));
#11072=FACE_BOUND('',#11071,.T.);
#11073=ADVANCED_FACE('',(#11072),#11036,.T.);
#11074=CARTESIAN_POINT('',(-12.5,-0.,-0.));
#11075=DIRECTION('',(1.,0.,0.));
#11076=DIRECTION('',(-0.,0.781831482,0.623489802));
#11077=AXIS2_PLACEMENT_3D('',#11074,#11075,#11076);
#11078=PLANE('',#11077);
#11079=CARTESIAN_POINT('',(-12.5,-8.921829924,15.518084637));
#11080=VERTEX_POINT('',#11079);
#11081=CARTESIAN_POINT('',(-12.5,-13.143719929,12.151239707));
#11082=VERTEX_POINT('',#11081);
#11083=CARTESIAN_POINT('',(-12.5,-0.,-0.));
#11084=DIRECTION('',(1.,0.,0.));
#11085=DIRECTION('',(-0.,0.781831482,0.623489802));
#11086=AXIS2_PLACEMENT_3D('',#11083,#11084,#11085);
#11087=CIRCLE('',#11086,17.9);
#11088=EDGE_CURVE('',#11080,#11082,#11087,.T.);
#11089=ORIENTED_EDGE('',*,*,#11088,.F.);
#11090=CARTESIAN_POINT('',(-12.5,-8.164348529,14.568233012));
#11091=VERTEX_POINT('',#11090);
#11092=CARTESIAN_POINT('',(-12.5,-8.164348529,14.568233012));
#11093=DIRECTION('',(-0.,-0.623489802,0.781831482));
#11094=VECTOR('',#11093,1.214905829);
#11095=LINE('',#11092,#11094);
#11096=EDGE_CURVE('',#11091,#11080,#11095,.T.);
#11097=ORIENTED_EDGE('',*,*,#11096,.F.);
#11098=CARTESIAN_POINT('',(-12.5,-12.386238535,11.201388082));
#11099=VERTEX_POINT('',#11098);
#11100=CARTESIAN_POINT('',(-12.5,-0.,-0.));
#11101=DIRECTION('',(-1.,-0.,-0.));
#11102=DIRECTION('',(0.,-0.781831482,-0.623489802));
#11103=AXIS2_PLACEMENT_3D('',#11100,#11101,#11102);
#11104=CIRCLE('',#11103,16.7);
#11105=EDGE_CURVE('',#11099,#11091,#11104,.T.);
#11106=ORIENTED_EDGE('',*,*,#11105,.F.);
#11107=CARTESIAN_POINT('',(-12.5,-13.143719929,12.151239707));
#11108=DIRECTION('',(0.,0.623489802,-0.781831482));
#11109=VECTOR('',#11108,1.214905829);
#11110=LINE('',#11107,#11109);
#11111=EDGE_CURVE('',#11082,#11099,#11110,.T.);
#11112=ORIENTED_EDGE('',*,*,#11111,.F.);
#11113=EDGE_LOOP('',(#11089,#11097,#11106,#11112));
#11114=FACE_BOUND('',#11113,.T.);
#11115=ADVANCED_FACE('',(#11114),#11078,.F.);
#11116=CARTESIAN_POINT('',(-13.1,-13.143719929,12.151239707));
#11117=DIRECTION('',(-1.,-0.,-0.));
#11118=DIRECTION('',(0.,-0.781831482,-0.623489802));
#11119=AXIS2_PLACEMENT_3D('',#11116,#11117,#11118);
#11120=CYLINDRICAL_SURFACE('',#11119,0.3);
#11121=CARTESIAN_POINT('',(-0.8,-13.143719929,12.151239707));
#11122=DIRECTION('',(-1.,-0.,-0.));
#11123=DIRECTION('',(0.,-0.781831482,-0.623489802));
#11124=AXIS2_PLACEMENT_3D('',#11121,#11122,#11123);
#11125=CIRCLE('',#11124,0.3);
#11126=EDGE_CURVE('',#10916,#10876,#11125,.T.);
#11127=ORIENTED_EDGE('',*,*,#11126,.T.);
#11128=ORIENTED_EDGE('',*,*,#10905,.F.);
#11129=CARTESIAN_POINT('',(-12.2,-13.143719929,12.151239707));
#11130=DIRECTION('',(1.,0.,0.));
#11131=DIRECTION('',(0.,-0.781831482,-0.623489802));
#11132=AXIS2_PLACEMENT_3D('',#11129,#11130,#11131);
#11133=CIRCLE('',#11132,0.3);
#11134=EDGE_CURVE('',#10893,#10926,#11133,.T.);
#11135=ORIENTED_EDGE('',*,*,#11134,.T.);
#11136=ORIENTED_EDGE('',*,*,#10931,.T.);
#11137=EDGE_LOOP('',(#11127,#11128,#11135,#11136));
#11138=FACE_BOUND('',#11137,.T.);
#11139=ADVANCED_FACE('',(#11138),#11120,.T.);
#11140=CARTESIAN_POINT('',(-13.1,-8.921829924,15.518084637));
#11141=DIRECTION('',(-1.,-0.,-0.));
#11142=DIRECTION('',(-0.,-0.498426253,0.866932103));
#11143=AXIS2_PLACEMENT_3D('',#11140,#11141,#11142);
#11144=CYLINDRICAL_SURFACE('',#11143,0.3);
#11145=CARTESIAN_POINT('',(-0.8,-8.921829924,15.518084637));
#11146=DIRECTION('',(-1.,-0.,-0.));
#11147=DIRECTION('',(0.,-0.781831482,-0.623489802));
#11148=AXIS2_PLACEMENT_3D('',#11145,#11146,#11147);
#11149=CIRCLE('',#11148,0.3);
#11150=EDGE_CURVE('',#10874,#11000,#11149,.T.);
#11151=ORIENTED_EDGE('',*,*,#11150,.T.);
#11152=ORIENTED_EDGE('',*,*,#11027,.F.);
#11153=CARTESIAN_POINT('',(-12.2,-8.921829924,15.518084637));
#11154=DIRECTION('',(1.,0.,0.));
#11155=DIRECTION('',(0.,-0.781831482,-0.623489802));
#11156=AXIS2_PLACEMENT_3D('',#11153,#11154,#11155);
#11157=CIRCLE('',#11156,0.3);
#11158=EDGE_CURVE('',#11016,#10885,#11157,.T.);
#11159=ORIENTED_EDGE('',*,*,#11158,.T.);
#11160=ORIENTED_EDGE('',*,*,#10890,.T.);
#11161=EDGE_LOOP('',(#11151,#11152,#11159,#11160));
#11162=FACE_BOUND('',#11161,.T.);
#11163=ADVANCED_FACE('',(#11162),#11144,.T.);
#11164=CARTESIAN_POINT('',(-13.1,-12.386238535,11.201388082));
#11165=DIRECTION('',(-1.,-0.,-0.));
#11166=DIRECTION('',(0.,0.74169093,-0.670741801));
#11167=AXIS2_PLACEMENT_3D('',#11164,#11165,#11166);
#11168=CYLINDRICAL_SURFACE('',#11167,0.3);
#11169=CARTESIAN_POINT('',(-0.8,-12.386238535,11.201388082));
#11170=DIRECTION('',(-1.,-0.,-0.));
#11171=DIRECTION('',(0.,-0.781831482,-0.623489802));
#11172=AXIS2_PLACEMENT_3D('',#11169,#11170,#11171);
#11173=CIRCLE('',#11172,0.3);
#11174=EDGE_CURVE('',#10956,#10918,#11173,.T.);
#11175=ORIENTED_EDGE('',*,*,#11174,.T.);
#11176=ORIENTED_EDGE('',*,*,#10945,.F.);
#11177=CARTESIAN_POINT('',(-12.2,-12.386238535,11.201388082));
#11178=DIRECTION('',(1.,0.,0.));
#11179=DIRECTION('',(0.,-0.781831482,-0.623489802));
#11180=AXIS2_PLACEMENT_3D('',#11177,#11178,#11179);
#11181=CIRCLE('',#11180,0.3);
#11182=EDGE_CURVE('',#10934,#10967,#11181,.T.);
#11183=ORIENTED_EDGE('',*,*,#11182,.T.);
#11184=ORIENTED_EDGE('',*,*,#10972,.T.);
#11185=EDGE_LOOP('',(#11175,#11176,#11183,#11184));
#11186=FACE_BOUND('',#11185,.T.);
#11187=ADVANCED_FACE('',(#11186),#11168,.T.);
#11188=CARTESIAN_POINT('',(-13.1,-8.164348529,14.568233012));
#11189=DIRECTION('',(-1.,-0.,-0.));
#11190=DIRECTION('',(-0.,0.781831482,0.623489802));
#11191=AXIS2_PLACEMENT_3D('',#11188,#11189,#11190);
#11192=CYLINDRICAL_SURFACE('',#11191,0.3);
#11193=CARTESIAN_POINT('',(-0.8,-8.164348529,14.568233012));
#11194=DIRECTION('',(-1.,-0.,-0.));
#11195=DIRECTION('',(0.,-0.781831482,-0.623489802));
#11196=AXIS2_PLACEMENT_3D('',#11193,#11194,#11195);
#11197=CIRCLE('',#11196,0.3);
#11198=EDGE_CURVE('',#10998,#10958,#11197,.T.);
#11199=ORIENTED_EDGE('',*,*,#11198,.T.);
#11200=ORIENTED_EDGE('',*,*,#10987,.F.);
#11201=CARTESIAN_POINT('',(-12.2,-8.164348529,14.568233012));
#11202=DIRECTION('',(1.,0.,0.));
#11203=DIRECTION('',(0.,-0.781831482,-0.623489802));
#11204=AXIS2_PLACEMENT_3D('',#11201,#11202,#11203);
#11205=CIRCLE('',#11204,0.3);
#11206=EDGE_CURVE('',#10975,#11008,#11205,.T.);
#11207=ORIENTED_EDGE('',*,*,#11206,.T.);
#11208=ORIENTED_EDGE('',*,*,#11013,.T.);
#11209=EDGE_LOOP('',(#11199,#11200,#11207,#11208));
#11210=FACE_BOUND('',#11209,.T.);
#11211=ADVANCED_FACE('',(#11210),#11192,.T.);
#11212=CARTESIAN_POINT('',(-12.2,-0.,-0.));
#11213=DIRECTION('',(1.,0.,0.));
#11214=DIRECTION('',(-0.,-0.469092538,0.88314902));
#11215=AXIS2_PLACEMENT_3D('',#11212,#11213,#11214);
#11216=TOROIDAL_SURFACE('',#11215,17.9,0.3);
#11217=ORIENTED_EDGE('',*,*,#10899,.F.);
#11218=CARTESIAN_POINT('',(-12.2,-8.921829924,15.518084637));
#11219=DIRECTION('',(-0.,0.866932103,0.498426253));
#11220=DIRECTION('',(0.,0.498426253,-0.866932103));
#11221=AXIS2_PLACEMENT_3D('',#11218,#11219,#11220);
#11222=CIRCLE('',#11221,0.3);
#11223=EDGE_CURVE('',#11080,#10885,#11222,.T.);
#11224=ORIENTED_EDGE('',*,*,#11223,.F.);
#11225=ORIENTED_EDGE('',*,*,#11088,.T.);
#11226=CARTESIAN_POINT('',(-12.2,-13.143719929,12.151239707));
#11227=DIRECTION('',(-0.,0.678840207,0.73428603));
#11228=DIRECTION('',(-0.,-0.73428603,0.678840207));
#11229=AXIS2_PLACEMENT_3D('',#11226,#11227,#11228);
#11230=CIRCLE('',#11229,0.3);
#11231=EDGE_CURVE('',#11082,#10893,#11230,.T.);
#11232=ORIENTED_EDGE('',*,*,#11231,.T.);
#11233=EDGE_LOOP('',(#11217,#11224,#11225,#11232));
#11234=FACE_BOUND('',#11233,.T.);
#11235=ADVANCED_FACE('',(#11234),#11216,.T.);
#11236=CARTESIAN_POINT('',(-12.2,-13.143719929,12.151239707));
#11237=DIRECTION('',(-1.,-0.,-0.));
#11238=DIRECTION('',(0.,-0.781831482,-0.623489802));
#11239=AXIS2_PLACEMENT_3D('',#11236,#11237,#11238);
#11240=SPHERICAL_SURFACE('',#11239,0.3);
#11241=CARTESIAN_POINT('',(-12.2,-13.143719929,12.151239707));
#11242=DIRECTION('',(-0.,-0.623489802,0.781831482));
#11243=DIRECTION('',(-1.,-0.,-0.));
#11244=AXIS2_PLACEMENT_3D('',#11241,#11242,#11243);
#11245=CIRCLE('',#11244,0.3);
#11246=EDGE_CURVE('',#11082,#10926,#11245,.T.);
#11247=ORIENTED_EDGE('',*,*,#11246,.T.);
#11248=ORIENTED_EDGE('',*,*,#11134,.F.);
#11249=ORIENTED_EDGE('',*,*,#11231,.F.);
#11250=EDGE_LOOP('',(#11247,#11248,#11249));
#11251=FACE_BOUND('',#11250,.T.);
#11252=ADVANCED_FACE('',(#11251),#11240,.T.);
#11253=CARTESIAN_POINT('',(-12.2,-13.891907691,13.089437486));
#11254=DIRECTION('',(-0.,-0.623489802,0.781831482));
#11255=DIRECTION('',(-1.,-0.,-0.));
#11256=AXIS2_PLACEMENT_3D('',#11253,#11254,#11255);
#11257=CYLINDRICAL_SURFACE('',#11256,0.3);
#11258=ORIENTED_EDGE('',*,*,#10939,.F.);
#11259=ORIENTED_EDGE('',*,*,#11246,.F.);
#11260=ORIENTED_EDGE('',*,*,#11111,.T.);
#11261=CARTESIAN_POINT('',(-12.2,-12.386238535,11.201388082));
#11262=DIRECTION('',(-0.,-0.623489802,0.781831482));
#11263=DIRECTION('',(1.,0.,0.));
#11264=AXIS2_PLACEMENT_3D('',#11261,#11262,#11263);
#11265=CIRCLE('',#11264,0.3);
#11266=EDGE_CURVE('',#11099,#10934,#11265,.T.);
#11267=ORIENTED_EDGE('',*,*,#11266,.T.);
#11268=EDGE_LOOP('',(#11258,#11259,#11260,#11267));
#11269=FACE_BOUND('',#11268,.T.);
#11270=ADVANCED_FACE('',(#11269),#11257,.T.);
#11271=CARTESIAN_POINT('',(-12.2,-12.386238535,11.201388082));
#11272=DIRECTION('',(-1.,-0.,-0.));
#11273=DIRECTION('',(0.,0.74169093,-0.670741801));
#11274=AXIS2_PLACEMENT_3D('',#11271,#11272,#11273);
#11275=SPHERICAL_SURFACE('',#11274,0.3);
#11276=ORIENTED_EDGE('',*,*,#11182,.F.);
#11277=ORIENTED_EDGE('',*,*,#11266,.F.);
#11278=CARTESIAN_POINT('',(-12.2,-12.386238535,11.201388082));
#11279=DIRECTION('',(0.,-0.670741801,-0.74169093));
#11280=DIRECTION('',(-0.,-0.74169093,0.670741801));
#11281=AXIS2_PLACEMENT_3D('',#11278,#11279,#11280);
#11282=CIRCLE('',#11281,0.3);
#11283=EDGE_CURVE('',#11099,#10967,#11282,.T.);
#11284=ORIENTED_EDGE('',*,*,#11283,.T.);
#11285=EDGE_LOOP('',(#11276,#11277,#11284));
#11286=FACE_BOUND('',#11285,.T.);
#11287=ADVANCED_FACE('',(#11286),#11275,.T.);
#11288=CARTESIAN_POINT('',(-12.2,-0.,-0.));
#11289=DIRECTION('',(-1.,-0.,-0.));
#11290=DIRECTION('',(-0.,-0.765305606,0.643667095));
#11291=AXIS2_PLACEMENT_3D('',#11288,#11289,#11290);
#11292=TOROIDAL_SURFACE('',#11291,16.7,0.3);
#11293=ORIENTED_EDGE('',*,*,#10981,.F.);
#11294=ORIENTED_EDGE('',*,*,#11283,.F.);
#11295=ORIENTED_EDGE('',*,*,#11105,.T.);
#11296=CARTESIAN_POINT('',(-12.2,-8.164348529,14.568233012));
#11297=DIRECTION('',(0.,-0.872349282,-0.488883145));
#11298=DIRECTION('',(0.,0.488883145,-0.872349282));
#11299=AXIS2_PLACEMENT_3D('',#11296,#11297,#11298);
#11300=CIRCLE('',#11299,0.3);
#11301=EDGE_CURVE('',#11091,#10975,#11300,.T.);
#11302=ORIENTED_EDGE('',*,*,#11301,.T.);
#11303=EDGE_LOOP('',(#11293,#11294,#11295,#11302));
#11304=FACE_BOUND('',#11303,.T.);
#11305=ADVANCED_FACE('',(#11304),#11292,.T.);
#11306=CARTESIAN_POINT('',(-12.2,-8.164348529,14.568233012));
#11307=DIRECTION('',(-1.,-0.,-0.));
#11308=DIRECTION('',(-0.,0.781831482,0.623489802));
#11309=AXIS2_PLACEMENT_3D('',#11306,#11307,#11308);
#11310=SPHERICAL_SURFACE('',#11309,0.3);
#11311=ORIENTED_EDGE('',*,*,#11206,.F.);
#11312=ORIENTED_EDGE('',*,*,#11301,.F.);
#11313=CARTESIAN_POINT('',(-12.2,-8.164348529,14.568233012));
#11314=DIRECTION('',(0.,0.623489802,-0.781831482));
#11315=DIRECTION('',(1.,0.,0.));
#11316=AXIS2_PLACEMENT_3D('',#11313,#11314,#11315);
#11317=CIRCLE('',#11316,0.3);
#11318=EDGE_CURVE('',#11091,#11008,#11317,.T.);
#11319=ORIENTED_EDGE('',*,*,#11318,.T.);
#11320=EDGE_LOOP('',(#11311,#11312,#11319));
#11321=FACE_BOUND('',#11320,.T.);
#11322=ADVANCED_FACE('',(#11321),#11310,.T.);
#11323=CARTESIAN_POINT('',(-12.2,-7.416160767,13.630035233));
#11324=DIRECTION('',(0.,0.623489802,-0.781831482));
#11325=DIRECTION('',(-1.,-0.,-0.));
#11326=AXIS2_PLACEMENT_3D('',#11323,#11324,#11325);
#11327=CYLINDRICAL_SURFACE('',#11326,0.3);
#11328=ORIENTED_EDGE('',*,*,#11021,.F.);
#11329=ORIENTED_EDGE('',*,*,#11318,.F.);
#11330=ORIENTED_EDGE('',*,*,#11096,.T.);
#11331=CARTESIAN_POINT('',(-12.2,-8.921829924,15.518084637));
#11332=DIRECTION('',(0.,0.623489802,-0.781831482));
#11333=DIRECTION('',(-1.,-0.,-0.));
#11334=AXIS2_PLACEMENT_3D('',#11331,#11332,#11333);
#11335=CIRCLE('',#11334,0.3);
#11336=EDGE_CURVE('',#11080,#11016,#11335,.T.);
#11337=ORIENTED_EDGE('',*,*,#11336,.T.);
#11338=EDGE_LOOP('',(#11328,#11329,#11330,#11337));
#11339=FACE_BOUND('',#11338,.T.);
#11340=ADVANCED_FACE('',(#11339),#11327,.T.);
#11341=CARTESIAN_POINT('',(-12.2,-8.921829924,15.518084637));
#11342=DIRECTION('',(-1.,-0.,-0.));
#11343=DIRECTION('',(-0.,-0.498426253,0.866932103));
#11344=AXIS2_PLACEMENT_3D('',#11341,#11342,#11343);
#11345=SPHERICAL_SURFACE('',#11344,0.3);
#11346=ORIENTED_EDGE('',*,*,#11336,.F.);
#11347=ORIENTED_EDGE('',*,*,#11223,.T.);
#11348=ORIENTED_EDGE('',*,*,#11158,.F.);
#11349=EDGE_LOOP('',(#11346,#11347,#11348));
#11350=FACE_BOUND('',#11349,.T.);
#11351=ADVANCED_FACE('',(#11350),#11345,.T.);
#11352=CARTESIAN_POINT('',(-0.8,-0.,-0.));
#11353=DIRECTION('',(1.,0.,0.));
#11354=DIRECTION('',(-0.,-0.469092538,0.88314902));
#11355=AXIS2_PLACEMENT_3D('',#11352,#11353,#11354);
#11356=TOROIDAL_SURFACE('',#11355,17.9,0.3);
#11357=ORIENTED_EDGE('',*,*,#10882,.T.);
#11358=CARTESIAN_POINT('',(-0.8,-13.143719929,12.151239707));
#11359=DIRECTION('',(-0.,0.678840207,0.73428603));
#11360=DIRECTION('',(-0.,-0.73428603,0.678840207));
#11361=AXIS2_PLACEMENT_3D('',#11358,#11359,#11360);
#11362=CIRCLE('',#11361,0.3);
#11363=EDGE_CURVE('',#10876,#11040,#11362,.T.);
#11364=ORIENTED_EDGE('',*,*,#11363,.T.);
#11365=ORIENTED_EDGE('',*,*,#11046,.F.);
#11366=CARTESIAN_POINT('',(-0.8,-8.921829924,15.518084637));
#11367=DIRECTION('',(-0.,0.866932103,0.498426253));
#11368=DIRECTION('',(-0.,-0.498426253,0.866932103));
#11369=AXIS2_PLACEMENT_3D('',#11366,#11367,#11368);
#11370=CIRCLE('',#11369,0.3);
#11371=EDGE_CURVE('',#10874,#11038,#11370,.T.);
#11372=ORIENTED_EDGE('',*,*,#11371,.F.);
#11373=EDGE_LOOP('',(#11357,#11364,#11365,#11372));
#11374=FACE_BOUND('',#11373,.T.);
#11375=ADVANCED_FACE('',(#11374),#11356,.T.);
#11376=CARTESIAN_POINT('',(-0.8,-13.143719929,12.151239707));
#11377=DIRECTION('',(1.,0.,0.));
#11378=DIRECTION('',(-0.,-0.73428603,0.678840207));
#11379=AXIS2_PLACEMENT_3D('',#11376,#11377,#11378);
#11380=SPHERICAL_SURFACE('',#11379,0.3);
#11381=ORIENTED_EDGE('',*,*,#11363,.F.);
#11382=ORIENTED_EDGE('',*,*,#11126,.F.);
#11383=CARTESIAN_POINT('',(-0.8,-13.143719929,12.151239707));
#11384=DIRECTION('',(-0.,-0.623489802,0.781831482));
#11385=DIRECTION('',(0.,-0.781831482,-0.623489802));
#11386=AXIS2_PLACEMENT_3D('',#11383,#11384,#11385);
#11387=CIRCLE('',#11386,0.3);
#11388=EDGE_CURVE('',#10916,#11040,#11387,.T.);
#11389=ORIENTED_EDGE('',*,*,#11388,.T.);
#11390=EDGE_LOOP('',(#11381,#11382,#11389));
#11391=FACE_BOUND('',#11390,.T.);
#11392=ADVANCED_FACE('',(#11391),#11380,.T.);
#11393=CARTESIAN_POINT('',(-0.8,-13.891907691,13.089437486));
#11394=DIRECTION('',(0.,0.623489802,-0.781831482));
#11395=DIRECTION('',(1.,0.,0.));
#11396=AXIS2_PLACEMENT_3D('',#11393,#11394,#11395);
#11397=CYLINDRICAL_SURFACE('',#11396,0.3);
#11398=ORIENTED_EDGE('',*,*,#10923,.T.);
#11399=CARTESIAN_POINT('',(-0.8,-12.386238535,11.201388082));
#11400=DIRECTION('',(-0.,-0.623489802,0.781831482));
#11401=DIRECTION('',(-1.,-0.,-0.));
#11402=AXIS2_PLACEMENT_3D('',#11399,#11400,#11401);
#11403=CIRCLE('',#11402,0.3);
#11404=EDGE_CURVE('',#10918,#11049,#11403,.T.);
#11405=ORIENTED_EDGE('',*,*,#11404,.T.);
#11406=ORIENTED_EDGE('',*,*,#11054,.F.);
#11407=ORIENTED_EDGE('',*,*,#11388,.F.);
#11408=EDGE_LOOP('',(#11398,#11405,#11406,#11407));
#11409=FACE_BOUND('',#11408,.T.);
#11410=ADVANCED_FACE('',(#11409),#11397,.T.);
#11411=CARTESIAN_POINT('',(-0.8,-12.386238535,11.201388082));
#11412=DIRECTION('',(1.,0.,0.));
#11413=DIRECTION('',(0.,-0.781831482,-0.623489802));
#11414=AXIS2_PLACEMENT_3D('',#11411,#11412,#11413);
#11415=SPHERICAL_SURFACE('',#11414,0.3);
#11416=CARTESIAN_POINT('',(-0.8,-12.386238535,11.201388082));
#11417=DIRECTION('',(0.,-0.670741801,-0.74169093));
#11418=DIRECTION('',(0.,0.74169093,-0.670741801));
#11419=AXIS2_PLACEMENT_3D('',#11416,#11417,#11418);
#11420=CIRCLE('',#11419,0.3);
#11421=EDGE_CURVE('',#10956,#11049,#11420,.T.);
#11422=ORIENTED_EDGE('',*,*,#11421,.T.);
#11423=ORIENTED_EDGE('',*,*,#11404,.F.);
#11424=ORIENTED_EDGE('',*,*,#11174,.F.);
#11425=EDGE_LOOP('',(#11422,#11423,#11424));
#11426=FACE_BOUND('',#11425,.T.);
#11427=ADVANCED_FACE('',(#11426),#11415,.T.);
#11428=CARTESIAN_POINT('',(-0.8,-0.,-0.));
#11429=DIRECTION('',(-1.,-0.,-0.));
#11430=DIRECTION('',(-0.,-0.765305606,0.643667095));
#11431=AXIS2_PLACEMENT_3D('',#11428,#11429,#11430);
#11432=TOROIDAL_SURFACE('',#11431,16.7,0.3);
#11433=ORIENTED_EDGE('',*,*,#10964,.T.);
#11434=CARTESIAN_POINT('',(-0.8,-8.164348529,14.568233012));
#11435=DIRECTION('',(0.,-0.872349282,-0.488883145));
#11436=DIRECTION('',(0.,0.488883145,-0.872349282));
#11437=AXIS2_PLACEMENT_3D('',#11434,#11435,#11436);
#11438=CIRCLE('',#11437,0.3);
#11439=EDGE_CURVE('',#10958,#11057,#11438,.T.);
#11440=ORIENTED_EDGE('',*,*,#11439,.T.);
#11441=ORIENTED_EDGE('',*,*,#11063,.F.);
#11442=ORIENTED_EDGE('',*,*,#11421,.F.);
#11443=EDGE_LOOP('',(#11433,#11440,#11441,#11442));
#11444=FACE_BOUND('',#11443,.T.);
#11445=ADVANCED_FACE('',(#11444),#11432,.T.);
#11446=CARTESIAN_POINT('',(-0.8,-8.164348529,14.568233012));
#11447=DIRECTION('',(1.,0.,0.));
#11448=DIRECTION('',(0.,0.488883145,-0.872349282));
#11449=AXIS2_PLACEMENT_3D('',#11446,#11447,#11448);
#11450=SPHERICAL_SURFACE('',#11449,0.3);
#11451=CARTESIAN_POINT('',(-0.8,-8.164348529,14.568233012));
#11452=DIRECTION('',(0.,0.623489802,-0.781831482));
#11453=DIRECTION('',(-0.,0.781831482,0.623489802));
#11454=AXIS2_PLACEMENT_3D('',#11451,#11452,#11453);
#11455=CIRCLE('',#11454,0.3);
#11456=EDGE_CURVE('',#10998,#11057,#11455,.T.);
#11457=ORIENTED_EDGE('',*,*,#11456,.T.);
#11458=ORIENTED_EDGE('',*,*,#11439,.F.);
#11459=ORIENTED_EDGE('',*,*,#11198,.F.);
#11460=EDGE_LOOP('',(#11457,#11458,#11459));
#11461=FACE_BOUND('',#11460,.T.);
#11462=ADVANCED_FACE('',(#11461),#11450,.T.);
#11463=CARTESIAN_POINT('',(-0.8,-7.416160767,13.630035233));
#11464=DIRECTION('',(0.,-0.623489802,0.781831482));
#11465=DIRECTION('',(1.,-0.,-0.));
#11466=AXIS2_PLACEMENT_3D('',#11463,#11464,#11465);
#11467=CYLINDRICAL_SURFACE('',#11466,0.3);
#11468=ORIENTED_EDGE('',*,*,#11005,.T.);
#11469=CARTESIAN_POINT('',(-0.8,-8.921829924,15.518084637));
#11470=DIRECTION('',(-0.,0.623489802,-0.781831482));
#11471=DIRECTION('',(1.,0.,-0.));
#11472=AXIS2_PLACEMENT_3D('',#11469,#11470,#11471);
#11473=CIRCLE('',#11472,0.3);
#11474=EDGE_CURVE('',#11000,#11038,#11473,.T.);
#11475=ORIENTED_EDGE('',*,*,#11474,.T.);
#11476=ORIENTED_EDGE('',*,*,#11069,.F.);
#11477=ORIENTED_EDGE('',*,*,#11456,.F.);
#11478=EDGE_LOOP('',(#11468,#11475,#11476,#11477));
#11479=FACE_BOUND('',#11478,.T.);
#11480=ADVANCED_FACE('',(#11479),#11467,.T.);
#11481=CARTESIAN_POINT('',(-0.8,-8.921829924,15.518084637));
#11482=DIRECTION('',(1.,0.,0.));
#11483=DIRECTION('',(-0.,0.781831482,0.623489802));
#11484=AXIS2_PLACEMENT_3D('',#11481,#11482,#11483);
#11485=SPHERICAL_SURFACE('',#11484,0.3);
#11486=ORIENTED_EDGE('',*,*,#11150,.F.);
#11487=ORIENTED_EDGE('',*,*,#11371,.T.);
#11488=ORIENTED_EDGE('',*,*,#11474,.F.);
#11489=EDGE_LOOP('',(#11486,#11487,#11488));
#11490=FACE_BOUND('',#11489,.T.);
#11491=ADVANCED_FACE('',(#11490),#11485,.T.);
#11492=CLOSED_SHELL('',(#10909,#10949,#10991,#11031,#11073,#11115,#11139,#11163,#11187,#11211,#11235,#11252,#11270,#11287,#11305,#11322,#11340,#11351,#11375,#11392,#11410,#11427,#11445,#11462,#11480,#11491));
#11493=MANIFOLD_SOLID_BREP('\X2\04220435043B043E\X0\_154 - \X2\0411041F041B0410\X0\32.20.03_155:1',#11492);
#10867=STYLED_ITEM('',(#6477),#11493);
#11495=CARTESIAN_POINT('',(-12.5,-0.,-0.));
#11496=DIRECTION('',(1.,-0.,0.));
#11497=DIRECTION('',(-0.,0.380179502,0.924912724));
#11498=AXIS2_PLACEMENT_3D('',#11495,#11496,#11497);
#11499=CYLINDRICAL_SURFACE('',#11498,18.2);
#11500=CARTESIAN_POINT('',(-0.8,6.679966483,16.92979763));
#11501=VERTEX_POINT('',#11500);
#11502=CARTESIAN_POINT('',(-0.8,1.327122058,18.151549439));
#11503=VERTEX_POINT('',#11502);
#11504=CARTESIAN_POINT('',(-0.8,-0.,-0.));
#11505=DIRECTION('',(1.,-0.,0.));
#11506=DIRECTION('',(0.,0.974927912,-0.222520934));
#11507=AXIS2_PLACEMENT_3D('',#11504,#11505,#11506);
#11508=CIRCLE('',#11507,18.2);
#11509=EDGE_CURVE('',#11501,#11503,#11508,.T.);
#11510=ORIENTED_EDGE('',*,*,#11509,.F.);
#11511=CARTESIAN_POINT('',(-12.2,6.679966483,16.92979763));
#11512=VERTEX_POINT('',#11511);
#11513=CARTESIAN_POINT('',(-12.2,6.679966483,16.92979763));
#11514=DIRECTION('',(1.,-0.,0.));
#11515=VECTOR('',#11514,11.4);
#11516=LINE('',#11513,#11515);
#11517=EDGE_CURVE('',#11512,#11501,#11516,.T.);
#11518=ORIENTED_EDGE('',*,*,#11517,.F.);
#11519=CARTESIAN_POINT('',(-12.2,1.327122058,18.151549439));
#11520=VERTEX_POINT('',#11519);
#11521=CARTESIAN_POINT('',(-12.2,-0.,-0.));
#11522=DIRECTION('',(1.,-0.,0.));
#11523=DIRECTION('',(0.,0.974927912,-0.222520934));
#11524=AXIS2_PLACEMENT_3D('',#11521,#11522,#11523);
#11525=CIRCLE('',#11524,18.2);
#11526=EDGE_CURVE('',#11512,#11520,#11525,.T.);
#11527=ORIENTED_EDGE('',*,*,#11526,.T.);
#11528=CARTESIAN_POINT('',(-12.2,1.327122058,18.151549439));
#11529=DIRECTION('',(1.,-0.,0.));
#11530=VECTOR('',#11529,11.4);
#11531=LINE('',#11528,#11530);
#11532=EDGE_CURVE('',#11520,#11503,#11531,.T.);
#11533=ORIENTED_EDGE('',*,*,#11532,.T.);
#11534=EDGE_LOOP('',(#11510,#11518,#11527,#11533));
#11535=FACE_BOUND('',#11534,.T.);
#11536=ADVANCED_FACE('',(#11535),#11499,.T.);
#11537=CARTESIAN_POINT('',(-12.5,1.06969946,18.168537175));
#11538=DIRECTION('',(-0.,-0.974927912,0.222520934));
#11539=DIRECTION('',(0.,-0.222520934,-0.974927912));
#11540=AXIS2_PLACEMENT_3D('',#11537,#11538,#11539);
#11541=PLANE('',#11540);
#11542=CARTESIAN_POINT('',(-0.8,1.012768046,17.919104355));
#11543=VERTEX_POINT('',#11542);
#11544=CARTESIAN_POINT('',(-0.8,0.742426066,16.734658752));
#11545=VERTEX_POINT('',#11544);
#11546=CARTESIAN_POINT('',(-0.8,1.012768046,17.919104355));
#11547=DIRECTION('',(0.,-0.222520934,-0.974927912));
#11548=VECTOR('',#11547,1.214905829);
#11549=LINE('',#11546,#11548);
#11550=EDGE_CURVE('',#11543,#11545,#11549,.T.);
#11551=ORIENTED_EDGE('',*,*,#11550,.F.);
#11552=CARTESIAN_POINT('',(-12.2,1.012768046,17.919104355));
#11553=VERTEX_POINT('',#11552);
#11554=CARTESIAN_POINT('',(-12.2,1.012768046,17.919104355));
#11555=DIRECTION('',(1.,-0.,0.));
#11556=VECTOR('',#11555,11.4);
#11557=LINE('',#11554,#11556);
#11558=EDGE_CURVE('',#11553,#11543,#11557,.T.);
#11559=ORIENTED_EDGE('',*,*,#11558,.F.);
#11560=CARTESIAN_POINT('',(-12.2,0.742426066,16.734658752));
#11561=VERTEX_POINT('',#11560);
#11562=CARTESIAN_POINT('',(-12.2,1.012768046,17.919104355));
#11563=DIRECTION('',(0.,-0.222520934,-0.974927912));
#11564=VECTOR('',#11563,1.214905829);
#11565=LINE('',#11562,#11564);
#11566=EDGE_CURVE('',#11553,#11561,#11565,.T.);
#11567=ORIENTED_EDGE('',*,*,#11566,.T.);
#11568=CARTESIAN_POINT('',(-12.2,0.742426066,16.734658752));
#11569=DIRECTION('',(1.,-0.,0.));
#11570=VECTOR('',#11569,11.4);
#11571=LINE('',#11568,#11570);
#11572=EDGE_CURVE('',#11561,#11545,#11571,.T.);
#11573=ORIENTED_EDGE('',*,*,#11572,.T.);
#11574=EDGE_LOOP('',(#11551,#11559,#11567,#11573));
#11575=FACE_BOUND('',#11574,.T.);
#11576=ADVANCED_FACE('',(#11575),#11541,.T.);
#11577=CARTESIAN_POINT('',(-12.5,-0.,-0.));
#11578=DIRECTION('',(-1.,0.,-0.));
#11579=DIRECTION('',(-0.,0.040425762,0.999182545));
#11580=AXIS2_PLACEMENT_3D('',#11577,#11578,#11579);
#11581=CYLINDRICAL_SURFACE('',#11580,16.4);
#11582=CARTESIAN_POINT('',(-0.8,1.016313342,16.368479074));
#11583=VERTEX_POINT('',#11582);
#11584=CARTESIAN_POINT('',(-0.8,6.186350223,15.188451894));
#11585=VERTEX_POINT('',#11584);
#11586=CARTESIAN_POINT('',(-0.8,-0.,-0.));
#11587=DIRECTION('',(-1.,0.,-0.));
#11588=DIRECTION('',(-0.,-0.974927912,0.222520934));
#11589=AXIS2_PLACEMENT_3D('',#11586,#11587,#11588);
#11590=CIRCLE('',#11589,16.4);
#11591=EDGE_CURVE('',#11583,#11585,#11590,.T.);
#11592=ORIENTED_EDGE('',*,*,#11591,.F.);
#11593=CARTESIAN_POINT('',(-12.2,1.016313342,16.368479074));
#11594=VERTEX_POINT('',#11593);
#11595=CARTESIAN_POINT('',(-12.2,1.016313342,16.368479074));
#11596=DIRECTION('',(1.,-0.,0.));
#11597=VECTOR('',#11596,11.4);
#11598=LINE('',#11595,#11597);
#11599=EDGE_CURVE('',#11594,#11583,#11598,.T.);
#11600=ORIENTED_EDGE('',*,*,#11599,.F.);
#11601=CARTESIAN_POINT('',(-12.2,6.186350223,15.188451894));
#11602=VERTEX_POINT('',#11601);
#11603=CARTESIAN_POINT('',(-12.2,-0.,-0.));
#11604=DIRECTION('',(-1.,0.,-0.));
#11605=DIRECTION('',(-0.,-0.974927912,0.222520934));
#11606=AXIS2_PLACEMENT_3D('',#11603,#11604,#11605);
#11607=CIRCLE('',#11606,16.4);
#11608=EDGE_CURVE('',#11594,#11602,#11607,.T.);
#11609=ORIENTED_EDGE('',*,*,#11608,.T.);
#11610=CARTESIAN_POINT('',(-12.2,6.186350223,15.188451894));
#11611=DIRECTION('',(1.,-0.,0.));
#11612=VECTOR('',#11611,11.4);
#11613=LINE('',#11610,#11612);
#11614=EDGE_CURVE('',#11602,#11585,#11613,.T.);
#11615=ORIENTED_EDGE('',*,*,#11614,.T.);
#11616=EDGE_LOOP('',(#11592,#11600,#11609,#11615));
#11617=FACE_BOUND('',#11616,.T.);
#11618=ADVANCED_FACE('',(#11617),#11581,.F.);
#11619=CARTESIAN_POINT('',(-12.5,6.512549971,15.05146813));
#11620=DIRECTION('',(0.,0.974927912,-0.222520934));
#11621=DIRECTION('',(-0.,0.222520934,0.974927912));
#11622=AXIS2_PLACEMENT_3D('',#11619,#11620,#11621);
#11623=PLANE('',#11622);
#11624=CARTESIAN_POINT('',(-0.8,6.591993539,15.399533148));
#11625=VERTEX_POINT('',#11624);
#11626=CARTESIAN_POINT('',(-0.8,6.862335519,16.583978751));
#11627=VERTEX_POINT('',#11626);
#11628=CARTESIAN_POINT('',(-0.8,6.591993539,15.399533148));
#11629=DIRECTION('',(0.,0.222520934,0.974927912));
#11630=VECTOR('',#11629,1.214905829);
#11631=LINE('',#11628,#11630);
#11632=EDGE_CURVE('',#11625,#11627,#11631,.T.);
#11633=ORIENTED_EDGE('',*,*,#11632,.F.);
#11634=CARTESIAN_POINT('',(-12.2,6.591993539,15.399533148));
#11635=VERTEX_POINT('',#11634);
#11636=CARTESIAN_POINT('',(-12.2,6.591993539,15.399533148));
#11637=DIRECTION('',(1.,-0.,0.));
#11638=VECTOR('',#11637,11.4);
#11639=LINE('',#11636,#11638);
#11640=EDGE_CURVE('',#11635,#11625,#11639,.T.);
#11641=ORIENTED_EDGE('',*,*,#11640,.F.);
#11642=CARTESIAN_POINT('',(-12.2,6.862335519,16.583978751));
#11643=VERTEX_POINT('',#11642);
#11644=CARTESIAN_POINT('',(-12.2,6.591993539,15.399533148));
#11645=DIRECTION('',(-0.,0.222520934,0.974927912));
#11646=VECTOR('',#11645,1.214905829);
#11647=LINE('',#11644,#11646);
#11648=EDGE_CURVE('',#11635,#11643,#11647,.T.);
#11649=ORIENTED_EDGE('',*,*,#11648,.T.);
#11650=CARTESIAN_POINT('',(-12.2,6.862335519,16.583978751));
#11651=DIRECTION('',(1.,-0.,0.));
#11652=VECTOR('',#11651,11.4);
#11653=LINE('',#11650,#11652);
#11654=EDGE_CURVE('',#11643,#11627,#11653,.T.);
#11655=ORIENTED_EDGE('',*,*,#11654,.T.);
#11656=EDGE_LOOP('',(#11633,#11641,#11649,#11655));
#11657=FACE_BOUND('',#11656,.T.);
#11658=ADVANCED_FACE('',(#11657),#11623,.T.);
#11659=CARTESIAN_POINT('',(-0.5,-0.,-0.));
#11660=DIRECTION('',(1.,-0.,0.));
#11661=DIRECTION('',(0.,0.974927912,-0.222520934));
#11662=AXIS2_PLACEMENT_3D('',#11659,#11660,#11661);
#11663=PLANE('',#11662);
#11664=CARTESIAN_POINT('',(-0.5,6.569857146,16.650735031));
#11665=VERTEX_POINT('',#11664);
#11666=CARTESIAN_POINT('',(-0.5,1.30524642,17.852348075));
#11667=VERTEX_POINT('',#11666);
#11668=CARTESIAN_POINT('',(-0.5,-0.,-0.));
#11669=DIRECTION('',(1.,-0.,0.));
#11670=DIRECTION('',(0.,0.974927912,-0.222520934));
#11671=AXIS2_PLACEMENT_3D('',#11668,#11669,#11670);
#11672=CIRCLE('',#11671,17.9);
#11673=EDGE_CURVE('',#11665,#11667,#11672,.T.);
#11674=ORIENTED_EDGE('',*,*,#11673,.T.);
#11675=CARTESIAN_POINT('',(-0.5,1.03490444,16.667902472));
#11676=VERTEX_POINT('',#11675);
#11677=CARTESIAN_POINT('',(-0.5,1.30524642,17.852348075));
#11678=DIRECTION('',(0.,-0.222520934,-0.974927912));
#11679=VECTOR('',#11678,1.214905829);
#11680=LINE('',#11677,#11679);
#11681=EDGE_CURVE('',#11667,#11676,#11680,.T.);
#11682=ORIENTED_EDGE('',*,*,#11681,.T.);
#11683=CARTESIAN_POINT('',(-0.5,6.299515166,15.466289428));
#11684=VERTEX_POINT('',#11683);
#11685=CARTESIAN_POINT('',(-0.5,-0.,-0.));
#11686=DIRECTION('',(-1.,0.,-0.));
#11687=DIRECTION('',(-0.,-0.974927912,0.222520934));
#11688=AXIS2_PLACEMENT_3D('',#11685,#11686,#11687);
#11689=CIRCLE('',#11688,16.7);
#11690=EDGE_CURVE('',#11676,#11684,#11689,.T.);
#11691=ORIENTED_EDGE('',*,*,#11690,.T.);
#11692=CARTESIAN_POINT('',(-0.5,6.299515166,15.466289428));
#11693=DIRECTION('',(-0.,0.222520934,0.974927912));
#11694=VECTOR('',#11693,1.214905829);
#11695=LINE('',#11692,#11694);
#11696=EDGE_CURVE('',#11684,#11665,#11695,.T.);
#11697=ORIENTED_EDGE('',*,*,#11696,.T.);
#11698=EDGE_LOOP('',(#11674,#11682,#11691,#11697));
#11699=FACE_BOUND('',#11698,.T.);
#11700=ADVANCED_FACE('',(#11699),#11663,.T.);
#11701=CARTESIAN_POINT('',(-12.5,-0.,-0.));
#11702=DIRECTION('',(1.,-0.,0.));
#11703=DIRECTION('',(0.,0.974927912,-0.222520934));
#11704=AXIS2_PLACEMENT_3D('',#11701,#11702,#11703);
#11705=PLANE('',#11704);
#11706=CARTESIAN_POINT('',(-12.5,6.569857146,16.650735031));
#11707=VERTEX_POINT('',#11706);
#11708=CARTESIAN_POINT('',(-12.5,1.30524642,17.852348075));
#11709=VERTEX_POINT('',#11708);
#11710=CARTESIAN_POINT('',(-12.5,-0.,-0.));
#11711=DIRECTION('',(1.,-0.,0.));
#11712=DIRECTION('',(0.,0.974927912,-0.222520934));
#11713=AXIS2_PLACEMENT_3D('',#11710,#11711,#11712);
#11714=CIRCLE('',#11713,17.9);
#11715=EDGE_CURVE('',#11707,#11709,#11714,.T.);
#11716=ORIENTED_EDGE('',*,*,#11715,.F.);
#11717=CARTESIAN_POINT('',(-12.5,6.299515166,15.466289428));
#11718=VERTEX_POINT('',#11717);
#11719=CARTESIAN_POINT('',(-12.5,6.299515166,15.466289428));
#11720=DIRECTION('',(-0.,0.222520934,0.974927912));
#11721=VECTOR('',#11720,1.214905829);
#11722=LINE('',#11719,#11721);
#11723=EDGE_CURVE('',#11718,#11707,#11722,.T.);
#11724=ORIENTED_EDGE('',*,*,#11723,.F.);
#11725=CARTESIAN_POINT('',(-12.5,1.03490444,16.667902472));
#11726=VERTEX_POINT('',#11725);
#11727=CARTESIAN_POINT('',(-12.5,-0.,-0.));
#11728=DIRECTION('',(-1.,0.,-0.));
#11729=DIRECTION('',(-0.,-0.974927912,0.222520934));
#11730=AXIS2_PLACEMENT_3D('',#11727,#11728,#11729);
#11731=CIRCLE('',#11730,16.7);
#11732=EDGE_CURVE('',#11726,#11718,#11731,.T.);
#11733=ORIENTED_EDGE('',*,*,#11732,.F.);
#11734=CARTESIAN_POINT('',(-12.5,1.30524642,17.852348075));
#11735=DIRECTION('',(0.,-0.222520934,-0.974927912));
#11736=VECTOR('',#11735,1.214905829);
#11737=LINE('',#11734,#11736);
#11738=EDGE_CURVE('',#11709,#11726,#11737,.T.);
#11739=ORIENTED_EDGE('',*,*,#11738,.F.);
#11740=EDGE_LOOP('',(#11716,#11724,#11733,#11739));
#11741=FACE_BOUND('',#11740,.T.);
#11742=ADVANCED_FACE('',(#11741),#11705,.F.);
#11743=CARTESIAN_POINT('',(-13.1,1.30524642,17.852348075));
#11744=DIRECTION('',(-1.,0.,-0.));
#11745=DIRECTION('',(-0.,-0.974927912,0.222520934));
#11746=AXIS2_PLACEMENT_3D('',#11743,#11744,#11745);
#11747=CYLINDRICAL_SURFACE('',#11746,0.3);
#11748=CARTESIAN_POINT('',(-0.8,1.30524642,17.852348075));
#11749=DIRECTION('',(-1.,0.,-0.));
#11750=DIRECTION('',(-0.,-0.974927912,0.222520934));
#11751=AXIS2_PLACEMENT_3D('',#11748,#11749,#11750);
#11752=CIRCLE('',#11751,0.3);
#11753=EDGE_CURVE('',#11543,#11503,#11752,.T.);
#11754=ORIENTED_EDGE('',*,*,#11753,.T.);
#11755=ORIENTED_EDGE('',*,*,#11532,.F.);
#11756=CARTESIAN_POINT('',(-12.2,1.30524642,17.852348075));
#11757=DIRECTION('',(1.,-0.,0.));
#11758=DIRECTION('',(-0.,-0.974927912,0.222520934));
#11759=AXIS2_PLACEMENT_3D('',#11756,#11757,#11758);
#11760=CIRCLE('',#11759,0.3);
#11761=EDGE_CURVE('',#11520,#11553,#11760,.T.);
#11762=ORIENTED_EDGE('',*,*,#11761,.T.);
#11763=ORIENTED_EDGE('',*,*,#11558,.T.);
#11764=EDGE_LOOP('',(#11754,#11755,#11762,#11763));
#11765=FACE_BOUND('',#11764,.T.);
#11766=ADVANCED_FACE('',(#11765),#11747,.T.);
#11767=CARTESIAN_POINT('',(-13.1,6.569857146,16.650735031));
#11768=DIRECTION('',(-1.,0.,-0.));
#11769=DIRECTION('',(-0.,0.367031125,0.930208661));
#11770=AXIS2_PLACEMENT_3D('',#11767,#11768,#11769);
#11771=CYLINDRICAL_SURFACE('',#11770,0.3);
#11772=CARTESIAN_POINT('',(-0.8,6.569857146,16.650735031));
#11773=DIRECTION('',(-1.,0.,-0.));
#11774=DIRECTION('',(-0.,-0.974927912,0.222520934));
#11775=AXIS2_PLACEMENT_3D('',#11772,#11773,#11774);
#11776=CIRCLE('',#11775,0.3);
#11777=EDGE_CURVE('',#11501,#11627,#11776,.T.);
#11778=ORIENTED_EDGE('',*,*,#11777,.T.);
#11779=ORIENTED_EDGE('',*,*,#11654,.F.);
#11780=CARTESIAN_POINT('',(-12.2,6.569857146,16.650735031));
#11781=DIRECTION('',(1.,-0.,0.));
#11782=DIRECTION('',(-0.,-0.974927912,0.222520934));
#11783=AXIS2_PLACEMENT_3D('',#11780,#11781,#11782);
#11784=CIRCLE('',#11783,0.3);
#11785=EDGE_CURVE('',#11643,#11512,#11784,.T.);
#11786=ORIENTED_EDGE('',*,*,#11785,.T.);
#11787=ORIENTED_EDGE('',*,*,#11517,.T.);
#11788=EDGE_LOOP('',(#11778,#11779,#11786,#11787));
#11789=FACE_BOUND('',#11788,.T.);
#11790=ADVANCED_FACE('',(#11789),#11771,.T.);
#11791=CARTESIAN_POINT('',(-13.1,1.03490444,16.667902472));
#11792=DIRECTION('',(-1.,0.,-0.));
#11793=DIRECTION('',(0.,-0.061970326,-0.998077992));
#11794=AXIS2_PLACEMENT_3D('',#11791,#11792,#11793);
#11795=CYLINDRICAL_SURFACE('',#11794,0.3);
#11796=CARTESIAN_POINT('',(-0.8,1.03490444,16.667902472));
#11797=DIRECTION('',(-1.,0.,-0.));
#11798=DIRECTION('',(-0.,-0.974927912,0.222520934));
#11799=AXIS2_PLACEMENT_3D('',#11796,#11797,#11798);
#11800=CIRCLE('',#11799,0.3);
#11801=EDGE_CURVE('',#11583,#11545,#11800,.T.);
#11802=ORIENTED_EDGE('',*,*,#11801,.T.);
#11803=ORIENTED_EDGE('',*,*,#11572,.F.);
#11804=CARTESIAN_POINT('',(-12.2,1.03490444,16.667902472));
#11805=DIRECTION('',(1.,-0.,0.));
#11806=DIRECTION('',(-0.,-0.974927912,0.222520934));
#11807=AXIS2_PLACEMENT_3D('',#11804,#11805,#11806);
#11808=CIRCLE('',#11807,0.3);
#11809=EDGE_CURVE('',#11561,#11594,#11808,.T.);
#11810=ORIENTED_EDGE('',*,*,#11809,.T.);
#11811=ORIENTED_EDGE('',*,*,#11599,.T.);
#11812=EDGE_LOOP('',(#11802,#11803,#11810,#11811));
#11813=FACE_BOUND('',#11812,.T.);
#11814=ADVANCED_FACE('',(#11813),#11795,.T.);
#11815=CARTESIAN_POINT('',(-13.1,6.299515166,15.466289428));
#11816=DIRECTION('',(-1.,0.,-0.));
#11817=DIRECTION('',(0.,0.974927912,-0.222520934));
#11818=AXIS2_PLACEMENT_3D('',#11815,#11816,#11817);
#11819=CYLINDRICAL_SURFACE('',#11818,0.3);
#11820=CARTESIAN_POINT('',(-0.8,6.299515166,15.466289428));
#11821=DIRECTION('',(-1.,0.,-0.));
#11822=DIRECTION('',(-0.,-0.974927912,0.222520934));
#11823=AXIS2_PLACEMENT_3D('',#11820,#11821,#11822);
#11824=CIRCLE('',#11823,0.3);
#11825=EDGE_CURVE('',#11625,#11585,#11824,.T.);
#11826=ORIENTED_EDGE('',*,*,#11825,.T.);
#11827=ORIENTED_EDGE('',*,*,#11614,.F.);
#11828=CARTESIAN_POINT('',(-12.2,6.299515166,15.466289428));
#11829=DIRECTION('',(1.,-0.,0.));
#11830=DIRECTION('',(-0.,-0.974927912,0.222520934));
#11831=AXIS2_PLACEMENT_3D('',#11828,#11829,#11830);
#11832=CIRCLE('',#11831,0.3);
#11833=EDGE_CURVE('',#11602,#11635,#11832,.T.);
#11834=ORIENTED_EDGE('',*,*,#11833,.T.);
#11835=ORIENTED_EDGE('',*,*,#11640,.T.);
#11836=EDGE_LOOP('',(#11826,#11827,#11834,#11835));
#11837=FACE_BOUND('',#11836,.T.);
#11838=ADVANCED_FACE('',(#11837),#11819,.T.);
#11839=CARTESIAN_POINT('',(-12.2,-0.,-0.));
#11840=DIRECTION('',(1.,-0.,0.));
#11841=DIRECTION('',(-0.,0.397999294,0.917385721));
#11842=AXIS2_PLACEMENT_3D('',#11839,#11840,#11841);
#11843=TOROIDAL_SURFACE('',#11842,17.9,0.3);
#11844=ORIENTED_EDGE('',*,*,#11526,.F.);
#11845=CARTESIAN_POINT('',(-12.2,6.569857146,16.650735031));
#11846=DIRECTION('',(0.,0.930208661,-0.367031125));
#11847=DIRECTION('',(0.,-0.367031125,-0.930208661));
#11848=AXIS2_PLACEMENT_3D('',#11845,#11846,#11847);
#11849=CIRCLE('',#11848,0.3);
#11850=EDGE_CURVE('',#11707,#11512,#11849,.T.);
#11851=ORIENTED_EDGE('',*,*,#11850,.F.);
#11852=ORIENTED_EDGE('',*,*,#11715,.T.);
#11853=CARTESIAN_POINT('',(-12.2,1.30524642,17.852348075));
#11854=DIRECTION('',(0.,0.997337881,-0.072918794));
#11855=DIRECTION('',(-0.,0.072918794,0.997337881));
#11856=AXIS2_PLACEMENT_3D('',#11853,#11854,#11855);
#11857=CIRCLE('',#11856,0.3);
#11858=EDGE_CURVE('',#11709,#11520,#11857,.T.);
#11859=ORIENTED_EDGE('',*,*,#11858,.T.);
#11860=EDGE_LOOP('',(#11844,#11851,#11852,#11859));
#11861=FACE_BOUND('',#11860,.T.);
#11862=ADVANCED_FACE('',(#11861),#11843,.T.);
#11863=CARTESIAN_POINT('',(-12.2,1.30524642,17.852348075));
#11864=DIRECTION('',(-1.,0.,-0.));
#11865=DIRECTION('',(-0.,-0.974927912,0.222520934));
#11866=AXIS2_PLACEMENT_3D('',#11863,#11864,#11865);
#11867=SPHERICAL_SURFACE('',#11866,0.3);
#11868=CARTESIAN_POINT('',(-12.2,1.30524642,17.852348075));
#11869=DIRECTION('',(-0.,0.222520934,0.974927912));
#11870=DIRECTION('',(-1.,0.,-0.));
#11871=AXIS2_PLACEMENT_3D('',#11868,#11869,#11870);
#11872=CIRCLE('',#11871,0.3);
#11873=EDGE_CURVE('',#11709,#11553,#11872,.T.);
#11874=ORIENTED_EDGE('',*,*,#11873,.T.);
#11875=ORIENTED_EDGE('',*,*,#11761,.F.);
#11876=ORIENTED_EDGE('',*,*,#11858,.F.);
#11877=EDGE_LOOP('',(#11874,#11875,#11876));
#11878=FACE_BOUND('',#11877,.T.);
#11879=ADVANCED_FACE('',(#11878),#11867,.T.);
#11880=CARTESIAN_POINT('',(-12.2,1.572271541,19.022261569));
#11881=DIRECTION('',(-0.,0.222520934,0.974927912));
#11882=DIRECTION('',(-1.,0.,-0.));
#11883=AXIS2_PLACEMENT_3D('',#11880,#11881,#11882);
#11884=CYLINDRICAL_SURFACE('',#11883,0.3);
#11885=ORIENTED_EDGE('',*,*,#11566,.F.);
#11886=ORIENTED_EDGE('',*,*,#11873,.F.);
#11887=ORIENTED_EDGE('',*,*,#11738,.T.);
#11888=CARTESIAN_POINT('',(-12.2,1.03490444,16.667902472));
#11889=DIRECTION('',(-0.,0.222520934,0.974927912));
#11890=DIRECTION('',(1.,-0.,0.));
#11891=AXIS2_PLACEMENT_3D('',#11888,#11889,#11890);
#11892=CIRCLE('',#11891,0.3);
#11893=EDGE_CURVE('',#11726,#11561,#11892,.T.);
#11894=ORIENTED_EDGE('',*,*,#11893,.T.);
#11895=EDGE_LOOP('',(#11885,#11886,#11887,#11894));
#11896=FACE_BOUND('',#11895,.T.);
#11897=ADVANCED_FACE('',(#11896),#11884,.T.);
#11898=CARTESIAN_POINT('',(-12.2,1.03490444,16.667902472));
#11899=DIRECTION('',(-1.,0.,-0.));
#11900=DIRECTION('',(0.,-0.061970326,-0.998077992));
#11901=AXIS2_PLACEMENT_3D('',#11898,#11899,#11900);
#11902=SPHERICAL_SURFACE('',#11901,0.3);
#11903=ORIENTED_EDGE('',*,*,#11809,.F.);
#11904=ORIENTED_EDGE('',*,*,#11893,.F.);
#11905=CARTESIAN_POINT('',(-12.2,1.03490444,16.667902472));
#11906=DIRECTION('',(-0.,-0.998077992,0.061970326));
#11907=DIRECTION('',(-0.,0.061970326,0.998077992));
#11908=AXIS2_PLACEMENT_3D('',#11905,#11906,#11907);
#11909=CIRCLE('',#11908,0.3);
#11910=EDGE_CURVE('',#11726,#11594,#11909,.T.);
#11911=ORIENTED_EDGE('',*,*,#11910,.T.);
#11912=EDGE_LOOP('',(#11903,#11904,#11911));
#11913=FACE_BOUND('',#11912,.T.);
#11914=ADVANCED_FACE('',(#11913),#11902,.T.);
#11915=CARTESIAN_POINT('',(-12.2,-0.,-0.));
#11916=DIRECTION('',(-1.,0.,-0.));
#11917=DIRECTION('',(-0.,0.026078958,0.999659886));
#11918=AXIS2_PLACEMENT_3D('',#11915,#11916,#11917);
#11919=TOROIDAL_SURFACE('',#11918,16.7,0.3);
#11920=ORIENTED_EDGE('',*,*,#11608,.F.);
#11921=ORIENTED_EDGE('',*,*,#11910,.F.);
#11922=ORIENTED_EDGE('',*,*,#11732,.T.);
#11923=CARTESIAN_POINT('',(-12.2,6.299515166,15.466289428));
#11924=DIRECTION('',(-0.,-0.926125115,0.377216477));
#11925=DIRECTION('',(0.,-0.377216477,-0.926125115));
#11926=AXIS2_PLACEMENT_3D('',#11923,#11924,#11925);
#11927=CIRCLE('',#11926,0.3);
#11928=EDGE_CURVE('',#11718,#11602,#11927,.T.);
#11929=ORIENTED_EDGE('',*,*,#11928,.T.);
#11930=EDGE_LOOP('',(#11920,#11921,#11922,#11929));
#11931=FACE_BOUND('',#11930,.T.);
#11932=ADVANCED_FACE('',(#11931),#11919,.T.);
#11933=CARTESIAN_POINT('',(-12.2,6.299515166,15.466289428));
#11934=DIRECTION('',(-1.,0.,-0.));
#11935=DIRECTION('',(0.,0.974927912,-0.222520934));
#11936=AXIS2_PLACEMENT_3D('',#11933,#11934,#11935);
#11937=SPHERICAL_SURFACE('',#11936,0.3);
#11938=ORIENTED_EDGE('',*,*,#11833,.F.);
#11939=ORIENTED_EDGE('',*,*,#11928,.F.);
#11940=CARTESIAN_POINT('',(-12.2,6.299515166,15.466289428));
#11941=DIRECTION('',(0.,-0.222520934,-0.974927912));
#11942=DIRECTION('',(1.,-0.,0.));
#11943=AXIS2_PLACEMENT_3D('',#11940,#11941,#11942);
#11944=CIRCLE('',#11943,0.3);
#11945=EDGE_CURVE('',#11718,#11635,#11944,.T.);
#11946=ORIENTED_EDGE('',*,*,#11945,.T.);
#11947=EDGE_LOOP('',(#11938,#11939,#11946));
#11948=FACE_BOUND('',#11947,.T.);
#11949=ADVANCED_FACE('',(#11948),#11937,.T.);
#11950=CARTESIAN_POINT('',(-12.2,6.032490045,14.296375934));
#11951=DIRECTION('',(0.,-0.222520934,-0.974927912));
#11952=DIRECTION('',(-1.,-0.,0.));
#11953=AXIS2_PLACEMENT_3D('',#11950,#11951,#11952);
#11954=CYLINDRICAL_SURFACE('',#11953,0.3);
#11955=ORIENTED_EDGE('',*,*,#11648,.F.);
#11956=ORIENTED_EDGE('',*,*,#11945,.F.);
#11957=ORIENTED_EDGE('',*,*,#11723,.T.);
#11958=CARTESIAN_POINT('',(-12.2,6.569857146,16.650735031));
#11959=DIRECTION('',(0.,-0.222520934,-0.974927912));
#11960=DIRECTION('',(-1.,0.,-0.));
#11961=AXIS2_PLACEMENT_3D('',#11958,#11959,#11960);
#11962=CIRCLE('',#11961,0.3);
#11963=EDGE_CURVE('',#11707,#11643,#11962,.T.);
#11964=ORIENTED_EDGE('',*,*,#11963,.T.);
#11965=EDGE_LOOP('',(#11955,#11956,#11957,#11964));
#11966=FACE_BOUND('',#11965,.T.);
#11967=ADVANCED_FACE('',(#11966),#11954,.T.);
#11968=CARTESIAN_POINT('',(-12.2,6.569857146,16.650735031));
#11969=DIRECTION('',(-1.,0.,-0.));
#11970=DIRECTION('',(-0.,0.367031125,0.930208661));
#11971=AXIS2_PLACEMENT_3D('',#11968,#11969,#11970);
#11972=SPHERICAL_SURFACE('',#11971,0.3);
#11973=ORIENTED_EDGE('',*,*,#11963,.F.);
#11974=ORIENTED_EDGE('',*,*,#11850,.T.);
#11975=ORIENTED_EDGE('',*,*,#11785,.F.);
#11976=EDGE_LOOP('',(#11973,#11974,#11975));
#11977=FACE_BOUND('',#11976,.T.);
#11978=ADVANCED_FACE('',(#11977),#11972,.T.);
#11979=CARTESIAN_POINT('',(-0.8,-0.,-0.));
#11980=DIRECTION('',(1.,-0.,0.));
#11981=DIRECTION('',(-0.,0.397999294,0.917385721));
#11982=AXIS2_PLACEMENT_3D('',#11979,#11980,#11981);
#11983=TOROIDAL_SURFACE('',#11982,17.9,0.3);
#11984=ORIENTED_EDGE('',*,*,#11509,.T.);
#11985=CARTESIAN_POINT('',(-0.8,1.30524642,17.852348075));
#11986=DIRECTION('',(0.,0.997337881,-0.072918794));
#11987=DIRECTION('',(-0.,0.072918794,0.997337881));
#11988=AXIS2_PLACEMENT_3D('',#11985,#11986,#11987);
#11989=CIRCLE('',#11988,0.3);
#11990=EDGE_CURVE('',#11503,#11667,#11989,.T.);
#11991=ORIENTED_EDGE('',*,*,#11990,.T.);
#11992=ORIENTED_EDGE('',*,*,#11673,.F.);
#11993=CARTESIAN_POINT('',(-0.8,6.569857146,16.650735031));
#11994=DIRECTION('',(0.,0.930208661,-0.367031125));
#11995=DIRECTION('',(-0.,0.367031125,0.930208661));
#11996=AXIS2_PLACEMENT_3D('',#11993,#11994,#11995);
#11997=CIRCLE('',#11996,0.3);
#11998=EDGE_CURVE('',#11501,#11665,#11997,.T.);
#11999=ORIENTED_EDGE('',*,*,#11998,.F.);
#12000=EDGE_LOOP('',(#11984,#11991,#11992,#11999));
#12001=FACE_BOUND('',#12000,.T.);
#12002=ADVANCED_FACE('',(#12001),#11983,.T.);
#12003=CARTESIAN_POINT('',(-0.8,1.30524642,17.852348075));
#12004=DIRECTION('',(1.,-0.,0.));
#12005=DIRECTION('',(-0.,0.072918794,0.997337881));
#12006=AXIS2_PLACEMENT_3D('',#12003,#12004,#12005);
#12007=SPHERICAL_SURFACE('',#12006,0.3);
#12008=ORIENTED_EDGE('',*,*,#11990,.F.);
#12009=ORIENTED_EDGE('',*,*,#11753,.F.);
#12010=CARTESIAN_POINT('',(-0.8,1.30524642,17.852348075));
#12011=DIRECTION('',(-0.,0.222520934,0.974927912));
#12012=DIRECTION('',(-0.,-0.974927912,0.222520934));
#12013=AXIS2_PLACEMENT_3D('',#12010,#12011,#12012);
#12014=CIRCLE('',#12013,0.3);
#12015=EDGE_CURVE('',#11543,#11667,#12014,.T.);
#12016=ORIENTED_EDGE('',*,*,#12015,.T.);
#12017=EDGE_LOOP('',(#12008,#12009,#12016));
#12018=FACE_BOUND('',#12017,.T.);
#12019=ADVANCED_FACE('',(#12018),#12007,.T.);
#12020=CARTESIAN_POINT('',(-0.8,1.572271541,19.022261569));
#12021=DIRECTION('',(0.,-0.222520934,-0.974927912));
#12022=DIRECTION('',(1.,-0.,0.));
#12023=AXIS2_PLACEMENT_3D('',#12020,#12021,#12022);
#12024=CYLINDRICAL_SURFACE('',#12023,0.3);
#12025=ORIENTED_EDGE('',*,*,#11550,.T.);
#12026=CARTESIAN_POINT('',(-0.8,1.03490444,16.667902472));
#12027=DIRECTION('',(-0.,0.222520934,0.974927912));
#12028=DIRECTION('',(-1.,0.,-0.));
#12029=AXIS2_PLACEMENT_3D('',#12026,#12027,#12028);
#12030=CIRCLE('',#12029,0.3);
#12031=EDGE_CURVE('',#11545,#11676,#12030,.T.);
#12032=ORIENTED_EDGE('',*,*,#12031,.T.);
#12033=ORIENTED_EDGE('',*,*,#11681,.F.);
#12034=ORIENTED_EDGE('',*,*,#12015,.F.);
#12035=EDGE_LOOP('',(#12025,#12032,#12033,#12034));
#12036=FACE_BOUND('',#12035,.T.);
#12037=ADVANCED_FACE('',(#12036),#12024,.T.);
#12038=CARTESIAN_POINT('',(-0.8,1.03490444,16.667902472));
#12039=DIRECTION('',(1.,-0.,0.));
#12040=DIRECTION('',(-0.,-0.974927912,0.222520934));
#12041=AXIS2_PLACEMENT_3D('',#12038,#12039,#12040);
#12042=SPHERICAL_SURFACE('',#12041,0.3);
#12043=CARTESIAN_POINT('',(-0.8,1.03490444,16.667902472));
#12044=DIRECTION('',(-0.,-0.998077992,0.061970326));
#12045=DIRECTION('',(0.,-0.061970326,-0.998077992));
#12046=AXIS2_PLACEMENT_3D('',#12043,#12044,#12045);
#12047=CIRCLE('',#12046,0.3);
#12048=EDGE_CURVE('',#11583,#11676,#12047,.T.);
#12049=ORIENTED_EDGE('',*,*,#12048,.T.);
#12050=ORIENTED_EDGE('',*,*,#12031,.F.);
#12051=ORIENTED_EDGE('',*,*,#11801,.F.);
#12052=EDGE_LOOP('',(#12049,#12050,#12051));
#12053=FACE_BOUND('',#12052,.T.);
#12054=ADVANCED_FACE('',(#12053),#12042,.T.);
#12055=CARTESIAN_POINT('',(-0.8,-0.,-0.));
#12056=DIRECTION('',(-1.,0.,-0.));
#12057=DIRECTION('',(-0.,0.026078958,0.999659886));
#12058=AXIS2_PLACEMENT_3D('',#12055,#12056,#12057);
#12059=TOROIDAL_SURFACE('',#12058,16.7,0.3);
#12060=ORIENTED_EDGE('',*,*,#11591,.T.);
#12061=CARTESIAN_POINT('',(-0.8,6.299515166,15.466289428));
#12062=DIRECTION('',(-0.,-0.926125115,0.377216477));
#12063=DIRECTION('',(0.,-0.377216477,-0.926125115));
#12064=AXIS2_PLACEMENT_3D('',#12061,#12062,#12063);
#12065=CIRCLE('',#12064,0.3);
#12066=EDGE_CURVE('',#11585,#11684,#12065,.T.);
#12067=ORIENTED_EDGE('',*,*,#12066,.T.);
#12068=ORIENTED_EDGE('',*,*,#11690,.F.);
#12069=ORIENTED_EDGE('',*,*,#12048,.F.);
#12070=EDGE_LOOP('',(#12060,#12067,#12068,#12069));
#12071=FACE_BOUND('',#12070,.T.);
#12072=ADVANCED_FACE('',(#12071),#12059,.T.);
#12073=CARTESIAN_POINT('',(-0.8,6.299515166,15.466289428));
#12074=DIRECTION('',(1.,-0.,0.));
#12075=DIRECTION('',(0.,-0.377216477,-0.926125115));
#12076=AXIS2_PLACEMENT_3D('',#12073,#12074,#12075);
#12077=SPHERICAL_SURFACE('',#12076,0.3);
#12078=CARTESIAN_POINT('',(-0.8,6.299515166,15.466289428));
#12079=DIRECTION('',(0.,-0.222520934,-0.974927912));
#12080=DIRECTION('',(0.,0.974927912,-0.222520934));
#12081=AXIS2_PLACEMENT_3D('',#12078,#12079,#12080);
#12082=CIRCLE('',#12081,0.3);
#12083=EDGE_CURVE('',#11625,#11684,#12082,.T.);
#12084=ORIENTED_EDGE('',*,*,#12083,.T.);
#12085=ORIENTED_EDGE('',*,*,#12066,.F.);
#12086=ORIENTED_EDGE('',*,*,#11825,.F.);
#12087=EDGE_LOOP('',(#12084,#12085,#12086));
#12088=FACE_BOUND('',#12087,.T.);
#12089=ADVANCED_FACE('',(#12088),#12077,.T.);
#12090=CARTESIAN_POINT('',(-0.8,6.032490045,14.296375934));
#12091=DIRECTION('',(0.,0.222520934,0.974927912));
#12092=DIRECTION('',(1.,-0.,-0.));
#12093=AXIS2_PLACEMENT_3D('',#12090,#12091,#12092);
#12094=CYLINDRICAL_SURFACE('',#12093,0.3);
#12095=ORIENTED_EDGE('',*,*,#11632,.T.);
#12096=CARTESIAN_POINT('',(-0.8,6.569857146,16.650735031));
#12097=DIRECTION('',(-0.,-0.222520934,-0.974927912));
#12098=DIRECTION('',(1.,-0.,-0.));
#12099=AXIS2_PLACEMENT_3D('',#12096,#12097,#12098);
#12100=CIRCLE('',#12099,0.3);
#12101=EDGE_CURVE('',#11627,#11665,#12100,.T.);
#12102=ORIENTED_EDGE('',*,*,#12101,.T.);
#12103=ORIENTED_EDGE('',*,*,#11696,.F.);
#12104=ORIENTED_EDGE('',*,*,#12083,.F.);
#12105=EDGE_LOOP('',(#12095,#12102,#12103,#12104));
#12106=FACE_BOUND('',#12105,.T.);
#12107=ADVANCED_FACE('',(#12106),#12094,.T.);
#12108=CARTESIAN_POINT('',(-0.8,6.569857146,16.650735031));
#12109=DIRECTION('',(1.,-0.,0.));
#12110=DIRECTION('',(0.,0.974927912,-0.222520934));
#12111=AXIS2_PLACEMENT_3D('',#12108,#12109,#12110);
#12112=SPHERICAL_SURFACE('',#12111,0.3);
#12113=ORIENTED_EDGE('',*,*,#11777,.F.);
#12114=ORIENTED_EDGE('',*,*,#11998,.T.);
#12115=ORIENTED_EDGE('',*,*,#12101,.F.);
#12116=EDGE_LOOP('',(#12113,#12114,#12115));
#12117=FACE_BOUND('',#12116,.T.);
#12118=ADVANCED_FACE('',(#12117),#12112,.T.);
#12119=CLOSED_SHELL('',(#11536,#11576,#11618,#11658,#11700,#11742,#11766,#11790,#11814,#11838,#11862,#11879,#11897,#11914,#11932,#11949,#11967,#11978,#12002,#12019,#12037,#12054,#12072,#12089,#12107,#12118));
#12120=MANIFOLD_SOLID_BREP('\X2\04220435043B043E\X0\_155 - \X2\0411041F041B0410\X0\32.20.03_156:1',#12119);
#11494=STYLED_ITEM('',(#6477),#12120);
#12122=CARTESIAN_POINT('',(-12.5,0.,-0.));
#12123=DIRECTION('',(1.,-0.,0.));
#12124=DIRECTION('',(-0.,0.960163928,0.279437347));
#12125=AXIS2_PLACEMENT_3D('',#12122,#12123,#12124);
#12126=CYLINDRICAL_SURFACE('',#12125,18.2);
#12127=CARTESIAN_POINT('',(-0.8,17.401139758,5.332948071));
#12128=VERTEX_POINT('',#12127);
#12129=CARTESIAN_POINT('',(-0.8,15.018899876,10.279720157));
#12130=VERTEX_POINT('',#12129);
#12131=CARTESIAN_POINT('',(-0.8,-0.,-0.));
#12132=DIRECTION('',(1.,-0.,0.));
#12133=DIRECTION('',(0.,0.433883739,-0.900968868));
#12134=AXIS2_PLACEMENT_3D('',#12131,#12132,#12133);
#12135=CIRCLE('',#12134,18.2);
#12136=EDGE_CURVE('',#12128,#12130,#12135,.T.);
#12137=ORIENTED_EDGE('',*,*,#12136,.F.);
#12138=CARTESIAN_POINT('',(-12.2,17.401139758,5.332948071));
#12139=VERTEX_POINT('',#12138);
#12140=CARTESIAN_POINT('',(-12.2,17.401139758,5.332948071));
#12141=DIRECTION('',(1.,-0.,0.));
#12142=VECTOR('',#12141,11.4);
#12143=LINE('',#12140,#12142);
#12144=EDGE_CURVE('',#12139,#12128,#12143,.T.);
#12145=ORIENTED_EDGE('',*,*,#12144,.F.);
#12146=CARTESIAN_POINT('',(-12.2,15.018899876,10.279720157));
#12147=VERTEX_POINT('',#12146);
#12148=CARTESIAN_POINT('',(-12.2,0.,-0.));
#12149=DIRECTION('',(1.,-0.,0.));
#12150=DIRECTION('',(0.,0.433883739,-0.900968868));
#12151=AXIS2_PLACEMENT_3D('',#12148,#12149,#12150);
#12152=CIRCLE('',#12151,18.2);
#12153=EDGE_CURVE('',#12139,#12147,#12152,.T.);
#12154=ORIENTED_EDGE('',*,*,#12153,.T.);
#12155=CARTESIAN_POINT('',(-12.2,15.018899876,10.279720157));
#12156=DIRECTION('',(1.,-0.,0.));
#12157=VECTOR('',#12156,11.4);
#12158=LINE('',#12155,#12157);
#12159=EDGE_CURVE('',#12147,#12130,#12158,.T.);
#12160=ORIENTED_EDGE('',*,*,#12159,.T.);
#12161=EDGE_LOOP('',(#12137,#12145,#12154,#12160));
#12162=FACE_BOUND('',#12161,.T.);
#12163=ADVANCED_FACE('',(#12162),#12126,.T.);
#12164=CARTESIAN_POINT('',(-12.5,14.871681058,10.491572929));
#12165=DIRECTION('',(-0.,-0.433883739,0.900968868));
#12166=DIRECTION('',(0.,-0.900968868,-0.433883739));
#12167=AXIS2_PLACEMENT_3D('',#12164,#12165,#12166);
#12168=PLANE('',#12167);
#12169=CARTESIAN_POINT('',(-0.8,14.641170471,10.380564881));
#12170=VERTEX_POINT('',#12169);
#12171=CARTESIAN_POINT('',(-0.8,13.546578141,9.853436997));
#12172=VERTEX_POINT('',#12171);
#12173=CARTESIAN_POINT('',(-0.8,14.641170471,10.380564881));
#12174=DIRECTION('',(0.,-0.900968868,-0.433883739));
#12175=VECTOR('',#12174,1.214905829);
#12176=LINE('',#12173,#12175);
#12177=EDGE_CURVE('',#12170,#12172,#12176,.T.);
#12178=ORIENTED_EDGE('',*,*,#12177,.F.);
#12179=CARTESIAN_POINT('',(-12.2,14.641170471,10.380564881));
#12180=VERTEX_POINT('',#12179);
#12181=CARTESIAN_POINT('',(-12.2,14.641170471,10.380564881));
#12182=DIRECTION('',(1.,-0.,0.));
#12183=VECTOR('',#12182,11.4);
#12184=LINE('',#12181,#12183);
#12185=EDGE_CURVE('',#12180,#12170,#12184,.T.);
#12186=ORIENTED_EDGE('',*,*,#12185,.F.);
#12187=CARTESIAN_POINT('',(-12.2,13.546578141,9.853436997));
#12188=VERTEX_POINT('',#12187);
#12189=CARTESIAN_POINT('',(-12.2,14.641170471,10.380564881));
#12190=DIRECTION('',(0.,-0.900968868,-0.433883739));
#12191=VECTOR('',#12190,1.214905829);
#12192=LINE('',#12189,#12191);
#12193=EDGE_CURVE('',#12180,#12188,#12192,.T.);
#12194=ORIENTED_EDGE('',*,*,#12193,.T.);
#12195=CARTESIAN_POINT('',(-12.2,13.546578141,9.853436997));
#12196=DIRECTION('',(1.,-0.,0.));
#12197=VECTOR('',#12196,11.4);
#12198=LINE('',#12195,#12197);
#12199=EDGE_CURVE('',#12188,#12172,#12198,.T.);
#12200=ORIENTED_EDGE('',*,*,#12199,.T.);
#12201=EDGE_LOOP('',(#12178,#12186,#12194,#12200));
#12202=FACE_BOUND('',#12201,.T.);
#12203=ADVANCED_FACE('',(#12202),#12168,.T.);
#12204=CARTESIAN_POINT('',(-12.5,0.,-0.));
#12205=DIRECTION('',(-1.,0.,-0.));
#12206=DIRECTION('',(-0.,0.806397421,0.591373993));
#12207=AXIS2_PLACEMENT_3D('',#12204,#12205,#12206);
#12208=CYLINDRICAL_SURFACE('',#12207,16.4);
#12209=CARTESIAN_POINT('',(-0.8,13.431053264,9.410994007));
#12210=VERTEX_POINT('',#12209);
#12211=CARTESIAN_POINT('',(-0.8,15.731936135,4.633161496));
#12212=VERTEX_POINT('',#12211);
#12213=CARTESIAN_POINT('',(-0.8,-0.,-0.));
#12214=DIRECTION('',(-1.,0.,-0.));
#12215=DIRECTION('',(-0.,-0.433883739,0.900968868));
#12216=AXIS2_PLACEMENT_3D('',#12213,#12214,#12215);
#12217=CIRCLE('',#12216,16.4);
#12218=EDGE_CURVE('',#12210,#12212,#12217,.T.);
#12219=ORIENTED_EDGE('',*,*,#12218,.F.);
#12220=CARTESIAN_POINT('',(-12.2,13.431053264,9.410994007));
#12221=VERTEX_POINT('',#12220);
#12222=CARTESIAN_POINT('',(-12.2,13.431053264,9.410994007));
#12223=DIRECTION('',(1.,-0.,0.));
#12224=VECTOR('',#12223,11.4);
#12225=LINE('',#12222,#12224);
#12226=EDGE_CURVE('',#12221,#12210,#12225,.T.);
#12227=ORIENTED_EDGE('',*,*,#12226,.F.);
#12228=CARTESIAN_POINT('',(-12.2,15.731936135,4.633161496));
#12229=VERTEX_POINT('',#12228);
#12230=CARTESIAN_POINT('',(-12.2,0.,-0.));
#12231=DIRECTION('',(-1.,0.,-0.));
#12232=DIRECTION('',(-0.,-0.433883739,0.900968868));
#12233=AXIS2_PLACEMENT_3D('',#12230,#12231,#12232);
#12234=CIRCLE('',#12233,16.4);
#12235=EDGE_CURVE('',#12221,#12229,#12234,.T.);
#12236=ORIENTED_EDGE('',*,*,#12235,.T.);
#12237=CARTESIAN_POINT('',(-12.2,15.731936135,4.633161496));
#12238=DIRECTION('',(1.,-0.,0.));
#12239=VECTOR('',#12238,11.4);
#12240=LINE('',#12237,#12239);
#12241=EDGE_CURVE('',#12229,#12212,#12240,.T.);
#12242=ORIENTED_EDGE('',*,*,#12241,.T.);
#12243=EDGE_LOOP('',(#12219,#12227,#12236,#12242));
#12244=FACE_BOUND('',#12243,.T.);
#12245=ADVANCED_FACE('',(#12244),#12208,.F.);
#12246=CARTESIAN_POINT('',(-12.5,15.828220132,4.292720284));
#12247=DIRECTION('',(0.,0.433883739,-0.900968868));
#12248=DIRECTION('',(-0.,0.900968868,0.433883739));
#12249=AXIS2_PLACEMENT_3D('',#12246,#12247,#12248);
#12250=PLANE('',#12249);
#12251=CARTESIAN_POINT('',(-0.8,16.149880576,4.44762379));
#12252=VERTEX_POINT('',#12251);
#12253=CARTESIAN_POINT('',(-0.8,17.244472905,4.974751673));
#12254=VERTEX_POINT('',#12253);
#12255=CARTESIAN_POINT('',(-0.8,16.149880576,4.44762379));
#12256=DIRECTION('',(0.,0.900968868,0.433883739));
#12257=VECTOR('',#12256,1.214905829);
#12258=LINE('',#12255,#12257);
#12259=EDGE_CURVE('',#12252,#12254,#12258,.T.);
#12260=ORIENTED_EDGE('',*,*,#12259,.F.);
#12261=CARTESIAN_POINT('',(-12.2,16.149880576,4.44762379));
#12262=VERTEX_POINT('',#12261);
#12263=CARTESIAN_POINT('',(-12.2,16.149880576,4.44762379));
#12264=DIRECTION('',(1.,-0.,0.));
#12265=VECTOR('',#12264,11.4);
#12266=LINE('',#12263,#12265);
#12267=EDGE_CURVE('',#12262,#12252,#12266,.T.);
#12268=ORIENTED_EDGE('',*,*,#12267,.F.);
#12269=CARTESIAN_POINT('',(-12.2,17.244472905,4.974751673));
#12270=VERTEX_POINT('',#12269);
#12271=CARTESIAN_POINT('',(-12.2,16.149880576,4.44762379));
#12272=DIRECTION('',(-0.,0.900968868,0.433883739));
#12273=VECTOR('',#12272,1.214905829);
#12274=LINE('',#12271,#12273);
#12275=EDGE_CURVE('',#12262,#12270,#12274,.T.);
#12276=ORIENTED_EDGE('',*,*,#12275,.T.);
#12277=CARTESIAN_POINT('',(-12.2,17.244472905,4.974751673));
#12278=DIRECTION('',(1.,-0.,0.));
#12279=VECTOR('',#12278,11.4);
#12280=LINE('',#12277,#12279);
#12281=EDGE_CURVE('',#12270,#12254,#12280,.T.);
#12282=ORIENTED_EDGE('',*,*,#12281,.T.);
#12283=EDGE_LOOP('',(#12260,#12268,#12276,#12282));
#12284=FACE_BOUND('',#12283,.T.);
#12285=ADVANCED_FACE('',(#12284),#12250,.T.);
#12286=CARTESIAN_POINT('',(-0.5,-0.,-0.));
#12287=DIRECTION('',(1.,-0.,0.));
#12288=DIRECTION('',(0.,0.433883739,-0.900968868));
#12289=AXIS2_PLACEMENT_3D('',#12286,#12287,#12288);
#12290=PLANE('',#12289);
#12291=CARTESIAN_POINT('',(-0.5,17.114307784,5.245042334));
#12292=VERTEX_POINT('',#12291);
#12293=CARTESIAN_POINT('',(-0.5,14.771335592,10.110274221));
#12294=VERTEX_POINT('',#12293);
#12295=CARTESIAN_POINT('',(-0.5,-0.,-0.));
#12296=DIRECTION('',(1.,-0.,0.));
#12297=DIRECTION('',(0.,0.433883739,-0.900968868));
#12298=AXIS2_PLACEMENT_3D('',#12295,#12296,#12297);
#12299=CIRCLE('',#12298,17.9);
#12300=EDGE_CURVE('',#12292,#12294,#12299,.T.);
#12301=ORIENTED_EDGE('',*,*,#12300,.T.);
#12302=CARTESIAN_POINT('',(-0.5,13.676743263,9.583146337));
#12303=VERTEX_POINT('',#12302);
#12304=CARTESIAN_POINT('',(-0.5,14.771335592,10.110274221));
#12305=DIRECTION('',(0.,-0.900968868,-0.433883739));
#12306=VECTOR('',#12305,1.214905829);
#12307=LINE('',#12304,#12306);
#12308=EDGE_CURVE('',#12294,#12303,#12307,.T.);
#12309=ORIENTED_EDGE('',*,*,#12308,.T.);
#12310=CARTESIAN_POINT('',(-0.5,16.019715454,4.71791445));
#12311=VERTEX_POINT('',#12310);
#12312=CARTESIAN_POINT('',(-0.5,-0.,-0.));
#12313=DIRECTION('',(-1.,0.,-0.));
#12314=DIRECTION('',(-0.,-0.433883739,0.900968868));
#12315=AXIS2_PLACEMENT_3D('',#12312,#12313,#12314);
#12316=CIRCLE('',#12315,16.7);
#12317=EDGE_CURVE('',#12303,#12311,#12316,.T.);
#12318=ORIENTED_EDGE('',*,*,#12317,.T.);
#12319=CARTESIAN_POINT('',(-0.5,16.019715454,4.71791445));
#12320=DIRECTION('',(-0.,0.900968868,0.433883739));
#12321=VECTOR('',#12320,1.214905829);
#12322=LINE('',#12319,#12321);
#12323=EDGE_CURVE('',#12311,#12292,#12322,.T.);
#12324=ORIENTED_EDGE('',*,*,#12323,.T.);
#12325=EDGE_LOOP('',(#12301,#12309,#12318,#12324));
#12326=FACE_BOUND('',#12325,.T.);
#12327=ADVANCED_FACE('',(#12326),#12290,.T.);
#12328=CARTESIAN_POINT('',(-12.5,0.,-0.));
#12329=DIRECTION('',(1.,-0.,0.));
#12330=DIRECTION('',(0.,0.433883739,-0.900968868));
#12331=AXIS2_PLACEMENT_3D('',#12328,#12329,#12330);
#12332=PLANE('',#12331);
#12333=CARTESIAN_POINT('',(-12.5,17.114307784,5.245042334));
#12334=VERTEX_POINT('',#12333);
#12335=CARTESIAN_POINT('',(-12.5,14.771335592,10.110274221));
#12336=VERTEX_POINT('',#12335);
#12337=CARTESIAN_POINT('',(-12.5,0.,-0.));
#12338=DIRECTION('',(1.,-0.,0.));
#12339=DIRECTION('',(0.,0.433883739,-0.900968868));
#12340=AXIS2_PLACEMENT_3D('',#12337,#12338,#12339);
#12341=CIRCLE('',#12340,17.9);
#12342=EDGE_CURVE('',#12334,#12336,#12341,.T.);
#12343=ORIENTED_EDGE('',*,*,#12342,.F.);
#12344=CARTESIAN_POINT('',(-12.5,16.019715454,4.71791445));
#12345=VERTEX_POINT('',#12344);
#12346=CARTESIAN_POINT('',(-12.5,16.019715454,4.71791445));
#12347=DIRECTION('',(-0.,0.900968868,0.433883739));
#12348=VECTOR('',#12347,1.214905829);
#12349=LINE('',#12346,#12348);
#12350=EDGE_CURVE('',#12345,#12334,#12349,.T.);
#12351=ORIENTED_EDGE('',*,*,#12350,.F.);
#12352=CARTESIAN_POINT('',(-12.5,13.676743263,9.583146337));
#12353=VERTEX_POINT('',#12352);
#12354=CARTESIAN_POINT('',(-12.5,0.,-0.));
#12355=DIRECTION('',(-1.,0.,-0.));
#12356=DIRECTION('',(-0.,-0.433883739,0.900968868));
#12357=AXIS2_PLACEMENT_3D('',#12354,#12355,#12356);
#12358=CIRCLE('',#12357,16.7);
#12359=EDGE_CURVE('',#12353,#12345,#12358,.T.);
#12360=ORIENTED_EDGE('',*,*,#12359,.F.);
#12361=CARTESIAN_POINT('',(-12.5,14.771335592,10.110274221));
#12362=DIRECTION('',(0.,-0.900968868,-0.433883739));
#12363=VECTOR('',#12362,1.214905829);
#12364=LINE('',#12361,#12363);
#12365=EDGE_CURVE('',#12336,#12353,#12364,.T.);
#12366=ORIENTED_EDGE('',*,*,#12365,.F.);
#12367=EDGE_LOOP('',(#12343,#12351,#12360,#12366));
#12368=FACE_BOUND('',#12367,.T.);
#12369=ADVANCED_FACE('',(#12368),#12332,.F.);
#12370=CARTESIAN_POINT('',(-13.1,14.771335592,10.110274221));
#12371=DIRECTION('',(-1.,0.,-0.));
#12372=DIRECTION('',(-0.,-0.433883739,0.900968868));
#12373=AXIS2_PLACEMENT_3D('',#12370,#12371,#12372);
#12374=CYLINDRICAL_SURFACE('',#12373,0.3);
#12375=CARTESIAN_POINT('',(-0.8,14.771335592,10.110274221));
#12376=DIRECTION('',(-1.,0.,-0.));
#12377=DIRECTION('',(-0.,-0.433883739,0.900968868));
#12378=AXIS2_PLACEMENT_3D('',#12375,#12376,#12377);
#12379=CIRCLE('',#12378,0.3);
#12380=EDGE_CURVE('',#12170,#12130,#12379,.T.);
#12381=ORIENTED_EDGE('',*,*,#12380,.T.);
#12382=ORIENTED_EDGE('',*,*,#12159,.F.);
#12383=CARTESIAN_POINT('',(-12.2,14.771335592,10.110274221));
#12384=DIRECTION('',(1.,-0.,0.));
#12385=DIRECTION('',(-0.,-0.433883739,0.900968868));
#12386=AXIS2_PLACEMENT_3D('',#12383,#12384,#12385);
#12387=CIRCLE('',#12386,0.3);
#12388=EDGE_CURVE('',#12147,#12180,#12387,.T.);
#12389=ORIENTED_EDGE('',*,*,#12388,.T.);
#12390=ORIENTED_EDGE('',*,*,#12185,.T.);
#12391=EDGE_LOOP('',(#12381,#12382,#12389,#12390));
#12392=FACE_BOUND('',#12391,.T.);
#12393=ADVANCED_FACE('',(#12392),#12374,.T.);
#12394=CARTESIAN_POINT('',(-13.1,17.114307784,5.245042334));
#12395=DIRECTION('',(-1.,0.,-0.));
#12396=DIRECTION('',(-0.,0.95610658,0.293019125));
#12397=AXIS2_PLACEMENT_3D('',#12394,#12395,#12396);
#12398=CYLINDRICAL_SURFACE('',#12397,0.3);
#12399=CARTESIAN_POINT('',(-0.8,17.114307784,5.245042334));
#12400=DIRECTION('',(-1.,0.,-0.));
#12401=DIRECTION('',(-0.,-0.433883739,0.900968868));
#12402=AXIS2_PLACEMENT_3D('',#12399,#12400,#12401);
#12403=CIRCLE('',#12402,0.3);
#12404=EDGE_CURVE('',#12128,#12254,#12403,.T.);
#12405=ORIENTED_EDGE('',*,*,#12404,.T.);
#12406=ORIENTED_EDGE('',*,*,#12281,.F.);
#12407=CARTESIAN_POINT('',(-12.2,17.114307784,5.245042334));
#12408=DIRECTION('',(1.,-0.,0.));
#12409=DIRECTION('',(-0.,-0.433883739,0.900968868));
#12410=AXIS2_PLACEMENT_3D('',#12407,#12408,#12409);
#12411=CIRCLE('',#12410,0.3);
#12412=EDGE_CURVE('',#12270,#12139,#12411,.T.);
#12413=ORIENTED_EDGE('',*,*,#12412,.T.);
#12414=ORIENTED_EDGE('',*,*,#12144,.T.);
#12415=EDGE_LOOP('',(#12405,#12406,#12413,#12414));
#12416=FACE_BOUND('',#12415,.T.);
#12417=ADVANCED_FACE('',(#12416),#12398,.T.);
#12418=CARTESIAN_POINT('',(-13.1,13.676743263,9.583146337));
#12419=DIRECTION('',(-1.,0.,-0.));
#12420=DIRECTION('',(0.,-0.818966662,-0.573841098));
#12421=AXIS2_PLACEMENT_3D('',#12418,#12419,#12420);
#12422=CYLINDRICAL_SURFACE('',#12421,0.3);
#12423=CARTESIAN_POINT('',(-0.8,13.676743263,9.583146337));
#12424=DIRECTION('',(-1.,0.,-0.));
#12425=DIRECTION('',(-0.,-0.433883739,0.900968868));
#12426=AXIS2_PLACEMENT_3D('',#12423,#12424,#12425);
#12427=CIRCLE('',#12426,0.3);
#12428=EDGE_CURVE('',#12210,#12172,#12427,.T.);
#12429=ORIENTED_EDGE('',*,*,#12428,.T.);
#12430=ORIENTED_EDGE('',*,*,#12199,.F.);
#12431=CARTESIAN_POINT('',(-12.2,13.676743263,9.583146337));
#12432=DIRECTION('',(1.,-0.,0.));
#12433=DIRECTION('',(-0.,-0.433883739,0.900968868));
#12434=AXIS2_PLACEMENT_3D('',#12431,#12432,#12433);
#12435=CIRCLE('',#12434,0.3);
#12436=EDGE_CURVE('',#12188,#12221,#12435,.T.);
#12437=ORIENTED_EDGE('',*,*,#12436,.T.);
#12438=ORIENTED_EDGE('',*,*,#12226,.T.);
#12439=EDGE_LOOP('',(#12429,#12430,#12437,#12438));
#12440=FACE_BOUND('',#12439,.T.);
#12441=ADVANCED_FACE('',(#12440),#12422,.T.);
#12442=CARTESIAN_POINT('',(-13.1,16.019715454,4.71791445));
#12443=DIRECTION('',(-1.,0.,-0.));
#12444=DIRECTION('',(0.,0.433883739,-0.900968868));
#12445=AXIS2_PLACEMENT_3D('',#12442,#12443,#12444);
#12446=CYLINDRICAL_SURFACE('',#12445,0.3);
#12447=CARTESIAN_POINT('',(-0.8,16.019715454,4.71791445));
#12448=DIRECTION('',(-1.,0.,-0.));
#12449=DIRECTION('',(-0.,-0.433883739,0.900968868));
#12450=AXIS2_PLACEMENT_3D('',#12447,#12448,#12449);
#12451=CIRCLE('',#12450,0.3);
#12452=EDGE_CURVE('',#12252,#12212,#12451,.T.);
#12453=ORIENTED_EDGE('',*,*,#12452,.T.);
#12454=ORIENTED_EDGE('',*,*,#12241,.F.);
#12455=CARTESIAN_POINT('',(-12.2,16.019715454,4.71791445));
#12456=DIRECTION('',(1.,-0.,0.));
#12457=DIRECTION('',(-0.,-0.433883739,0.900968868));
#12458=AXIS2_PLACEMENT_3D('',#12455,#12456,#12457);
#12459=CIRCLE('',#12458,0.3);
#12460=EDGE_CURVE('',#12229,#12262,#12459,.T.);
#12461=ORIENTED_EDGE('',*,*,#12460,.T.);
#12462=ORIENTED_EDGE('',*,*,#12267,.T.);
#12463=EDGE_LOOP('',(#12453,#12454,#12461,#12462));
#12464=FACE_BOUND('',#12463,.T.);
#12465=ADVANCED_FACE('',(#12464),#12446,.T.);
#12466=CARTESIAN_POINT('',(-12.2,0.,-0.));
#12467=DIRECTION('',(1.,-0.,0.));
#12468=DIRECTION('',(-0.,0.96538954,0.260812264));
#12469=AXIS2_PLACEMENT_3D('',#12466,#12467,#12468);
#12470=TOROIDAL_SURFACE('',#12469,17.9,0.3);
#12471=ORIENTED_EDGE('',*,*,#12153,.F.);
#12472=CARTESIAN_POINT('',(-12.2,17.114307784,5.245042334));
#12473=DIRECTION('',(0.,0.293019125,-0.95610658));
#12474=DIRECTION('',(0.,-0.95610658,-0.293019125));
#12475=AXIS2_PLACEMENT_3D('',#12472,#12473,#12474);
#12476=CIRCLE('',#12475,0.3);
#12477=EDGE_CURVE('',#12334,#12139,#12476,.T.);
#12478=ORIENTED_EDGE('',*,*,#12477,.F.);
#12479=ORIENTED_EDGE('',*,*,#12342,.T.);
#12480=CARTESIAN_POINT('',(-12.2,14.771335592,10.110274221));
#12481=DIRECTION('',(0.,0.564819789,-0.825214279));
#12482=DIRECTION('',(-0.,0.825214279,0.564819789));
#12483=AXIS2_PLACEMENT_3D('',#12480,#12481,#12482);
#12484=CIRCLE('',#12483,0.3);
#12485=EDGE_CURVE('',#12336,#12147,#12484,.T.);
#12486=ORIENTED_EDGE('',*,*,#12485,.T.);
#12487=EDGE_LOOP('',(#12471,#12478,#12479,#12486));
#12488=FACE_BOUND('',#12487,.T.);
#12489=ADVANCED_FACE('',(#12488),#12470,.T.);
#12490=CARTESIAN_POINT('',(-12.2,14.771335592,10.110274221));
#12491=DIRECTION('',(-1.,0.,-0.));
#12492=DIRECTION('',(-0.,-0.433883739,0.900968868));
#12493=AXIS2_PLACEMENT_3D('',#12490,#12491,#12492);
#12494=SPHERICAL_SURFACE('',#12493,0.3);
#12495=CARTESIAN_POINT('',(-12.2,14.771335592,10.110274221));
#12496=DIRECTION('',(-0.,0.900968868,0.433883739));
#12497=DIRECTION('',(-1.,0.,-0.));
#12498=AXIS2_PLACEMENT_3D('',#12495,#12496,#12497);
#12499=CIRCLE('',#12498,0.3);
#12500=EDGE_CURVE('',#12336,#12180,#12499,.T.);
#12501=ORIENTED_EDGE('',*,*,#12500,.T.);
#12502=ORIENTED_EDGE('',*,*,#12388,.F.);
#12503=ORIENTED_EDGE('',*,*,#12485,.F.);
#12504=EDGE_LOOP('',(#12501,#12502,#12503));
#12505=FACE_BOUND('',#12504,.T.);
#12506=ADVANCED_FACE('',(#12505),#12494,.T.);
#12507=CARTESIAN_POINT('',(-12.2,15.852498234,10.630934707));
#12508=DIRECTION('',(-0.,0.900968868,0.433883739));
#12509=DIRECTION('',(-1.,0.,-0.));
#12510=AXIS2_PLACEMENT_3D('',#12507,#12508,#12509);
#12511=CYLINDRICAL_SURFACE('',#12510,0.3);
#12512=ORIENTED_EDGE('',*,*,#12193,.F.);
#12513=ORIENTED_EDGE('',*,*,#12500,.F.);
#12514=ORIENTED_EDGE('',*,*,#12365,.T.);
#12515=CARTESIAN_POINT('',(-12.2,13.676743263,9.583146337));
#12516=DIRECTION('',(-0.,0.900968868,0.433883739));
#12517=DIRECTION('',(1.,-0.,0.));
#12518=AXIS2_PLACEMENT_3D('',#12515,#12516,#12517);
#12519=CIRCLE('',#12518,0.3);
#12520=EDGE_CURVE('',#12353,#12188,#12519,.T.);
#12521=ORIENTED_EDGE('',*,*,#12520,.T.);
#12522=EDGE_LOOP('',(#12512,#12513,#12514,#12521));
#12523=FACE_BOUND('',#12522,.T.);
#12524=ADVANCED_FACE('',(#12523),#12511,.T.);
#12525=CARTESIAN_POINT('',(-12.2,13.676743263,9.583146337));
#12526=DIRECTION('',(-1.,0.,-0.));
#12527=DIRECTION('',(0.,-0.818966662,-0.573841098));
#12528=AXIS2_PLACEMENT_3D('',#12525,#12526,#12527);
#12529=SPHERICAL_SURFACE('',#12528,0.3);
#12530=ORIENTED_EDGE('',*,*,#12436,.F.);
#12531=ORIENTED_EDGE('',*,*,#12520,.F.);
#12532=CARTESIAN_POINT('',(-12.2,13.676743263,9.583146337));
#12533=DIRECTION('',(-0.,-0.573841098,0.818966662));
#12534=DIRECTION('',(-0.,0.818966662,0.573841098));
#12535=AXIS2_PLACEMENT_3D('',#12532,#12533,#12534);
#12536=CIRCLE('',#12535,0.3);
#12537=EDGE_CURVE('',#12353,#12221,#12536,.T.);
#12538=ORIENTED_EDGE('',*,*,#12537,.T.);
#12539=EDGE_LOOP('',(#12530,#12531,#12538));
#12540=FACE_BOUND('',#12539,.T.);
#12541=ADVANCED_FACE('',(#12540),#12529,.T.);
#12542=CARTESIAN_POINT('',(-12.2,0.,-0.));
#12543=DIRECTION('',(-1.,0.,-0.));
#12544=DIRECTION('',(-0.,0.797825535,0.602888394));
#12545=AXIS2_PLACEMENT_3D('',#12542,#12543,#12544);
#12546=TOROIDAL_SURFACE('',#12545,16.7,0.3);
#12547=ORIENTED_EDGE('',*,*,#12235,.F.);
#12548=ORIENTED_EDGE('',*,*,#12537,.F.);
#12549=ORIENTED_EDGE('',*,*,#12359,.T.);
#12550=CARTESIAN_POINT('',(-12.2,16.019715454,4.71791445));
#12551=DIRECTION('',(-0.,-0.282509847,0.959264398));
#12552=DIRECTION('',(0.,-0.959264398,-0.282509847));
#12553=AXIS2_PLACEMENT_3D('',#12550,#12551,#12552);
#12554=CIRCLE('',#12553,0.3);
#12555=EDGE_CURVE('',#12345,#12229,#12554,.T.);
#12556=ORIENTED_EDGE('',*,*,#12555,.T.);
#12557=EDGE_LOOP('',(#12547,#12548,#12549,#12556));
#12558=FACE_BOUND('',#12557,.T.);
#12559=ADVANCED_FACE('',(#12558),#12546,.T.);
#12560=CARTESIAN_POINT('',(-12.2,16.019715454,4.71791445));
#12561=DIRECTION('',(-1.,0.,-0.));
#12562=DIRECTION('',(0.,0.433883739,-0.900968868));
#12563=AXIS2_PLACEMENT_3D('',#12560,#12561,#12562);
#12564=SPHERICAL_SURFACE('',#12563,0.3);
#12565=ORIENTED_EDGE('',*,*,#12460,.F.);
#12566=ORIENTED_EDGE('',*,*,#12555,.F.);
#12567=CARTESIAN_POINT('',(-12.2,16.019715454,4.71791445));
#12568=DIRECTION('',(0.,-0.900968868,-0.433883739));
#12569=DIRECTION('',(1.,-0.,0.));
#12570=AXIS2_PLACEMENT_3D('',#12567,#12568,#12569);
#12571=CIRCLE('',#12570,0.3);
#12572=EDGE_CURVE('',#12345,#12262,#12571,.T.);
#12573=ORIENTED_EDGE('',*,*,#12572,.T.);
#12574=EDGE_LOOP('',(#12565,#12566,#12573));
#12575=FACE_BOUND('',#12574,.T.);
#12576=ADVANCED_FACE('',(#12575),#12564,.T.);
#12577=CARTESIAN_POINT('',(-12.2,14.938552813,4.197253963));
#12578=DIRECTION('',(0.,-0.900968868,-0.433883739));
#12579=DIRECTION('',(-1.,-0.,0.));
#12580=AXIS2_PLACEMENT_3D('',#12577,#12578,#12579);
#12581=CYLINDRICAL_SURFACE('',#12580,0.3);
#12582=ORIENTED_EDGE('',*,*,#12275,.F.);
#12583=ORIENTED_EDGE('',*,*,#12572,.F.);
#12584=ORIENTED_EDGE('',*,*,#12350,.T.);
#12585=CARTESIAN_POINT('',(-12.2,17.114307784,5.245042334));
#12586=DIRECTION('',(0.,-0.900968868,-0.433883739));
#12587=DIRECTION('',(-1.,0.,-0.));
#12588=AXIS2_PLACEMENT_3D('',#12585,#12586,#12587);
#12589=CIRCLE('',#12588,0.3);
#12590=EDGE_CURVE('',#12334,#12270,#12589,.T.);
#12591=ORIENTED_EDGE('',*,*,#12590,.T.);
#12592=EDGE_LOOP('',(#12582,#12583,#12584,#12591));
#12593=FACE_BOUND('',#12592,.T.);
#12594=ADVANCED_FACE('',(#12593),#12581,.T.);
#12595=CARTESIAN_POINT('',(-12.2,17.114307784,5.245042334));
#12596=DIRECTION('',(-1.,0.,-0.));
#12597=DIRECTION('',(-0.,0.95610658,0.293019125));
#12598=AXIS2_PLACEMENT_3D('',#12595,#12596,#12597);
#12599=SPHERICAL_SURFACE('',#12598,0.3);
#12600=ORIENTED_EDGE('',*,*,#12590,.F.);
#12601=ORIENTED_EDGE('',*,*,#12477,.T.);
#12602=ORIENTED_EDGE('',*,*,#12412,.F.);
#12603=EDGE_LOOP('',(#12600,#12601,#12602));
#12604=FACE_BOUND('',#12603,.T.);
#12605=ADVANCED_FACE('',(#12604),#12599,.T.);
#12606=CARTESIAN_POINT('',(-0.8,-0.,-0.));
#12607=DIRECTION('',(1.,-0.,0.));
#12608=DIRECTION('',(-0.,0.96538954,0.260812264));
#12609=AXIS2_PLACEMENT_3D('',#12606,#12607,#12608);
#12610=TOROIDAL_SURFACE('',#12609,17.9,0.3);
#12611=ORIENTED_EDGE('',*,*,#12136,.T.);
#12612=CARTESIAN_POINT('',(-0.8,14.771335592,10.110274221));
#12613=DIRECTION('',(0.,0.564819789,-0.825214279));
#12614=DIRECTION('',(-0.,0.825214279,0.564819789));
#12615=AXIS2_PLACEMENT_3D('',#12612,#12613,#12614);
#12616=CIRCLE('',#12615,0.3);
#12617=EDGE_CURVE('',#12130,#12294,#12616,.T.);
#12618=ORIENTED_EDGE('',*,*,#12617,.T.);
#12619=ORIENTED_EDGE('',*,*,#12300,.F.);
#12620=CARTESIAN_POINT('',(-0.8,17.114307784,5.245042334));
#12621=DIRECTION('',(0.,0.293019125,-0.95610658));
#12622=DIRECTION('',(-0.,0.95610658,0.293019125));
#12623=AXIS2_PLACEMENT_3D('',#12620,#12621,#12622);
#12624=CIRCLE('',#12623,0.3);
#12625=EDGE_CURVE('',#12128,#12292,#12624,.T.);
#12626=ORIENTED_EDGE('',*,*,#12625,.F.);
#12627=EDGE_LOOP('',(#12611,#12618,#12619,#12626));
#12628=FACE_BOUND('',#12627,.T.);
#12629=ADVANCED_FACE('',(#12628),#12610,.T.);
#12630=CARTESIAN_POINT('',(-0.8,14.771335592,10.110274221));
#12631=DIRECTION('',(1.,-0.,0.));
#12632=DIRECTION('',(-0.,0.825214279,0.564819789));
#12633=AXIS2_PLACEMENT_3D('',#12630,#12631,#12632);
#12634=SPHERICAL_SURFACE('',#12633,0.3);
#12635=ORIENTED_EDGE('',*,*,#12617,.F.);
#12636=ORIENTED_EDGE('',*,*,#12380,.F.);
#12637=CARTESIAN_POINT('',(-0.8,14.771335592,10.110274221));
#12638=DIRECTION('',(-0.,0.900968868,0.433883739));
#12639=DIRECTION('',(-0.,-0.433883739,0.900968868));
#12640=AXIS2_PLACEMENT_3D('',#12637,#12638,#12639);
#12641=CIRCLE('',#12640,0.3);
#12642=EDGE_CURVE('',#12170,#12294,#12641,.T.);
#12643=ORIENTED_EDGE('',*,*,#12642,.T.);
#12644=EDGE_LOOP('',(#12635,#12636,#12643));
#12645=FACE_BOUND('',#12644,.T.);
#12646=ADVANCED_FACE('',(#12645),#12634,.T.);
#12647=CARTESIAN_POINT('',(-0.8,15.852498234,10.630934707));
#12648=DIRECTION('',(0.,-0.900968868,-0.433883739));
#12649=DIRECTION('',(1.,-0.,0.));
#12650=AXIS2_PLACEMENT_3D('',#12647,#12648,#12649);
#12651=CYLINDRICAL_SURFACE('',#12650,0.3);
#12652=ORIENTED_EDGE('',*,*,#12177,.T.);
#12653=CARTESIAN_POINT('',(-0.8,13.676743263,9.583146337));
#12654=DIRECTION('',(-0.,0.900968868,0.433883739));
#12655=DIRECTION('',(-1.,0.,-0.));
#12656=AXIS2_PLACEMENT_3D('',#12653,#12654,#12655);
#12657=CIRCLE('',#12656,0.3);
#12658=EDGE_CURVE('',#12172,#12303,#12657,.T.);
#12659=ORIENTED_EDGE('',*,*,#12658,.T.);
#12660=ORIENTED_EDGE('',*,*,#12308,.F.);
#12661=ORIENTED_EDGE('',*,*,#12642,.F.);
#12662=EDGE_LOOP('',(#12652,#12659,#12660,#12661));
#12663=FACE_BOUND('',#12662,.T.);
#12664=ADVANCED_FACE('',(#12663),#12651,.T.);
#12665=CARTESIAN_POINT('',(-0.8,13.676743263,9.583146337));
#12666=DIRECTION('',(1.,-0.,0.));
#12667=DIRECTION('',(-0.,-0.433883739,0.900968868));
#12668=AXIS2_PLACEMENT_3D('',#12665,#12666,#12667);
#12669=SPHERICAL_SURFACE('',#12668,0.3);
#12670=CARTESIAN_POINT('',(-0.8,13.676743263,9.583146337));
#12671=DIRECTION('',(-0.,-0.573841098,0.818966662));
#12672=DIRECTION('',(0.,-0.818966662,-0.573841098));
#12673=AXIS2_PLACEMENT_3D('',#12670,#12671,#12672);
#12674=CIRCLE('',#12673,0.3);
#12675=EDGE_CURVE('',#12210,#12303,#12674,.T.);
#12676=ORIENTED_EDGE('',*,*,#12675,.T.);
#12677=ORIENTED_EDGE('',*,*,#12658,.F.);
#12678=ORIENTED_EDGE('',*,*,#12428,.F.);
#12679=EDGE_LOOP('',(#12676,#12677,#12678));
#12680=FACE_BOUND('',#12679,.T.);
#12681=ADVANCED_FACE('',(#12680),#12669,.T.);
#12682=CARTESIAN_POINT('',(-0.8,-0.,-0.));
#12683=DIRECTION('',(-1.,0.,-0.));
#12684=DIRECTION('',(-0.,0.797825535,0.602888394));
#12685=AXIS2_PLACEMENT_3D('',#12682,#12683,#12684);
#12686=TOROIDAL_SURFACE('',#12685,16.7,0.3);
#12687=ORIENTED_EDGE('',*,*,#12218,.T.);
#12688=CARTESIAN_POINT('',(-0.8,16.019715454,4.71791445));
#12689=DIRECTION('',(-0.,-0.282509847,0.959264398));
#12690=DIRECTION('',(0.,-0.959264398,-0.282509847));
#12691=AXIS2_PLACEMENT_3D('',#12688,#12689,#12690);
#12692=CIRCLE('',#12691,0.3);
#12693=EDGE_CURVE('',#12212,#12311,#12692,.T.);
#12694=ORIENTED_EDGE('',*,*,#12693,.T.);
#12695=ORIENTED_EDGE('',*,*,#12317,.F.);
#12696=ORIENTED_EDGE('',*,*,#12675,.F.);
#12697=EDGE_LOOP('',(#12687,#12694,#12695,#12696));
#12698=FACE_BOUND('',#12697,.T.);
#12699=ADVANCED_FACE('',(#12698),#12686,.T.);
#12700=CARTESIAN_POINT('',(-0.8,16.019715454,4.71791445));
#12701=DIRECTION('',(1.,-0.,0.));
#12702=DIRECTION('',(0.,-0.959264398,-0.282509847));
#12703=AXIS2_PLACEMENT_3D('',#12700,#12701,#12702);
#12704=SPHERICAL_SURFACE('',#12703,0.3);
#12705=CARTESIAN_POINT('',(-0.8,16.019715454,4.71791445));
#12706=DIRECTION('',(0.,-0.900968868,-0.433883739));
#12707=DIRECTION('',(0.,0.433883739,-0.900968868));
#12708=AXIS2_PLACEMENT_3D('',#12705,#12706,#12707);
#12709=CIRCLE('',#12708,0.3);
#12710=EDGE_CURVE('',#12252,#12311,#12709,.T.);
#12711=ORIENTED_EDGE('',*,*,#12710,.T.);
#12712=ORIENTED_EDGE('',*,*,#12693,.F.);
#12713=ORIENTED_EDGE('',*,*,#12452,.F.);
#12714=EDGE_LOOP('',(#12711,#12712,#12713));
#12715=FACE_BOUND('',#12714,.T.);
#12716=ADVANCED_FACE('',(#12715),#12704,.T.);
#12717=CARTESIAN_POINT('',(-0.8,14.938552813,4.197253963));
#12718=DIRECTION('',(0.,0.900968868,0.433883739));
#12719=DIRECTION('',(1.,-0.,0.));
#12720=AXIS2_PLACEMENT_3D('',#12717,#12718,#12719);
#12721=CYLINDRICAL_SURFACE('',#12720,0.3);
#12722=ORIENTED_EDGE('',*,*,#12259,.T.);
#12723=CARTESIAN_POINT('',(-0.8,17.114307784,5.245042334));
#12724=DIRECTION('',(-0.,-0.900968868,-0.433883739));
#12725=DIRECTION('',(1.,-0.,-0.));
#12726=AXIS2_PLACEMENT_3D('',#12723,#12724,#12725);
#12727=CIRCLE('',#12726,0.3);
#12728=EDGE_CURVE('',#12254,#12292,#12727,.T.);
#12729=ORIENTED_EDGE('',*,*,#12728,.T.);
#12730=ORIENTED_EDGE('',*,*,#12323,.F.);
#12731=ORIENTED_EDGE('',*,*,#12710,.F.);
#12732=EDGE_LOOP('',(#12722,#12729,#12730,#12731));
#12733=FACE_BOUND('',#12732,.T.);
#12734=ADVANCED_FACE('',(#12733),#12721,.T.);
#12735=CARTESIAN_POINT('',(-0.8,17.114307784,5.245042334));
#12736=DIRECTION('',(1.,-0.,0.));
#12737=DIRECTION('',(0.,0.433883739,-0.900968868));
#12738=AXIS2_PLACEMENT_3D('',#12735,#12736,#12737);
#12739=SPHERICAL_SURFACE('',#12738,0.3);
#12740=ORIENTED_EDGE('',*,*,#12404,.F.);
#12741=ORIENTED_EDGE('',*,*,#12625,.T.);
#12742=ORIENTED_EDGE('',*,*,#12728,.F.);
#12743=EDGE_LOOP('',(#12740,#12741,#12742));
#12744=FACE_BOUND('',#12743,.T.);
#12745=ADVANCED_FACE('',(#12744),#12739,.T.);
#12746=CLOSED_SHELL('',(#12163,#12203,#12245,#12285,#12327,#12369,#12393,#12417,#12441,#12465,#12489,#12506,#12524,#12541,#12559,#12576,#12594,#12605,#12629,#12646,#12664,#12681,#12699,#12716,#12734,#12745));
#12747=MANIFOLD_SOLID_BREP('\X2\04220435043B043E\X0\_156 - \X2\0411041F041B0410\X0\32.20.03_157:1',#12746);
#12121=STYLED_ITEM('',(#6477),#12747);
#12749=CARTESIAN_POINT('',(-12.5,0.,-0.));
#12750=DIRECTION('',(1.,-0.,0.));
#12751=DIRECTION('',(0.,0.817125333,-0.576460051));
#12752=AXIS2_PLACEMENT_3D('',#12749,#12750,#12751);
#12753=CYLINDRICAL_SURFACE('',#12752,18.2);
#12754=CARTESIAN_POINT('',(-0.8,15.018899876,-10.279720157));
#12755=VERTEX_POINT('',#12754);
#12756=CARTESIAN_POINT('',(-0.8,17.401139758,-5.332948071));
#12757=VERTEX_POINT('',#12756);
#12758=CARTESIAN_POINT('',(-0.8,0.,-0.));
#12759=DIRECTION('',(1.,-0.,0.));
#12760=DIRECTION('',(0.,-0.433883739,-0.900968868));
#12761=AXIS2_PLACEMENT_3D('',#12758,#12759,#12760);
#12762=CIRCLE('',#12761,18.2);
#12763=EDGE_CURVE('',#12755,#12757,#12762,.T.);
#12764=ORIENTED_EDGE('',*,*,#12763,.F.);
#12765=CARTESIAN_POINT('',(-12.2,15.018899876,-10.279720157));
#12766=VERTEX_POINT('',#12765);
#12767=CARTESIAN_POINT('',(-12.2,15.018899876,-10.279720157));
#12768=DIRECTION('',(1.,-0.,0.));
#12769=VECTOR('',#12768,11.4);
#12770=LINE('',#12767,#12769);
#12771=EDGE_CURVE('',#12766,#12755,#12770,.T.);
#12772=ORIENTED_EDGE('',*,*,#12771,.F.);
#12773=CARTESIAN_POINT('',(-12.2,17.401139758,-5.332948071));
#12774=VERTEX_POINT('',#12773);
#12775=CARTESIAN_POINT('',(-12.2,0.,-0.));
#12776=DIRECTION('',(1.,-0.,0.));
#12777=DIRECTION('',(0.,-0.433883739,-0.900968868));
#12778=AXIS2_PLACEMENT_3D('',#12775,#12776,#12777);
#12779=CIRCLE('',#12778,18.2);
#12780=EDGE_CURVE('',#12766,#12774,#12779,.T.);
#12781=ORIENTED_EDGE('',*,*,#12780,.T.);
#12782=CARTESIAN_POINT('',(-12.2,17.401139758,-5.332948071));
#12783=DIRECTION('',(1.,-0.,0.));
#12784=VECTOR('',#12783,11.4);
#12785=LINE('',#12782,#12784);
#12786=EDGE_CURVE('',#12774,#12757,#12785,.T.);
#12787=ORIENTED_EDGE('',*,*,#12786,.T.);
#12788=EDGE_LOOP('',(#12764,#12772,#12781,#12787));
#12789=FACE_BOUND('',#12788,.T.);
#12790=ADVANCED_FACE('',(#12789),#12753,.T.);
#12791=CARTESIAN_POINT('',(-12.5,17.474983492,-5.085759721));
#12792=DIRECTION('',(-0.,0.433883739,0.900968868));
#12793=DIRECTION('',(-0.,-0.900968868,0.433883739));
#12794=AXIS2_PLACEMENT_3D('',#12791,#12792,#12793);
#12795=PLANE('',#12794);
#12796=CARTESIAN_POINT('',(-0.8,17.244472905,-4.974751673));
#12797=VERTEX_POINT('',#12796);
#12798=CARTESIAN_POINT('',(-0.8,16.149880576,-4.44762379));
#12799=VERTEX_POINT('',#12798);
#12800=CARTESIAN_POINT('',(-0.8,17.244472905,-4.974751673));
#12801=DIRECTION('',(-0.,-0.900968868,0.433883739));
#12802=VECTOR('',#12801,1.214905829);
#12803=LINE('',#12800,#12802);
#12804=EDGE_CURVE('',#12797,#12799,#12803,.T.);
#12805=ORIENTED_EDGE('',*,*,#12804,.F.);
#12806=CARTESIAN_POINT('',(-12.2,17.244472905,-4.974751673));
#12807=VERTEX_POINT('',#12806);
#12808=CARTESIAN_POINT('',(-12.2,17.244472905,-4.974751673));
#12809=DIRECTION('',(1.,-0.,0.));
#12810=VECTOR('',#12809,11.4);
#12811=LINE('',#12808,#12810);
#12812=EDGE_CURVE('',#12807,#12797,#12811,.T.);
#12813=ORIENTED_EDGE('',*,*,#12812,.F.);
#12814=CARTESIAN_POINT('',(-12.2,16.149880576,-4.44762379));
#12815=VERTEX_POINT('',#12814);
#12816=CARTESIAN_POINT('',(-12.2,17.244472905,-4.974751673));
#12817=DIRECTION('',(-0.,-0.900968868,0.433883739));
#12818=VECTOR('',#12817,1.214905829);
#12819=LINE('',#12816,#12818);
#12820=EDGE_CURVE('',#12807,#12815,#12819,.T.);
#12821=ORIENTED_EDGE('',*,*,#12820,.T.);
#12822=CARTESIAN_POINT('',(-12.2,16.149880576,-4.44762379));
#12823=DIRECTION('',(1.,-0.,0.));
#12824=VECTOR('',#12823,11.4);
#12825=LINE('',#12822,#12824);
#12826=EDGE_CURVE('',#12815,#12799,#12825,.T.);
#12827=ORIENTED_EDGE('',*,*,#12826,.T.);
#12828=EDGE_LOOP('',(#12805,#12813,#12821,#12827));
#12829=FACE_BOUND('',#12828,.T.);
#12830=ADVANCED_FACE('',(#12829),#12795,.T.);
#12831=CARTESIAN_POINT('',(-12.5,0.,-0.));
#12832=DIRECTION('',(-1.,0.,-0.));
#12833=DIRECTION('',(0.,0.965135374,-0.261751237));
#12834=AXIS2_PLACEMENT_3D('',#12831,#12832,#12833);
#12835=CYLINDRICAL_SURFACE('',#12834,16.4);
#12836=CARTESIAN_POINT('',(-0.8,15.731936135,-4.633161496));
#12837=VERTEX_POINT('',#12836);
#12838=CARTESIAN_POINT('',(-0.8,13.431053264,-9.410994007));
#12839=VERTEX_POINT('',#12838);
#12840=CARTESIAN_POINT('',(-0.8,0.,-0.));
#12841=DIRECTION('',(-1.,0.,-0.));
#12842=DIRECTION('',(-0.,0.433883739,0.900968868));
#12843=AXIS2_PLACEMENT_3D('',#12840,#12841,#12842);
#12844=CIRCLE('',#12843,16.4);
#12845=EDGE_CURVE('',#12837,#12839,#12844,.T.);
#12846=ORIENTED_EDGE('',*,*,#12845,.F.);
#12847=CARTESIAN_POINT('',(-12.2,15.731936135,-4.633161496));
#12848=VERTEX_POINT('',#12847);
#12849=CARTESIAN_POINT('',(-12.2,15.731936135,-4.633161496));
#12850=DIRECTION('',(1.,-0.,0.));
#12851=VECTOR('',#12850,11.4);
#12852=LINE('',#12849,#12851);
#12853=EDGE_CURVE('',#12848,#12837,#12852,.T.);
#12854=ORIENTED_EDGE('',*,*,#12853,.F.);
#12855=CARTESIAN_POINT('',(-12.2,13.431053264,-9.410994007));
#12856=VERTEX_POINT('',#12855);
#12857=CARTESIAN_POINT('',(-12.2,0.,-0.));
#12858=DIRECTION('',(-1.,0.,-0.));
#12859=DIRECTION('',(-0.,0.433883739,0.900968868));
#12860=AXIS2_PLACEMENT_3D('',#12857,#12858,#12859);
#12861=CIRCLE('',#12860,16.4);
#12862=EDGE_CURVE('',#12848,#12856,#12861,.T.);
#12863=ORIENTED_EDGE('',*,*,#12862,.T.);
#12864=CARTESIAN_POINT('',(-12.2,13.431053264,-9.410994007));
#12865=DIRECTION('',(1.,-0.,0.));
#12866=VECTOR('',#12865,11.4);
#12867=LINE('',#12864,#12866);
#12868=EDGE_CURVE('',#12856,#12839,#12867,.T.);
#12869=ORIENTED_EDGE('',*,*,#12868,.T.);
#12870=EDGE_LOOP('',(#12846,#12854,#12863,#12869));
#12871=FACE_BOUND('',#12870,.T.);
#12872=ADVANCED_FACE('',(#12871),#12835,.F.);
#12873=CARTESIAN_POINT('',(-12.5,13.224917698,-9.698533492));
#12874=DIRECTION('',(0.,-0.433883739,-0.900968868));
#12875=DIRECTION('',(0.,0.900968868,-0.433883739));
#12876=AXIS2_PLACEMENT_3D('',#12873,#12874,#12875);
#12877=PLANE('',#12876);
#12878=CARTESIAN_POINT('',(-0.8,13.546578141,-9.853436997));
#12879=VERTEX_POINT('',#12878);
#12880=CARTESIAN_POINT('',(-0.8,14.641170471,-10.380564881));
#12881=VERTEX_POINT('',#12880);
#12882=CARTESIAN_POINT('',(-0.8,13.546578141,-9.853436997));
#12883=DIRECTION('',(0.,0.900968868,-0.433883739));
#12884=VECTOR('',#12883,1.214905829);
#12885=LINE('',#12882,#12884);
#12886=EDGE_CURVE('',#12879,#12881,#12885,.T.);
#12887=ORIENTED_EDGE('',*,*,#12886,.F.);
#12888=CARTESIAN_POINT('',(-12.2,13.546578141,-9.853436997));
#12889=VERTEX_POINT('',#12888);
#12890=CARTESIAN_POINT('',(-12.2,13.546578141,-9.853436997));
#12891=DIRECTION('',(1.,-0.,0.));
#12892=VECTOR('',#12891,11.4);
#12893=LINE('',#12890,#12892);
#12894=EDGE_CURVE('',#12889,#12879,#12893,.T.);
#12895=ORIENTED_EDGE('',*,*,#12894,.F.);
#12896=CARTESIAN_POINT('',(-12.2,14.641170471,-10.380564881));
#12897=VERTEX_POINT('',#12896);
#12898=CARTESIAN_POINT('',(-12.2,13.546578141,-9.853436997));
#12899=DIRECTION('',(0.,0.900968868,-0.433883739));
#12900=VECTOR('',#12899,1.214905829);
#12901=LINE('',#12898,#12900);
#12902=EDGE_CURVE('',#12889,#12897,#12901,.T.);
#12903=ORIENTED_EDGE('',*,*,#12902,.T.);
#12904=CARTESIAN_POINT('',(-12.2,14.641170471,-10.380564881));
#12905=DIRECTION('',(1.,-0.,0.));
#12906=VECTOR('',#12905,11.4);
#12907=LINE('',#12904,#12906);
#12908=EDGE_CURVE('',#12897,#12881,#12907,.T.);
#12909=ORIENTED_EDGE('',*,*,#12908,.T.);
#12910=EDGE_LOOP('',(#12887,#12895,#12903,#12909));
#12911=FACE_BOUND('',#12910,.T.);
#12912=ADVANCED_FACE('',(#12911),#12877,.T.);
#12913=CARTESIAN_POINT('',(-0.5,0.,-0.));
#12914=DIRECTION('',(1.,-0.,0.));
#12915=DIRECTION('',(0.,-0.433883739,-0.900968868));
#12916=AXIS2_PLACEMENT_3D('',#12913,#12914,#12915);
#12917=PLANE('',#12916);
#12918=CARTESIAN_POINT('',(-0.5,14.771335592,-10.110274221));
#12919=VERTEX_POINT('',#12918);
#12920=CARTESIAN_POINT('',(-0.5,17.114307784,-5.245042334));
#12921=VERTEX_POINT('',#12920);
#12922=CARTESIAN_POINT('',(-0.5,0.,-0.));
#12923=DIRECTION('',(1.,-0.,0.));
#12924=DIRECTION('',(0.,-0.433883739,-0.900968868));
#12925=AXIS2_PLACEMENT_3D('',#12922,#12923,#12924);
#12926=CIRCLE('',#12925,17.9);
#12927=EDGE_CURVE('',#12919,#12921,#12926,.T.);
#12928=ORIENTED_EDGE('',*,*,#12927,.T.);
#12929=CARTESIAN_POINT('',(-0.5,16.019715454,-4.71791445));
#12930=VERTEX_POINT('',#12929);
#12931=CARTESIAN_POINT('',(-0.5,17.114307784,-5.245042334));
#12932=DIRECTION('',(-0.,-0.900968868,0.433883739));
#12933=VECTOR('',#12932,1.214905829);
#12934=LINE('',#12931,#12933);
#12935=EDGE_CURVE('',#12921,#12930,#12934,.T.);
#12936=ORIENTED_EDGE('',*,*,#12935,.T.);
#12937=CARTESIAN_POINT('',(-0.5,13.676743263,-9.583146337));
#12938=VERTEX_POINT('',#12937);
#12939=CARTESIAN_POINT('',(-0.5,0.,-0.));
#12940=DIRECTION('',(-1.,0.,-0.));
#12941=DIRECTION('',(-0.,0.433883739,0.900968868));
#12942=AXIS2_PLACEMENT_3D('',#12939,#12940,#12941);
#12943=CIRCLE('',#12942,16.7);
#12944=EDGE_CURVE('',#12930,#12938,#12943,.T.);
#12945=ORIENTED_EDGE('',*,*,#12944,.T.);
#12946=CARTESIAN_POINT('',(-0.5,13.676743263,-9.583146337));
#12947=DIRECTION('',(0.,0.900968868,-0.433883739));
#12948=VECTOR('',#12947,1.214905829);
#12949=LINE('',#12946,#12948);
#12950=EDGE_CURVE('',#12938,#12919,#12949,.T.);
#12951=ORIENTED_EDGE('',*,*,#12950,.T.);
#12952=EDGE_LOOP('',(#12928,#12936,#12945,#12951));
#12953=FACE_BOUND('',#12952,.T.);
#12954=ADVANCED_FACE('',(#12953),#12917,.T.);
#12955=CARTESIAN_POINT('',(-12.5,0.,-0.));
#12956=DIRECTION('',(1.,-0.,0.));
#12957=DIRECTION('',(0.,-0.433883739,-0.900968868));
#12958=AXIS2_PLACEMENT_3D('',#12955,#12956,#12957);
#12959=PLANE('',#12958);
#12960=CARTESIAN_POINT('',(-12.5,14.771335592,-10.110274221));
#12961=VERTEX_POINT('',#12960);
#12962=CARTESIAN_POINT('',(-12.5,17.114307784,-5.245042334));
#12963=VERTEX_POINT('',#12962);
#12964=CARTESIAN_POINT('',(-12.5,0.,-0.));
#12965=DIRECTION('',(1.,-0.,0.));
#12966=DIRECTION('',(0.,-0.433883739,-0.900968868));
#12967=AXIS2_PLACEMENT_3D('',#12964,#12965,#12966);
#12968=CIRCLE('',#12967,17.9);
#12969=EDGE_CURVE('',#12961,#12963,#12968,.T.);
#12970=ORIENTED_EDGE('',*,*,#12969,.F.);
#12971=CARTESIAN_POINT('',(-12.5,13.676743263,-9.583146337));
#12972=VERTEX_POINT('',#12971);
#12973=CARTESIAN_POINT('',(-12.5,13.676743263,-9.583146337));
#12974=DIRECTION('',(0.,0.900968868,-0.433883739));
#12975=VECTOR('',#12974,1.214905829);
#12976=LINE('',#12973,#12975);
#12977=EDGE_CURVE('',#12972,#12961,#12976,.T.);
#12978=ORIENTED_EDGE('',*,*,#12977,.F.);
#12979=CARTESIAN_POINT('',(-12.5,16.019715454,-4.71791445));
#12980=VERTEX_POINT('',#12979);
#12981=CARTESIAN_POINT('',(-12.5,0.,-0.));
#12982=DIRECTION('',(-1.,0.,-0.));
#12983=DIRECTION('',(-0.,0.433883739,0.900968868));
#12984=AXIS2_PLACEMENT_3D('',#12981,#12982,#12983);
#12985=CIRCLE('',#12984,16.7);
#12986=EDGE_CURVE('',#12980,#12972,#12985,.T.);
#12987=ORIENTED_EDGE('',*,*,#12986,.F.);
#12988=CARTESIAN_POINT('',(-12.5,17.114307784,-5.245042334));
#12989=DIRECTION('',(-0.,-0.900968868,0.433883739));
#12990=VECTOR('',#12989,1.214905829);
#12991=LINE('',#12988,#12990);
#12992=EDGE_CURVE('',#12963,#12980,#12991,.T.);
#12993=ORIENTED_EDGE('',*,*,#12992,.F.);
#12994=EDGE_LOOP('',(#12970,#12978,#12987,#12993));
#12995=FACE_BOUND('',#12994,.T.);
#12996=ADVANCED_FACE('',(#12995),#12959,.F.);
#12997=CARTESIAN_POINT('',(-13.1,17.114307784,-5.245042334));
#12998=DIRECTION('',(-1.,0.,-0.));
#12999=DIRECTION('',(-0.,0.433883739,0.900968868));
#13000=AXIS2_PLACEMENT_3D('',#12997,#12998,#12999);
#13001=CYLINDRICAL_SURFACE('',#13000,0.3);
#13002=CARTESIAN_POINT('',(-0.8,17.114307784,-5.245042334));
#13003=DIRECTION('',(-1.,0.,-0.));
#13004=DIRECTION('',(-0.,0.433883739,0.900968868));
#13005=AXIS2_PLACEMENT_3D('',#13002,#13003,#13004);
#13006=CIRCLE('',#13005,0.3);
#13007=EDGE_CURVE('',#12797,#12757,#13006,.T.);
#13008=ORIENTED_EDGE('',*,*,#13007,.T.);
#13009=ORIENTED_EDGE('',*,*,#12786,.F.);
#13010=CARTESIAN_POINT('',(-12.2,17.114307784,-5.245042334));
#13011=DIRECTION('',(1.,-0.,0.));
#13012=DIRECTION('',(-0.,0.433883739,0.900968868));
#13013=AXIS2_PLACEMENT_3D('',#13010,#13011,#13012);
#13014=CIRCLE('',#13013,0.3);
#13015=EDGE_CURVE('',#12774,#12807,#13014,.T.);
#13016=ORIENTED_EDGE('',*,*,#13015,.T.);
#13017=ORIENTED_EDGE('',*,*,#12812,.T.);
#13018=EDGE_LOOP('',(#13008,#13009,#13016,#13017));
#13019=FACE_BOUND('',#13018,.T.);
#13020=ADVANCED_FACE('',(#13019),#13001,.T.);
#13021=CARTESIAN_POINT('',(-13.1,14.771335592,-10.110274221));
#13022=DIRECTION('',(-1.,0.,-0.));
#13023=DIRECTION('',(0.,0.825214279,-0.564819789));
#13024=AXIS2_PLACEMENT_3D('',#13021,#13022,#13023);
#13025=CYLINDRICAL_SURFACE('',#13024,0.3);
#13026=CARTESIAN_POINT('',(-0.8,14.771335592,-10.110274221));
#13027=DIRECTION('',(-1.,0.,-0.));
#13028=DIRECTION('',(-0.,0.433883739,0.900968868));
#13029=AXIS2_PLACEMENT_3D('',#13026,#13027,#13028);
#13030=CIRCLE('',#13029,0.3);
#13031=EDGE_CURVE('',#12755,#12881,#13030,.T.);
#13032=ORIENTED_EDGE('',*,*,#13031,.T.);
#13033=ORIENTED_EDGE('',*,*,#12908,.F.);
#13034=CARTESIAN_POINT('',(-12.2,14.771335592,-10.110274221));
#13035=DIRECTION('',(1.,-0.,0.));
#13036=DIRECTION('',(-0.,0.433883739,0.900968868));
#13037=AXIS2_PLACEMENT_3D('',#13034,#13035,#13036);
#13038=CIRCLE('',#13037,0.3);
#13039=EDGE_CURVE('',#12897,#12766,#13038,.T.);
#13040=ORIENTED_EDGE('',*,*,#13039,.T.);
#13041=ORIENTED_EDGE('',*,*,#12771,.T.);
#13042=EDGE_LOOP('',(#13032,#13033,#13040,#13041));
#13043=FACE_BOUND('',#13042,.T.);
#13044=ADVANCED_FACE('',(#13043),#13025,.T.);
#13045=CARTESIAN_POINT('',(-13.1,16.019715454,-4.71791445));
#13046=DIRECTION('',(-1.,0.,-0.));
#13047=DIRECTION('',(-0.,-0.959264398,0.282509847));
#13048=AXIS2_PLACEMENT_3D('',#13045,#13046,#13047);
#13049=CYLINDRICAL_SURFACE('',#13048,0.3);
#13050=CARTESIAN_POINT('',(-0.8,16.019715454,-4.71791445));
#13051=DIRECTION('',(-1.,0.,-0.));
#13052=DIRECTION('',(-0.,0.433883739,0.900968868));
#13053=AXIS2_PLACEMENT_3D('',#13050,#13051,#13052);
#13054=CIRCLE('',#13053,0.3);
#13055=EDGE_CURVE('',#12837,#12799,#13054,.T.);
#13056=ORIENTED_EDGE('',*,*,#13055,.T.);
#13057=ORIENTED_EDGE('',*,*,#12826,.F.);
#13058=CARTESIAN_POINT('',(-12.2,16.019715454,-4.71791445));
#13059=DIRECTION('',(1.,-0.,0.));
#13060=DIRECTION('',(-0.,0.433883739,0.900968868));
#13061=AXIS2_PLACEMENT_3D('',#13058,#13059,#13060);
#13062=CIRCLE('',#13061,0.3);
#13063=EDGE_CURVE('',#12815,#12848,#13062,.T.);
#13064=ORIENTED_EDGE('',*,*,#13063,.T.);
#13065=ORIENTED_EDGE('',*,*,#12853,.T.);
#13066=EDGE_LOOP('',(#13056,#13057,#13064,#13065));
#13067=FACE_BOUND('',#13066,.T.);
#13068=ADVANCED_FACE('',(#13067),#13049,.T.);
#13069=CARTESIAN_POINT('',(-13.1,13.676743263,-9.583146337));
#13070=DIRECTION('',(-1.,0.,-0.));
#13071=DIRECTION('',(0.,-0.433883739,-0.900968868));
#13072=AXIS2_PLACEMENT_3D('',#13069,#13070,#13071);
#13073=CYLINDRICAL_SURFACE('',#13072,0.3);
#13074=CARTESIAN_POINT('',(-0.8,13.676743263,-9.583146337));
#13075=DIRECTION('',(-1.,0.,-0.));
#13076=DIRECTION('',(-0.,0.433883739,0.900968868));
#13077=AXIS2_PLACEMENT_3D('',#13074,#13075,#13076);
#13078=CIRCLE('',#13077,0.3);
#13079=EDGE_CURVE('',#12879,#12839,#13078,.T.);
#13080=ORIENTED_EDGE('',*,*,#13079,.T.);
#13081=ORIENTED_EDGE('',*,*,#12868,.F.);
#13082=CARTESIAN_POINT('',(-12.2,13.676743263,-9.583146337));
#13083=DIRECTION('',(1.,-0.,0.));
#13084=DIRECTION('',(-0.,0.433883739,0.900968868));
#13085=AXIS2_PLACEMENT_3D('',#13082,#13083,#13084);
#13086=CIRCLE('',#13085,0.3);
#13087=EDGE_CURVE('',#12856,#12889,#13086,.T.);
#13088=ORIENTED_EDGE('',*,*,#13087,.T.);
#13089=ORIENTED_EDGE('',*,*,#12894,.T.);
#13090=EDGE_LOOP('',(#13080,#13081,#13088,#13089));
#13091=FACE_BOUND('',#13090,.T.);
#13092=ADVANCED_FACE('',(#13091),#13073,.T.);
#13093=CARTESIAN_POINT('',(-12.2,0.,-0.));
#13094=DIRECTION('',(1.,-0.,0.));
#13095=DIRECTION('',(0.,0.805821771,-0.592158148));
#13096=AXIS2_PLACEMENT_3D('',#13093,#13094,#13095);
#13097=TOROIDAL_SURFACE('',#13096,17.9,0.3);
#13098=ORIENTED_EDGE('',*,*,#12780,.F.);
#13099=CARTESIAN_POINT('',(-12.2,14.771335592,-10.110274221));
#13100=DIRECTION('',(0.,-0.564819789,-0.825214279));
#13101=DIRECTION('',(-0.,-0.825214279,0.564819789));
#13102=AXIS2_PLACEMENT_3D('',#13099,#13100,#13101);
#13103=CIRCLE('',#13102,0.3);
#13104=EDGE_CURVE('',#12961,#12766,#13103,.T.);
#13105=ORIENTED_EDGE('',*,*,#13104,.F.);
#13106=ORIENTED_EDGE('',*,*,#12969,.T.);
#13107=CARTESIAN_POINT('',(-12.2,17.114307784,-5.245042334));
#13108=DIRECTION('',(0.,-0.293019125,-0.95610658));
#13109=DIRECTION('',(0.,0.95610658,-0.293019125));
#13110=AXIS2_PLACEMENT_3D('',#13107,#13108,#13109);
#13111=CIRCLE('',#13110,0.3);
#13112=EDGE_CURVE('',#12963,#12774,#13111,.T.);
#13113=ORIENTED_EDGE('',*,*,#13112,.T.);
#13114=EDGE_LOOP('',(#13098,#13105,#13106,#13113));
#13115=FACE_BOUND('',#13114,.T.);
#13116=ADVANCED_FACE('',(#13115),#13097,.T.);
#13117=CARTESIAN_POINT('',(-12.2,17.114307784,-5.245042334));
#13118=DIRECTION('',(-1.,0.,-0.));
#13119=DIRECTION('',(-0.,0.433883739,0.900968868));
#13120=AXIS2_PLACEMENT_3D('',#13117,#13118,#13119);
#13121=SPHERICAL_SURFACE('',#13120,0.3);
#13122=CARTESIAN_POINT('',(-12.2,17.114307784,-5.245042334));
#13123=DIRECTION('',(0.,0.900968868,-0.433883739));
#13124=DIRECTION('',(-1.,0.,-0.));
#13125=AXIS2_PLACEMENT_3D('',#13122,#13123,#13124);
#13126=CIRCLE('',#13125,0.3);
#13127=EDGE_CURVE('',#12963,#12807,#13126,.T.);
#13128=ORIENTED_EDGE('',*,*,#13127,.T.);
#13129=ORIENTED_EDGE('',*,*,#13015,.F.);
#13130=ORIENTED_EDGE('',*,*,#13112,.F.);
#13131=EDGE_LOOP('',(#13128,#13129,#13130));
#13132=FACE_BOUND('',#13131,.T.);
#13133=ADVANCED_FACE('',(#13132),#13121,.T.);
#13134=CARTESIAN_POINT('',(-12.2,18.195470425,-5.765702821));
#13135=DIRECTION('',(0.,0.900968868,-0.433883739));
#13136=DIRECTION('',(-1.,0.,-0.));
#13137=AXIS2_PLACEMENT_3D('',#13134,#13135,#13136);
#13138=CYLINDRICAL_SURFACE('',#13137,0.3);
#13139=ORIENTED_EDGE('',*,*,#12820,.F.);
#13140=ORIENTED_EDGE('',*,*,#13127,.F.);
#13141=ORIENTED_EDGE('',*,*,#12992,.T.);
#13142=CARTESIAN_POINT('',(-12.2,16.019715454,-4.71791445));
#13143=DIRECTION('',(0.,0.900968868,-0.433883739));
#13144=DIRECTION('',(1.,-0.,0.));
#13145=AXIS2_PLACEMENT_3D('',#13142,#13143,#13144);
#13146=CIRCLE('',#13145,0.3);
#13147=EDGE_CURVE('',#12980,#12815,#13146,.T.);
#13148=ORIENTED_EDGE('',*,*,#13147,.T.);
#13149=EDGE_LOOP('',(#13139,#13140,#13141,#13148));
#13150=FACE_BOUND('',#13149,.T.);
#13151=ADVANCED_FACE('',(#13150),#13138,.T.);
#13152=CARTESIAN_POINT('',(-12.2,16.019715454,-4.71791445));
#13153=DIRECTION('',(-1.,0.,-0.));
#13154=DIRECTION('',(-0.,-0.959264398,0.282509847));
#13155=AXIS2_PLACEMENT_3D('',#13152,#13153,#13154);
#13156=SPHERICAL_SURFACE('',#13155,0.3);
#13157=ORIENTED_EDGE('',*,*,#13063,.F.);
#13158=ORIENTED_EDGE('',*,*,#13147,.F.);
#13159=CARTESIAN_POINT('',(-12.2,16.019715454,-4.71791445));
#13160=DIRECTION('',(-0.,0.282509847,0.959264398));
#13161=DIRECTION('',(0.,0.959264398,-0.282509847));
#13162=AXIS2_PLACEMENT_3D('',#13159,#13160,#13161);
#13163=CIRCLE('',#13162,0.3);
#13164=EDGE_CURVE('',#12980,#12848,#13163,.T.);
#13165=ORIENTED_EDGE('',*,*,#13164,.T.);
#13166=EDGE_LOOP('',(#13157,#13158,#13165));
#13167=FACE_BOUND('',#13166,.T.);
#13168=ADVANCED_FACE('',(#13167),#13156,.T.);
#13169=CARTESIAN_POINT('',(-12.2,0.,-0.));
#13170=DIRECTION('',(-1.,0.,-0.));
#13171=DIRECTION('',(0.,0.968793212,-0.247870356));
#13172=AXIS2_PLACEMENT_3D('',#13169,#13170,#13171);
#13173=TOROIDAL_SURFACE('',#13172,16.7,0.3);
#13174=ORIENTED_EDGE('',*,*,#12862,.F.);
#13175=ORIENTED_EDGE('',*,*,#13164,.F.);
#13176=ORIENTED_EDGE('',*,*,#12986,.T.);
#13177=CARTESIAN_POINT('',(-12.2,13.676743263,-9.583146337));
#13178=DIRECTION('',(-0.,0.573841098,0.818966662));
#13179=DIRECTION('',(-0.,-0.818966662,0.573841098));
#13180=AXIS2_PLACEMENT_3D('',#13177,#13178,#13179);
#13181=CIRCLE('',#13180,0.3);
#13182=EDGE_CURVE('',#12972,#12856,#13181,.T.);
#13183=ORIENTED_EDGE('',*,*,#13182,.T.);
#13184=EDGE_LOOP('',(#13174,#13175,#13176,#13183));
#13185=FACE_BOUND('',#13184,.T.);
#13186=ADVANCED_FACE('',(#13185),#13173,.T.);
#13187=CARTESIAN_POINT('',(-12.2,13.676743263,-9.583146337));
#13188=DIRECTION('',(-1.,0.,-0.));
#13189=DIRECTION('',(0.,-0.433883739,-0.900968868));
#13190=AXIS2_PLACEMENT_3D('',#13187,#13188,#13189);
#13191=SPHERICAL_SURFACE('',#13190,0.3);
#13192=ORIENTED_EDGE('',*,*,#13087,.F.);
#13193=ORIENTED_EDGE('',*,*,#13182,.F.);
#13194=CARTESIAN_POINT('',(-12.2,13.676743263,-9.583146337));
#13195=DIRECTION('',(-0.,-0.900968868,0.433883739));
#13196=DIRECTION('',(1.,-0.,0.));
#13197=AXIS2_PLACEMENT_3D('',#13194,#13195,#13196);
#13198=CIRCLE('',#13197,0.3);
#13199=EDGE_CURVE('',#12972,#12889,#13198,.T.);
#13200=ORIENTED_EDGE('',*,*,#13199,.T.);
#13201=EDGE_LOOP('',(#13192,#13193,#13200));
#13202=FACE_BOUND('',#13201,.T.);
#13203=ADVANCED_FACE('',(#13202),#13191,.T.);
#13204=CARTESIAN_POINT('',(-12.2,12.595580622,-9.06248585));
#13205=DIRECTION('',(-0.,-0.900968868,0.433883739));
#13206=DIRECTION('',(-1.,0.,0.));
#13207=AXIS2_PLACEMENT_3D('',#13204,#13205,#13206);
#13208=CYLINDRICAL_SURFACE('',#13207,0.3);
#13209=ORIENTED_EDGE('',*,*,#12902,.F.);
#13210=ORIENTED_EDGE('',*,*,#13199,.F.);
#13211=ORIENTED_EDGE('',*,*,#12977,.T.);
#13212=CARTESIAN_POINT('',(-12.2,14.771335592,-10.110274221));
#13213=DIRECTION('',(-0.,-0.900968868,0.433883739));
#13214=DIRECTION('',(-1.,0.,-0.));
#13215=AXIS2_PLACEMENT_3D('',#13212,#13213,#13214);
#13216=CIRCLE('',#13215,0.3);
#13217=EDGE_CURVE('',#12961,#12897,#13216,.T.);
#13218=ORIENTED_EDGE('',*,*,#13217,.T.);
#13219=EDGE_LOOP('',(#13209,#13210,#13211,#13218));
#13220=FACE_BOUND('',#13219,.T.);
#13221=ADVANCED_FACE('',(#13220),#13208,.T.);
#13222=CARTESIAN_POINT('',(-12.2,14.771335592,-10.110274221));
#13223=DIRECTION('',(-1.,0.,-0.));
#13224=DIRECTION('',(0.,0.825214279,-0.564819789));
#13225=AXIS2_PLACEMENT_3D('',#13222,#13223,#13224);
#13226=SPHERICAL_SURFACE('',#13225,0.3);
#13227=ORIENTED_EDGE('',*,*,#13217,.F.);
#13228=ORIENTED_EDGE('',*,*,#13104,.T.);
#13229=ORIENTED_EDGE('',*,*,#13039,.F.);
#13230=EDGE_LOOP('',(#13227,#13228,#13229));
#13231=FACE_BOUND('',#13230,.T.);
#13232=ADVANCED_FACE('',(#13231),#13226,.T.);
#13233=CARTESIAN_POINT('',(-0.8,0.,-0.));
#13234=DIRECTION('',(1.,-0.,0.));
#13235=DIRECTION('',(0.,0.805821771,-0.592158148));
#13236=AXIS2_PLACEMENT_3D('',#13233,#13234,#13235);
#13237=TOROIDAL_SURFACE('',#13236,17.9,0.3);
#13238=ORIENTED_EDGE('',*,*,#12763,.T.);
#13239=CARTESIAN_POINT('',(-0.8,17.114307784,-5.245042334));
#13240=DIRECTION('',(0.,-0.293019125,-0.95610658));
#13241=DIRECTION('',(0.,0.95610658,-0.293019125));
#13242=AXIS2_PLACEMENT_3D('',#13239,#13240,#13241);
#13243=CIRCLE('',#13242,0.3);
#13244=EDGE_CURVE('',#12757,#12921,#13243,.T.);
#13245=ORIENTED_EDGE('',*,*,#13244,.T.);
#13246=ORIENTED_EDGE('',*,*,#12927,.F.);
#13247=CARTESIAN_POINT('',(-0.8,14.771335592,-10.110274221));
#13248=DIRECTION('',(0.,-0.564819789,-0.825214279));
#13249=DIRECTION('',(0.,0.825214279,-0.564819789));
#13250=AXIS2_PLACEMENT_3D('',#13247,#13248,#13249);
#13251=CIRCLE('',#13250,0.3);
#13252=EDGE_CURVE('',#12755,#12919,#13251,.T.);
#13253=ORIENTED_EDGE('',*,*,#13252,.F.);
#13254=EDGE_LOOP('',(#13238,#13245,#13246,#13253));
#13255=FACE_BOUND('',#13254,.T.);
#13256=ADVANCED_FACE('',(#13255),#13237,.T.);
#13257=CARTESIAN_POINT('',(-0.8,17.114307784,-5.245042334));
#13258=DIRECTION('',(1.,-0.,0.));
#13259=DIRECTION('',(0.,0.95610658,-0.293019125));
#13260=AXIS2_PLACEMENT_3D('',#13257,#13258,#13259);
#13261=SPHERICAL_SURFACE('',#13260,0.3);
#13262=ORIENTED_EDGE('',*,*,#13244,.F.);
#13263=ORIENTED_EDGE('',*,*,#13007,.F.);
#13264=CARTESIAN_POINT('',(-0.8,17.114307784,-5.245042334));
#13265=DIRECTION('',(0.,0.900968868,-0.433883739));
#13266=DIRECTION('',(-0.,0.433883739,0.900968868));
#13267=AXIS2_PLACEMENT_3D('',#13264,#13265,#13266);
#13268=CIRCLE('',#13267,0.3);
#13269=EDGE_CURVE('',#12797,#12921,#13268,.T.);
#13270=ORIENTED_EDGE('',*,*,#13269,.T.);
#13271=EDGE_LOOP('',(#13262,#13263,#13270));
#13272=FACE_BOUND('',#13271,.T.);
#13273=ADVANCED_FACE('',(#13272),#13261,.T.);
#13274=CARTESIAN_POINT('',(-0.8,18.195470425,-5.765702821));
#13275=DIRECTION('',(-0.,-0.900968868,0.433883739));
#13276=DIRECTION('',(1.,-0.,0.));
#13277=AXIS2_PLACEMENT_3D('',#13274,#13275,#13276);
#13278=CYLINDRICAL_SURFACE('',#13277,0.3);
#13279=ORIENTED_EDGE('',*,*,#12804,.T.);
#13280=CARTESIAN_POINT('',(-0.8,16.019715454,-4.71791445));
#13281=DIRECTION('',(0.,0.900968868,-0.433883739));
#13282=DIRECTION('',(-1.,0.,-0.));
#13283=AXIS2_PLACEMENT_3D('',#13280,#13281,#13282);
#13284=CIRCLE('',#13283,0.3);
#13285=EDGE_CURVE('',#12799,#12930,#13284,.T.);
#13286=ORIENTED_EDGE('',*,*,#13285,.T.);
#13287=ORIENTED_EDGE('',*,*,#12935,.F.);
#13288=ORIENTED_EDGE('',*,*,#13269,.F.);
#13289=EDGE_LOOP('',(#13279,#13286,#13287,#13288));
#13290=FACE_BOUND('',#13289,.T.);
#13291=ADVANCED_FACE('',(#13290),#13278,.T.);
#13292=CARTESIAN_POINT('',(-0.8,16.019715454,-4.71791445));
#13293=DIRECTION('',(1.,-0.,0.));
#13294=DIRECTION('',(-0.,0.433883739,0.900968868));
#13295=AXIS2_PLACEMENT_3D('',#13292,#13293,#13294);
#13296=SPHERICAL_SURFACE('',#13295,0.3);
#13297=CARTESIAN_POINT('',(-0.8,16.019715454,-4.71791445));
#13298=DIRECTION('',(-0.,0.282509847,0.959264398));
#13299=DIRECTION('',(-0.,-0.959264398,0.282509847));
#13300=AXIS2_PLACEMENT_3D('',#13297,#13298,#13299);
#13301=CIRCLE('',#13300,0.3);
#13302=EDGE_CURVE('',#12837,#12930,#13301,.T.);
#13303=ORIENTED_EDGE('',*,*,#13302,.T.);
#13304=ORIENTED_EDGE('',*,*,#13285,.F.);
#13305=ORIENTED_EDGE('',*,*,#13055,.F.);
#13306=EDGE_LOOP('',(#13303,#13304,#13305));
#13307=FACE_BOUND('',#13306,.T.);
#13308=ADVANCED_FACE('',(#13307),#13296,.T.);
#13309=CARTESIAN_POINT('',(-0.8,0.,-0.));
#13310=DIRECTION('',(-1.,0.,-0.));
#13311=DIRECTION('',(0.,0.968793212,-0.247870356));
#13312=AXIS2_PLACEMENT_3D('',#13309,#13310,#13311);
#13313=TOROIDAL_SURFACE('',#13312,16.7,0.3);
#13314=ORIENTED_EDGE('',*,*,#12845,.T.);
#13315=CARTESIAN_POINT('',(-0.8,13.676743263,-9.583146337));
#13316=DIRECTION('',(-0.,0.573841098,0.818966662));
#13317=DIRECTION('',(-0.,-0.818966662,0.573841098));
#13318=AXIS2_PLACEMENT_3D('',#13315,#13316,#13317);
#13319=CIRCLE('',#13318,0.3);
#13320=EDGE_CURVE('',#12839,#12938,#13319,.T.);
#13321=ORIENTED_EDGE('',*,*,#13320,.T.);
#13322=ORIENTED_EDGE('',*,*,#12944,.F.);
#13323=ORIENTED_EDGE('',*,*,#13302,.F.);
#13324=EDGE_LOOP('',(#13314,#13321,#13322,#13323));
#13325=FACE_BOUND('',#13324,.T.);
#13326=ADVANCED_FACE('',(#13325),#13313,.T.);
#13327=CARTESIAN_POINT('',(-0.8,13.676743263,-9.583146337));
#13328=DIRECTION('',(1.,-0.,0.));
#13329=DIRECTION('',(-0.,-0.818966662,0.573841098));
#13330=AXIS2_PLACEMENT_3D('',#13327,#13328,#13329);
#13331=SPHERICAL_SURFACE('',#13330,0.3);
#13332=CARTESIAN_POINT('',(-0.8,13.676743263,-9.583146337));
#13333=DIRECTION('',(-0.,-0.900968868,0.433883739));
#13334=DIRECTION('',(0.,-0.433883739,-0.900968868));
#13335=AXIS2_PLACEMENT_3D('',#13332,#13333,#13334);
#13336=CIRCLE('',#13335,0.3);
#13337=EDGE_CURVE('',#12879,#12938,#13336,.T.);
#13338=ORIENTED_EDGE('',*,*,#13337,.T.);
#13339=ORIENTED_EDGE('',*,*,#13320,.F.);
#13340=ORIENTED_EDGE('',*,*,#13079,.F.);
#13341=EDGE_LOOP('',(#13338,#13339,#13340));
#13342=FACE_BOUND('',#13341,.T.);
#13343=ADVANCED_FACE('',(#13342),#13331,.T.);
#13344=CARTESIAN_POINT('',(-0.8,12.595580622,-9.06248585));
#13345=DIRECTION('',(0.,0.900968868,-0.433883739));
#13346=DIRECTION('',(1.,0.,0.));
#13347=AXIS2_PLACEMENT_3D('',#13344,#13345,#13346);
#13348=CYLINDRICAL_SURFACE('',#13347,0.3);
#13349=ORIENTED_EDGE('',*,*,#12886,.T.);
#13350=CARTESIAN_POINT('',(-0.8,14.771335592,-10.110274221));
#13351=DIRECTION('',(-0.,-0.900968868,0.433883739));
#13352=DIRECTION('',(1.,-0.,0.));
#13353=AXIS2_PLACEMENT_3D('',#13350,#13351,#13352);
#13354=CIRCLE('',#13353,0.3);
#13355=EDGE_CURVE('',#12881,#12919,#13354,.T.);
#13356=ORIENTED_EDGE('',*,*,#13355,.T.);
#13357=ORIENTED_EDGE('',*,*,#12950,.F.);
#13358=ORIENTED_EDGE('',*,*,#13337,.F.);
#13359=EDGE_LOOP('',(#13349,#13356,#13357,#13358));
#13360=FACE_BOUND('',#13359,.T.);
#13361=ADVANCED_FACE('',(#13360),#13348,.T.);
#13362=CARTESIAN_POINT('',(-0.8,14.771335592,-10.110274221));
#13363=DIRECTION('',(1.,-0.,0.));
#13364=DIRECTION('',(0.,-0.433883739,-0.900968868));
#13365=AXIS2_PLACEMENT_3D('',#13362,#13363,#13364);
#13366=SPHERICAL_SURFACE('',#13365,0.3);
#13367=ORIENTED_EDGE('',*,*,#13031,.F.);
#13368=ORIENTED_EDGE('',*,*,#13252,.T.);
#13369=ORIENTED_EDGE('',*,*,#13355,.F.);
#13370=EDGE_LOOP('',(#13367,#13368,#13369));
#13371=FACE_BOUND('',#13370,.T.);
#13372=ADVANCED_FACE('',(#13371),#13366,.T.);
#13373=CLOSED_SHELL('',(#12790,#12830,#12872,#12912,#12954,#12996,#13020,#13044,#13068,#13092,#13116,#13133,#13151,#13168,#13186,#13203,#13221,#13232,#13256,#13273,#13291,#13308,#13326,#13343,#13361,#13372));
#13374=MANIFOLD_SOLID_BREP('\X2\04220435043B043E\X0\_157 - \X2\0411041F041B0410\X0\32.20.03_158:1',#13373);
#12748=STYLED_ITEM('',(#6477),#13374);
#13376=CARTESIAN_POINT('',(-12.5,0.,-0.));
#13377=DIRECTION('',(1.,-0.,0.));
#13378=DIRECTION('',(0.,0.058774696,-0.998271273));
#13379=AXIS2_PLACEMENT_3D('',#13376,#13377,#13378);
#13380=CYLINDRICAL_SURFACE('',#13379,18.2);
#13381=CARTESIAN_POINT('',(-0.8,1.327122058,-18.151549439));
#13382=VERTEX_POINT('',#13381);
#13383=CARTESIAN_POINT('',(-0.8,6.679966483,-16.92979763));
#13384=VERTEX_POINT('',#13383);
#13385=CARTESIAN_POINT('',(-0.8,0.,-0.));
#13386=DIRECTION('',(1.,-0.,0.));
#13387=DIRECTION('',(0.,-0.974927912,-0.222520934));
#13388=AXIS2_PLACEMENT_3D('',#13385,#13386,#13387);
#13389=CIRCLE('',#13388,18.2);
#13390=EDGE_CURVE('',#13382,#13384,#13389,.T.);
#13391=ORIENTED_EDGE('',*,*,#13390,.F.);
#13392=CARTESIAN_POINT('',(-12.2,1.327122058,-18.151549439));
#13393=VERTEX_POINT('',#13392);
#13394=CARTESIAN_POINT('',(-12.2,1.327122058,-18.151549439));
#13395=DIRECTION('',(1.,-0.,0.));
#13396=VECTOR('',#13395,11.4);
#13397=LINE('',#13394,#13396);
#13398=EDGE_CURVE('',#13393,#13382,#13397,.T.);
#13399=ORIENTED_EDGE('',*,*,#13398,.F.);
#13400=CARTESIAN_POINT('',(-12.2,6.679966483,-16.92979763));
#13401=VERTEX_POINT('',#13400);
#13402=CARTESIAN_POINT('',(-12.2,0.,-0.));
#13403=DIRECTION('',(1.,-0.,0.));
#13404=DIRECTION('',(0.,-0.974927912,-0.222520934));
#13405=AXIS2_PLACEMENT_3D('',#13402,#13403,#13404);
#13406=CIRCLE('',#13405,18.2);
#13407=EDGE_CURVE('',#13393,#13401,#13406,.T.);
#13408=ORIENTED_EDGE('',*,*,#13407,.T.);
#13409=CARTESIAN_POINT('',(-12.2,6.679966483,-16.92979763));
#13410=DIRECTION('',(1.,-0.,0.));
#13411=VECTOR('',#13410,11.4);
#13412=LINE('',#13409,#13411);
#13413=EDGE_CURVE('',#13401,#13384,#13412,.T.);
#13414=ORIENTED_EDGE('',*,*,#13413,.T.);
#13415=EDGE_LOOP('',(#13391,#13399,#13408,#13414));
#13416=FACE_BOUND('',#13415,.T.);
#13417=ADVANCED_FACE('',(#13416),#13380,.T.);
#13418=CARTESIAN_POINT('',(-12.5,6.919266933,-16.833411571));
#13419=DIRECTION('',(-0.,0.974927912,0.222520934));
#13420=DIRECTION('',(-0.,-0.222520934,0.974927912));
#13421=AXIS2_PLACEMENT_3D('',#13418,#13419,#13420);
#13422=PLANE('',#13421);
#13423=CARTESIAN_POINT('',(-0.8,6.862335519,-16.583978751));
#13424=VERTEX_POINT('',#13423);
#13425=CARTESIAN_POINT('',(-0.8,6.591993539,-15.399533148));
#13426=VERTEX_POINT('',#13425);
#13427=CARTESIAN_POINT('',(-0.8,6.862335519,-16.583978751));
#13428=DIRECTION('',(-0.,-0.222520934,0.974927912));
#13429=VECTOR('',#13428,1.214905829);
#13430=LINE('',#13427,#13429);
#13431=EDGE_CURVE('',#13424,#13426,#13430,.T.);
#13432=ORIENTED_EDGE('',*,*,#13431,.F.);
#13433=CARTESIAN_POINT('',(-12.2,6.862335519,-16.583978751));
#13434=VERTEX_POINT('',#13433);
#13435=CARTESIAN_POINT('',(-12.2,6.862335519,-16.583978751));
#13436=DIRECTION('',(1.,-0.,0.));
#13437=VECTOR('',#13436,11.4);
#13438=LINE('',#13435,#13437);
#13439=EDGE_CURVE('',#13434,#13424,#13438,.T.);
#13440=ORIENTED_EDGE('',*,*,#13439,.F.);
#13441=CARTESIAN_POINT('',(-12.2,6.591993539,-15.399533148));
#13442=VERTEX_POINT('',#13441);
#13443=CARTESIAN_POINT('',(-12.2,6.862335519,-16.583978751));
#13444=DIRECTION('',(-0.,-0.222520934,0.974927912));
#13445=VECTOR('',#13444,1.214905829);
#13446=LINE('',#13443,#13445);
#13447=EDGE_CURVE('',#13434,#13442,#13446,.T.);
#13448=ORIENTED_EDGE('',*,*,#13447,.T.);
#13449=CARTESIAN_POINT('',(-12.2,6.591993539,-15.399533148));
#13450=DIRECTION('',(1.,-0.,0.));
#13451=VECTOR('',#13450,11.4);
#13452=LINE('',#13449,#13451);
#13453=EDGE_CURVE('',#13442,#13426,#13452,.T.);
#13454=ORIENTED_EDGE('',*,*,#13453,.T.);
#13455=EDGE_LOOP('',(#13432,#13440,#13448,#13454));
#13456=FACE_BOUND('',#13455,.T.);
#13457=ADVANCED_FACE('',(#13456),#13422,.T.);
#13458=CARTESIAN_POINT('',(-12.5,0.,-0.));
#13459=DIRECTION('',(-1.,0.,-0.));
#13460=DIRECTION('',(0.,0.397106706,-0.917772447));
#13461=AXIS2_PLACEMENT_3D('',#13458,#13459,#13460);
#13462=CYLINDRICAL_SURFACE('',#13461,16.4);
#13463=CARTESIAN_POINT('',(-0.8,6.186350223,-15.188451894));
#13464=VERTEX_POINT('',#13463);
#13465=CARTESIAN_POINT('',(-0.8,1.016313342,-16.368479074));
#13466=VERTEX_POINT('',#13465);
#13467=CARTESIAN_POINT('',(-0.8,0.,-0.));
#13468=DIRECTION('',(-1.,0.,-0.));
#13469=DIRECTION('',(-0.,0.974927912,0.222520934));
#13470=AXIS2_PLACEMENT_3D('',#13467,#13468,#13469);
#13471=CIRCLE('',#13470,16.4);
#13472=EDGE_CURVE('',#13464,#13466,#13471,.T.);
#13473=ORIENTED_EDGE('',*,*,#13472,.F.);
#13474=CARTESIAN_POINT('',(-12.2,6.186350223,-15.188451894));
#13475=VERTEX_POINT('',#13474);
#13476=CARTESIAN_POINT('',(-12.2,6.186350223,-15.188451894));
#13477=DIRECTION('',(1.,-0.,0.));
#13478=VECTOR('',#13477,11.4);
#13479=LINE('',#13476,#13478);
#13480=EDGE_CURVE('',#13475,#13464,#13479,.T.);
#13481=ORIENTED_EDGE('',*,*,#13480,.F.);
#13482=CARTESIAN_POINT('',(-12.2,1.016313342,-16.368479074));
#13483=VERTEX_POINT('',#13482);
#13484=CARTESIAN_POINT('',(-12.2,0.,-0.));
#13485=DIRECTION('',(-1.,0.,-0.));
#13486=DIRECTION('',(-0.,0.974927912,0.222520934));
#13487=AXIS2_PLACEMENT_3D('',#13484,#13485,#13486);
#13488=CIRCLE('',#13487,16.4);
#13489=EDGE_CURVE('',#13475,#13483,#13488,.T.);
#13490=ORIENTED_EDGE('',*,*,#13489,.T.);
#13491=CARTESIAN_POINT('',(-12.2,1.016313342,-16.368479074));
#13492=DIRECTION('',(1.,-0.,0.));
#13493=VECTOR('',#13492,11.4);
#13494=LINE('',#13491,#13493);
#13495=EDGE_CURVE('',#13483,#13466,#13494,.T.);
#13496=ORIENTED_EDGE('',*,*,#13495,.T.);
#13497=EDGE_LOOP('',(#13473,#13481,#13490,#13496));
#13498=FACE_BOUND('',#13497,.T.);
#13499=ADVANCED_FACE('',(#13498),#13462,.F.);
#13500=CARTESIAN_POINT('',(-12.5,0.662982497,-16.386593734));
#13501=DIRECTION('',(0.,-0.974927912,-0.222520934));
#13502=DIRECTION('',(0.,0.222520934,-0.974927912));
#13503=AXIS2_PLACEMENT_3D('',#13500,#13501,#13502);
#13504=PLANE('',#13503);
#13505=CARTESIAN_POINT('',(-0.8,0.742426066,-16.734658752));
#13506=VERTEX_POINT('',#13505);
#13507=CARTESIAN_POINT('',(-0.8,1.012768046,-17.919104355));
#13508=VERTEX_POINT('',#13507);
#13509=CARTESIAN_POINT('',(-0.8,0.742426066,-16.734658752));
#13510=DIRECTION('',(0.,0.222520934,-0.974927912));
#13511=VECTOR('',#13510,1.214905829);
#13512=LINE('',#13509,#13511);
#13513=EDGE_CURVE('',#13506,#13508,#13512,.T.);
#13514=ORIENTED_EDGE('',*,*,#13513,.F.);
#13515=CARTESIAN_POINT('',(-12.2,0.742426066,-16.734658752));
#13516=VERTEX_POINT('',#13515);
#13517=CARTESIAN_POINT('',(-12.2,0.742426066,-16.734658752));
#13518=DIRECTION('',(1.,-0.,0.));
#13519=VECTOR('',#13518,11.4);
#13520=LINE('',#13517,#13519);
#13521=EDGE_CURVE('',#13516,#13506,#13520,.T.);
#13522=ORIENTED_EDGE('',*,*,#13521,.F.);
#13523=CARTESIAN_POINT('',(-12.2,1.012768046,-17.919104355));
#13524=VERTEX_POINT('',#13523);
#13525=CARTESIAN_POINT('',(-12.2,0.742426066,-16.734658752));
#13526=DIRECTION('',(0.,0.222520934,-0.974927912));
#13527=VECTOR('',#13526,1.214905829);
#13528=LINE('',#13525,#13527);
#13529=EDGE_CURVE('',#13516,#13524,#13528,.T.);
#13530=ORIENTED_EDGE('',*,*,#13529,.T.);
#13531=CARTESIAN_POINT('',(-12.2,1.012768046,-17.919104355));
#13532=DIRECTION('',(1.,-0.,0.));
#13533=VECTOR('',#13532,11.4);
#13534=LINE('',#13531,#13533);
#13535=EDGE_CURVE('',#13524,#13508,#13534,.T.);
#13536=ORIENTED_EDGE('',*,*,#13535,.T.);
#13537=EDGE_LOOP('',(#13514,#13522,#13530,#13536));
#13538=FACE_BOUND('',#13537,.T.);
#13539=ADVANCED_FACE('',(#13538),#13504,.T.);
#13540=CARTESIAN_POINT('',(-0.5,0.,-0.));
#13541=DIRECTION('',(1.,-0.,0.));
#13542=DIRECTION('',(0.,-0.974927912,-0.222520934));
#13543=AXIS2_PLACEMENT_3D('',#13540,#13541,#13542);
#13544=PLANE('',#13543);
#13545=CARTESIAN_POINT('',(-0.5,1.30524642,-17.852348075));
#13546=VERTEX_POINT('',#13545);
#13547=CARTESIAN_POINT('',(-0.5,6.569857146,-16.650735031));
#13548=VERTEX_POINT('',#13547);
#13549=CARTESIAN_POINT('',(-0.5,0.,-0.));
#13550=DIRECTION('',(1.,-0.,0.));
#13551=DIRECTION('',(0.,-0.974927912,-0.222520934));
#13552=AXIS2_PLACEMENT_3D('',#13549,#13550,#13551);
#13553=CIRCLE('',#13552,17.9);
#13554=EDGE_CURVE('',#13546,#13548,#13553,.T.);
#13555=ORIENTED_EDGE('',*,*,#13554,.T.);
#13556=CARTESIAN_POINT('',(-0.5,6.299515166,-15.466289428));
#13557=VERTEX_POINT('',#13556);
#13558=CARTESIAN_POINT('',(-0.5,6.569857146,-16.650735031));
#13559=DIRECTION('',(-0.,-0.222520934,0.974927912));
#13560=VECTOR('',#13559,1.214905829);
#13561=LINE('',#13558,#13560);
#13562=EDGE_CURVE('',#13548,#13557,#13561,.T.);
#13563=ORIENTED_EDGE('',*,*,#13562,.T.);
#13564=CARTESIAN_POINT('',(-0.5,1.03490444,-16.667902472));
#13565=VERTEX_POINT('',#13564);
#13566=CARTESIAN_POINT('',(-0.5,0.,-0.));
#13567=DIRECTION('',(-1.,0.,-0.));
#13568=DIRECTION('',(-0.,0.974927912,0.222520934));
#13569=AXIS2_PLACEMENT_3D('',#13566,#13567,#13568);
#13570=CIRCLE('',#13569,16.7);
#13571=EDGE_CURVE('',#13557,#13565,#13570,.T.);
#13572=ORIENTED_EDGE('',*,*,#13571,.T.);
#13573=CARTESIAN_POINT('',(-0.5,1.03490444,-16.667902472));
#13574=DIRECTION('',(0.,0.222520934,-0.974927912));
#13575=VECTOR('',#13574,1.214905829);
#13576=LINE('',#13573,#13575);
#13577=EDGE_CURVE('',#13565,#13546,#13576,.T.);
#13578=ORIENTED_EDGE('',*,*,#13577,.T.);
#13579=EDGE_LOOP('',(#13555,#13563,#13572,#13578));
#13580=FACE_BOUND('',#13579,.T.);
#13581=ADVANCED_FACE('',(#13580),#13544,.T.);
#13582=CARTESIAN_POINT('',(-12.5,0.,-0.));
#13583=DIRECTION('',(1.,-0.,0.));
#13584=DIRECTION('',(0.,-0.974927912,-0.222520934));
#13585=AXIS2_PLACEMENT_3D('',#13582,#13583,#13584);
#13586=PLANE('',#13585);
#13587=CARTESIAN_POINT('',(-12.5,1.30524642,-17.852348075));
#13588=VERTEX_POINT('',#13587);
#13589=CARTESIAN_POINT('',(-12.5,6.569857146,-16.650735031));
#13590=VERTEX_POINT('',#13589);
#13591=CARTESIAN_POINT('',(-12.5,0.,-0.));
#13592=DIRECTION('',(1.,-0.,0.));
#13593=DIRECTION('',(0.,-0.974927912,-0.222520934));
#13594=AXIS2_PLACEMENT_3D('',#13591,#13592,#13593);
#13595=CIRCLE('',#13594,17.9);
#13596=EDGE_CURVE('',#13588,#13590,#13595,.T.);
#13597=ORIENTED_EDGE('',*,*,#13596,.F.);
#13598=CARTESIAN_POINT('',(-12.5,1.03490444,-16.667902472));
#13599=VERTEX_POINT('',#13598);
#13600=CARTESIAN_POINT('',(-12.5,1.03490444,-16.667902472));
#13601=DIRECTION('',(0.,0.222520934,-0.974927912));
#13602=VECTOR('',#13601,1.214905829);
#13603=LINE('',#13600,#13602);
#13604=EDGE_CURVE('',#13599,#13588,#13603,.T.);
#13605=ORIENTED_EDGE('',*,*,#13604,.F.);
#13606=CARTESIAN_POINT('',(-12.5,6.299515166,-15.466289428));
#13607=VERTEX_POINT('',#13606);
#13608=CARTESIAN_POINT('',(-12.5,0.,-0.));
#13609=DIRECTION('',(-1.,0.,-0.));
#13610=DIRECTION('',(-0.,0.974927912,0.222520934));
#13611=AXIS2_PLACEMENT_3D('',#13608,#13609,#13610);
#13612=CIRCLE('',#13611,16.7);
#13613=EDGE_CURVE('',#13607,#13599,#13612,.T.);
#13614=ORIENTED_EDGE('',*,*,#13613,.F.);
#13615=CARTESIAN_POINT('',(-12.5,6.569857146,-16.650735031));
#13616=DIRECTION('',(-0.,-0.222520934,0.974927912));
#13617=VECTOR('',#13616,1.214905829);
#13618=LINE('',#13615,#13617);
#13619=EDGE_CURVE('',#13590,#13607,#13618,.T.);
#13620=ORIENTED_EDGE('',*,*,#13619,.F.);
#13621=EDGE_LOOP('',(#13597,#13605,#13614,#13620));
#13622=FACE_BOUND('',#13621,.T.);
#13623=ADVANCED_FACE('',(#13622),#13586,.F.);
#13624=CARTESIAN_POINT('',(-13.1,6.569857146,-16.650735031));
#13625=DIRECTION('',(-1.,0.,-0.));
#13626=DIRECTION('',(-0.,0.974927912,0.222520934));
#13627=AXIS2_PLACEMENT_3D('',#13624,#13625,#13626);
#13628=CYLINDRICAL_SURFACE('',#13627,0.3);
#13629=CARTESIAN_POINT('',(-0.8,6.569857146,-16.650735031));
#13630=DIRECTION('',(-1.,0.,-0.));
#13631=DIRECTION('',(-0.,0.974927912,0.222520934));
#13632=AXIS2_PLACEMENT_3D('',#13629,#13630,#13631);
#13633=CIRCLE('',#13632,0.3);
#13634=EDGE_CURVE('',#13424,#13384,#13633,.T.);
#13635=ORIENTED_EDGE('',*,*,#13634,.T.);
#13636=ORIENTED_EDGE('',*,*,#13413,.F.);
#13637=CARTESIAN_POINT('',(-12.2,6.569857146,-16.650735031));
#13638=DIRECTION('',(1.,-0.,0.));
#13639=DIRECTION('',(-0.,0.974927912,0.222520934));
#13640=AXIS2_PLACEMENT_3D('',#13637,#13638,#13639);
#13641=CIRCLE('',#13640,0.3);
#13642=EDGE_CURVE('',#13401,#13434,#13641,.T.);
#13643=ORIENTED_EDGE('',*,*,#13642,.T.);
#13644=ORIENTED_EDGE('',*,*,#13439,.T.);
#13645=EDGE_LOOP('',(#13635,#13636,#13643,#13644));
#13646=FACE_BOUND('',#13645,.T.);
#13647=ADVANCED_FACE('',(#13646),#13628,.T.);
#13648=CARTESIAN_POINT('',(-13.1,1.30524642,-17.852348075));
#13649=DIRECTION('',(-1.,0.,-0.));
#13650=DIRECTION('',(0.,0.072918794,-0.997337881));
#13651=AXIS2_PLACEMENT_3D('',#13648,#13649,#13650);
#13652=CYLINDRICAL_SURFACE('',#13651,0.3);
#13653=CARTESIAN_POINT('',(-0.8,1.30524642,-17.852348075));
#13654=DIRECTION('',(-1.,0.,-0.));
#13655=DIRECTION('',(-0.,0.974927912,0.222520934));
#13656=AXIS2_PLACEMENT_3D('',#13653,#13654,#13655);
#13657=CIRCLE('',#13656,0.3);
#13658=EDGE_CURVE('',#13382,#13508,#13657,.T.);
#13659=ORIENTED_EDGE('',*,*,#13658,.T.);
#13660=ORIENTED_EDGE('',*,*,#13535,.F.);
#13661=CARTESIAN_POINT('',(-12.2,1.30524642,-17.852348075));
#13662=DIRECTION('',(1.,-0.,0.));
#13663=DIRECTION('',(-0.,0.974927912,0.222520934));
#13664=AXIS2_PLACEMENT_3D('',#13661,#13662,#13663);
#13665=CIRCLE('',#13664,0.3);
#13666=EDGE_CURVE('',#13524,#13393,#13665,.T.);
#13667=ORIENTED_EDGE('',*,*,#13666,.T.);
#13668=ORIENTED_EDGE('',*,*,#13398,.T.);
#13669=EDGE_LOOP('',(#13659,#13660,#13667,#13668));
#13670=FACE_BOUND('',#13669,.T.);
#13671=ADVANCED_FACE('',(#13670),#13652,.T.);
#13672=CARTESIAN_POINT('',(-13.1,6.299515166,-15.466289428));
#13673=DIRECTION('',(-1.,0.,-0.));
#13674=DIRECTION('',(-0.,-0.377216477,0.926125115));
#13675=AXIS2_PLACEMENT_3D('',#13672,#13673,#13674);
#13676=CYLINDRICAL_SURFACE('',#13675,0.3);
#13677=CARTESIAN_POINT('',(-0.8,6.299515166,-15.466289428));
#13678=DIRECTION('',(-1.,0.,-0.));
#13679=DIRECTION('',(-0.,0.974927912,0.222520934));
#13680=AXIS2_PLACEMENT_3D('',#13677,#13678,#13679);
#13681=CIRCLE('',#13680,0.3);
#13682=EDGE_CURVE('',#13464,#13426,#13681,.T.);
#13683=ORIENTED_EDGE('',*,*,#13682,.T.);
#13684=ORIENTED_EDGE('',*,*,#13453,.F.);
#13685=CARTESIAN_POINT('',(-12.2,6.299515166,-15.466289428));
#13686=DIRECTION('',(1.,-0.,0.));
#13687=DIRECTION('',(-0.,0.974927912,0.222520934));
#13688=AXIS2_PLACEMENT_3D('',#13685,#13686,#13687);
#13689=CIRCLE('',#13688,0.3);
#13690=EDGE_CURVE('',#13442,#13475,#13689,.T.);
#13691=ORIENTED_EDGE('',*,*,#13690,.T.);
#13692=ORIENTED_EDGE('',*,*,#13480,.T.);
#13693=EDGE_LOOP('',(#13683,#13684,#13691,#13692));
#13694=FACE_BOUND('',#13693,.T.);
#13695=ADVANCED_FACE('',(#13694),#13676,.T.);
#13696=CARTESIAN_POINT('',(-13.1,1.03490444,-16.667902472));
#13697=DIRECTION('',(-1.,0.,-0.));
#13698=DIRECTION('',(0.,-0.974927912,-0.222520934));
#13699=AXIS2_PLACEMENT_3D('',#13696,#13697,#13698);
#13700=CYLINDRICAL_SURFACE('',#13699,0.3);
#13701=CARTESIAN_POINT('',(-0.8,1.03490444,-16.667902472));
#13702=DIRECTION('',(-1.,0.,-0.));
#13703=DIRECTION('',(-0.,0.974927912,0.222520934));
#13704=AXIS2_PLACEMENT_3D('',#13701,#13702,#13703);
#13705=CIRCLE('',#13704,0.3);
#13706=EDGE_CURVE('',#13506,#13466,#13705,.T.);
#13707=ORIENTED_EDGE('',*,*,#13706,.T.);
#13708=ORIENTED_EDGE('',*,*,#13495,.F.);
#13709=CARTESIAN_POINT('',(-12.2,1.03490444,-16.667902472));
#13710=DIRECTION('',(1.,-0.,0.));
#13711=DIRECTION('',(-0.,0.974927912,0.222520934));
#13712=AXIS2_PLACEMENT_3D('',#13709,#13710,#13711);
#13713=CIRCLE('',#13712,0.3);
#13714=EDGE_CURVE('',#13483,#13516,#13713,.T.);
#13715=ORIENTED_EDGE('',*,*,#13714,.T.);
#13716=ORIENTED_EDGE('',*,*,#13521,.T.);
#13717=EDGE_LOOP('',(#13707,#13708,#13715,#13716));
#13718=FACE_BOUND('',#13717,.T.);
#13719=ADVANCED_FACE('',(#13718),#13700,.T.);
#13720=CARTESIAN_POINT('',(-12.2,0.,-0.));
#13721=DIRECTION('',(1.,-0.,0.));
#13722=DIRECTION('',(0.,0.039453774,-0.999221397));
#13723=AXIS2_PLACEMENT_3D('',#13720,#13721,#13722);
#13724=TOROIDAL_SURFACE('',#13723,17.9,0.3);
#13725=ORIENTED_EDGE('',*,*,#13407,.F.);
#13726=CARTESIAN_POINT('',(-12.2,1.30524642,-17.852348075));
#13727=DIRECTION('',(0.,-0.997337881,-0.072918794));
#13728=DIRECTION('',(-0.,-0.072918794,0.997337881));
#13729=AXIS2_PLACEMENT_3D('',#13726,#13727,#13728);
#13730=CIRCLE('',#13729,0.3);
#13731=EDGE_CURVE('',#13588,#13393,#13730,.T.);
#13732=ORIENTED_EDGE('',*,*,#13731,.F.);
#13733=ORIENTED_EDGE('',*,*,#13596,.T.);
#13734=CARTESIAN_POINT('',(-12.2,6.569857146,-16.650735031));
#13735=DIRECTION('',(0.,-0.930208661,-0.367031125));
#13736=DIRECTION('',(0.,0.367031125,-0.930208661));
#13737=AXIS2_PLACEMENT_3D('',#13734,#13735,#13736);
#13738=CIRCLE('',#13737,0.3);
#13739=EDGE_CURVE('',#13590,#13401,#13738,.T.);
#13740=ORIENTED_EDGE('',*,*,#13739,.T.);
#13741=EDGE_LOOP('',(#13725,#13732,#13733,#13740));
#13742=FACE_BOUND('',#13741,.T.);
#13743=ADVANCED_FACE('',(#13742),#13724,.T.);
#13744=CARTESIAN_POINT('',(-12.2,6.569857146,-16.650735031));
#13745=DIRECTION('',(-1.,0.,-0.));
#13746=DIRECTION('',(-0.,0.974927912,0.222520934));
#13747=AXIS2_PLACEMENT_3D('',#13744,#13745,#13746);
#13748=SPHERICAL_SURFACE('',#13747,0.3);
#13749=CARTESIAN_POINT('',(-12.2,6.569857146,-16.650735031));
#13750=DIRECTION('',(0.,0.222520934,-0.974927912));
#13751=DIRECTION('',(-1.,0.,-0.));
#13752=AXIS2_PLACEMENT_3D('',#13749,#13750,#13751);
#13753=CIRCLE('',#13752,0.3);
#13754=EDGE_CURVE('',#13590,#13434,#13753,.T.);
#13755=ORIENTED_EDGE('',*,*,#13754,.T.);
#13756=ORIENTED_EDGE('',*,*,#13642,.F.);
#13757=ORIENTED_EDGE('',*,*,#13739,.F.);
#13758=EDGE_LOOP('',(#13755,#13756,#13757));
#13759=FACE_BOUND('',#13758,.T.);
#13760=ADVANCED_FACE('',(#13759),#13748,.T.);
#13761=CARTESIAN_POINT('',(-12.2,6.836882266,-17.820648526));
#13762=DIRECTION('',(0.,0.222520934,-0.974927912));
#13763=DIRECTION('',(-1.,0.,-0.));
#13764=AXIS2_PLACEMENT_3D('',#13761,#13762,#13763);
#13765=CYLINDRICAL_SURFACE('',#13764,0.3);
#13766=ORIENTED_EDGE('',*,*,#13447,.F.);
#13767=ORIENTED_EDGE('',*,*,#13754,.F.);
#13768=ORIENTED_EDGE('',*,*,#13619,.T.);
#13769=CARTESIAN_POINT('',(-12.2,6.299515166,-15.466289428));
#13770=DIRECTION('',(0.,0.222520934,-0.974927912));
#13771=DIRECTION('',(1.,-0.,0.));
#13772=AXIS2_PLACEMENT_3D('',#13769,#13770,#13771);
#13773=CIRCLE('',#13772,0.3);
#13774=EDGE_CURVE('',#13607,#13442,#13773,.T.);
#13775=ORIENTED_EDGE('',*,*,#13774,.T.);
#13776=EDGE_LOOP('',(#13766,#13767,#13768,#13775));
#13777=FACE_BOUND('',#13776,.T.);
#13778=ADVANCED_FACE('',(#13777),#13765,.T.);
#13779=CARTESIAN_POINT('',(-12.2,6.299515166,-15.466289428));
#13780=DIRECTION('',(-1.,0.,-0.));
#13781=DIRECTION('',(-0.,-0.377216477,0.926125115));
#13782=AXIS2_PLACEMENT_3D('',#13779,#13780,#13781);
#13783=SPHERICAL_SURFACE('',#13782,0.3);
#13784=ORIENTED_EDGE('',*,*,#13690,.F.);
#13785=ORIENTED_EDGE('',*,*,#13774,.F.);
#13786=CARTESIAN_POINT('',(-12.2,6.299515166,-15.466289428));
#13787=DIRECTION('',(-0.,0.926125115,0.377216477));
#13788=DIRECTION('',(0.,0.377216477,-0.926125115));
#13789=AXIS2_PLACEMENT_3D('',#13786,#13787,#13788);
#13790=CIRCLE('',#13789,0.3);
#13791=EDGE_CURVE('',#13607,#13475,#13790,.T.);
#13792=ORIENTED_EDGE('',*,*,#13791,.T.);
#13793=EDGE_LOOP('',(#13784,#13785,#13792));
#13794=FACE_BOUND('',#13793,.T.);
#13795=ADVANCED_FACE('',(#13794),#13783,.T.);
#13796=CARTESIAN_POINT('',(-12.2,0.,-0.));
#13797=DIRECTION('',(-1.,0.,-0.));
#13798=DIRECTION('',(0.,0.41023984,-0.911977672));
#13799=AXIS2_PLACEMENT_3D('',#13796,#13797,#13798);
#13800=TOROIDAL_SURFACE('',#13799,16.7,0.3);
#13801=ORIENTED_EDGE('',*,*,#13489,.F.);
#13802=ORIENTED_EDGE('',*,*,#13791,.F.);
#13803=ORIENTED_EDGE('',*,*,#13613,.T.);
#13804=CARTESIAN_POINT('',(-12.2,1.03490444,-16.667902472));
#13805=DIRECTION('',(-0.,0.998077992,0.061970326));
#13806=DIRECTION('',(-0.,-0.061970326,0.998077992));
#13807=AXIS2_PLACEMENT_3D('',#13804,#13805,#13806);
#13808=CIRCLE('',#13807,0.3);
#13809=EDGE_CURVE('',#13599,#13483,#13808,.T.);
#13810=ORIENTED_EDGE('',*,*,#13809,.T.);
#13811=EDGE_LOOP('',(#13801,#13802,#13803,#13810));
#13812=FACE_BOUND('',#13811,.T.);
#13813=ADVANCED_FACE('',(#13812),#13800,.T.);
#13814=CARTESIAN_POINT('',(-12.2,1.03490444,-16.667902472));
#13815=DIRECTION('',(-1.,0.,-0.));
#13816=DIRECTION('',(0.,-0.974927912,-0.222520934));
#13817=AXIS2_PLACEMENT_3D('',#13814,#13815,#13816);
#13818=SPHERICAL_SURFACE('',#13817,0.3);
#13819=ORIENTED_EDGE('',*,*,#13714,.F.);
#13820=ORIENTED_EDGE('',*,*,#13809,.F.);
#13821=CARTESIAN_POINT('',(-12.2,1.03490444,-16.667902472));
#13822=DIRECTION('',(-0.,-0.222520934,0.974927912));
#13823=DIRECTION('',(1.,-0.,0.));
#13824=AXIS2_PLACEMENT_3D('',#13821,#13822,#13823);
#13825=CIRCLE('',#13824,0.3);
#13826=EDGE_CURVE('',#13599,#13516,#13825,.T.);
#13827=ORIENTED_EDGE('',*,*,#13826,.T.);
#13828=EDGE_LOOP('',(#13819,#13820,#13827));
#13829=FACE_BOUND('',#13828,.T.);
#13830=ADVANCED_FACE('',(#13829),#13818,.T.);
#13831=CARTESIAN_POINT('',(-12.2,0.767879319,-15.497988977));
#13832=DIRECTION('',(-0.,-0.222520934,0.974927912));
#13833=DIRECTION('',(-1.,0.,0.));
#13834=AXIS2_PLACEMENT_3D('',#13831,#13832,#13833);
#13835=CYLINDRICAL_SURFACE('',#13834,0.3);
#13836=ORIENTED_EDGE('',*,*,#13529,.F.);
#13837=ORIENTED_EDGE('',*,*,#13826,.F.);
#13838=ORIENTED_EDGE('',*,*,#13604,.T.);
#13839=CARTESIAN_POINT('',(-12.2,1.30524642,-17.852348075));
#13840=DIRECTION('',(-0.,-0.222520934,0.974927912));
#13841=DIRECTION('',(-1.,0.,-0.));
#13842=AXIS2_PLACEMENT_3D('',#13839,#13840,#13841);
#13843=CIRCLE('',#13842,0.3);
#13844=EDGE_CURVE('',#13588,#13524,#13843,.T.);
#13845=ORIENTED_EDGE('',*,*,#13844,.T.);
#13846=EDGE_LOOP('',(#13836,#13837,#13838,#13845));
#13847=FACE_BOUND('',#13846,.T.);
#13848=ADVANCED_FACE('',(#13847),#13835,.T.);
#13849=CARTESIAN_POINT('',(-12.2,1.30524642,-17.852348075));
#13850=DIRECTION('',(-1.,0.,-0.));
#13851=DIRECTION('',(0.,0.072918794,-0.997337881));
#13852=AXIS2_PLACEMENT_3D('',#13849,#13850,#13851);
#13853=SPHERICAL_SURFACE('',#13852,0.3);
#13854=ORIENTED_EDGE('',*,*,#13844,.F.);
#13855=ORIENTED_EDGE('',*,*,#13731,.T.);
#13856=ORIENTED_EDGE('',*,*,#13666,.F.);
#13857=EDGE_LOOP('',(#13854,#13855,#13856));
#13858=FACE_BOUND('',#13857,.T.);
#13859=ADVANCED_FACE('',(#13858),#13853,.T.);
#13860=CARTESIAN_POINT('',(-0.8,0.,-0.));
#13861=DIRECTION('',(1.,-0.,0.));
#13862=DIRECTION('',(0.,0.039453774,-0.999221397));
#13863=AXIS2_PLACEMENT_3D('',#13860,#13861,#13862);
#13864=TOROIDAL_SURFACE('',#13863,17.9,0.3);
#13865=ORIENTED_EDGE('',*,*,#13390,.T.);
#13866=CARTESIAN_POINT('',(-0.8,6.569857146,-16.650735031));
#13867=DIRECTION('',(0.,-0.930208661,-0.367031125));
#13868=DIRECTION('',(0.,0.367031125,-0.930208661));
#13869=AXIS2_PLACEMENT_3D('',#13866,#13867,#13868);
#13870=CIRCLE('',#13869,0.3);
#13871=EDGE_CURVE('',#13384,#13548,#13870,.T.);
#13872=ORIENTED_EDGE('',*,*,#13871,.T.);
#13873=ORIENTED_EDGE('',*,*,#13554,.F.);
#13874=CARTESIAN_POINT('',(-0.8,1.30524642,-17.852348075));
#13875=DIRECTION('',(0.,-0.997337881,-0.072918794));
#13876=DIRECTION('',(0.,0.072918794,-0.997337881));
#13877=AXIS2_PLACEMENT_3D('',#13874,#13875,#13876);
#13878=CIRCLE('',#13877,0.3);
#13879=EDGE_CURVE('',#13382,#13546,#13878,.T.);
#13880=ORIENTED_EDGE('',*,*,#13879,.F.);
#13881=EDGE_LOOP('',(#13865,#13872,#13873,#13880));
#13882=FACE_BOUND('',#13881,.T.);
#13883=ADVANCED_FACE('',(#13882),#13864,.T.);
#13884=CARTESIAN_POINT('',(-0.8,6.569857146,-16.650735031));
#13885=DIRECTION('',(1.,-0.,0.));
#13886=DIRECTION('',(0.,0.367031125,-0.930208661));
#13887=AXIS2_PLACEMENT_3D('',#13884,#13885,#13886);
#13888=SPHERICAL_SURFACE('',#13887,0.3);
#13889=ORIENTED_EDGE('',*,*,#13871,.F.);
#13890=ORIENTED_EDGE('',*,*,#13634,.F.);
#13891=CARTESIAN_POINT('',(-0.8,6.569857146,-16.650735031));
#13892=DIRECTION('',(0.,0.222520934,-0.974927912));
#13893=DIRECTION('',(-0.,0.974927912,0.222520934));
#13894=AXIS2_PLACEMENT_3D('',#13891,#13892,#13893);
#13895=CIRCLE('',#13894,0.3);
#13896=EDGE_CURVE('',#13424,#13548,#13895,.T.);
#13897=ORIENTED_EDGE('',*,*,#13896,.T.);
#13898=EDGE_LOOP('',(#13889,#13890,#13897));
#13899=FACE_BOUND('',#13898,.T.);
#13900=ADVANCED_FACE('',(#13899),#13888,.T.);
#13901=CARTESIAN_POINT('',(-0.8,6.836882266,-17.820648526));
#13902=DIRECTION('',(-0.,-0.222520934,0.974927912));
#13903=DIRECTION('',(1.,-0.,0.));
#13904=AXIS2_PLACEMENT_3D('',#13901,#13902,#13903);
#13905=CYLINDRICAL_SURFACE('',#13904,0.3);
#13906=ORIENTED_EDGE('',*,*,#13431,.T.);
#13907=CARTESIAN_POINT('',(-0.8,6.299515166,-15.466289428));
#13908=DIRECTION('',(0.,0.222520934,-0.974927912));
#13909=DIRECTION('',(-1.,0.,-0.));
#13910=AXIS2_PLACEMENT_3D('',#13907,#13908,#13909);
#13911=CIRCLE('',#13910,0.3);
#13912=EDGE_CURVE('',#13426,#13557,#13911,.T.);
#13913=ORIENTED_EDGE('',*,*,#13912,.T.);
#13914=ORIENTED_EDGE('',*,*,#13562,.F.);
#13915=ORIENTED_EDGE('',*,*,#13896,.F.);
#13916=EDGE_LOOP('',(#13906,#13913,#13914,#13915));
#13917=FACE_BOUND('',#13916,.T.);
#13918=ADVANCED_FACE('',(#13917),#13905,.T.);
#13919=CARTESIAN_POINT('',(-0.8,6.299515166,-15.466289428));
#13920=DIRECTION('',(1.,-0.,0.));
#13921=DIRECTION('',(-0.,0.974927912,0.222520934));
#13922=AXIS2_PLACEMENT_3D('',#13919,#13920,#13921);
#13923=SPHERICAL_SURFACE('',#13922,0.3);
#13924=CARTESIAN_POINT('',(-0.8,6.299515166,-15.466289428));
#13925=DIRECTION('',(-0.,0.926125115,0.377216477));
#13926=DIRECTION('',(-0.,-0.377216477,0.926125115));
#13927=AXIS2_PLACEMENT_3D('',#13924,#13925,#13926);
#13928=CIRCLE('',#13927,0.3);
#13929=EDGE_CURVE('',#13464,#13557,#13928,.T.);
#13930=ORIENTED_EDGE('',*,*,#13929,.T.);
#13931=ORIENTED_EDGE('',*,*,#13912,.F.);
#13932=ORIENTED_EDGE('',*,*,#13682,.F.);
#13933=EDGE_LOOP('',(#13930,#13931,#13932));
#13934=FACE_BOUND('',#13933,.T.);
#13935=ADVANCED_FACE('',(#13934),#13923,.T.);
#13936=CARTESIAN_POINT('',(-0.8,0.,-0.));
#13937=DIRECTION('',(-1.,0.,-0.));
#13938=DIRECTION('',(0.,0.41023984,-0.911977672));
#13939=AXIS2_PLACEMENT_3D('',#13936,#13937,#13938);
#13940=TOROIDAL_SURFACE('',#13939,16.7,0.3);
#13941=ORIENTED_EDGE('',*,*,#13472,.T.);
#13942=CARTESIAN_POINT('',(-0.8,1.03490444,-16.667902472));
#13943=DIRECTION('',(-0.,0.998077992,0.061970326));
#13944=DIRECTION('',(-0.,-0.061970326,0.998077992));
#13945=AXIS2_PLACEMENT_3D('',#13942,#13943,#13944);
#13946=CIRCLE('',#13945,0.3);
#13947=EDGE_CURVE('',#13466,#13565,#13946,.T.);
#13948=ORIENTED_EDGE('',*,*,#13947,.T.);
#13949=ORIENTED_EDGE('',*,*,#13571,.F.);
#13950=ORIENTED_EDGE('',*,*,#13929,.F.);
#13951=EDGE_LOOP('',(#13941,#13948,#13949,#13950));
#13952=FACE_BOUND('',#13951,.T.);
#13953=ADVANCED_FACE('',(#13952),#13940,.T.);
#13954=CARTESIAN_POINT('',(-0.8,1.03490444,-16.667902472));
#13955=DIRECTION('',(1.,-0.,0.));
#13956=DIRECTION('',(-0.,-0.061970326,0.998077992));
#13957=AXIS2_PLACEMENT_3D('',#13954,#13955,#13956);
#13958=SPHERICAL_SURFACE('',#13957,0.3);
#13959=CARTESIAN_POINT('',(-0.8,1.03490444,-16.667902472));
#13960=DIRECTION('',(-0.,-0.222520934,0.974927912));
#13961=DIRECTION('',(0.,-0.974927912,-0.222520934));
#13962=AXIS2_PLACEMENT_3D('',#13959,#13960,#13961);
#13963=CIRCLE('',#13962,0.3);
#13964=EDGE_CURVE('',#13506,#13565,#13963,.T.);
#13965=ORIENTED_EDGE('',*,*,#13964,.T.);
#13966=ORIENTED_EDGE('',*,*,#13947,.F.);
#13967=ORIENTED_EDGE('',*,*,#13706,.F.);
#13968=EDGE_LOOP('',(#13965,#13966,#13967));
#13969=FACE_BOUND('',#13968,.T.);
#13970=ADVANCED_FACE('',(#13969),#13958,.T.);
#13971=CARTESIAN_POINT('',(-0.8,0.767879319,-15.497988977));
#13972=DIRECTION('',(0.,0.222520934,-0.974927912));
#13973=DIRECTION('',(1.,0.,0.));
#13974=AXIS2_PLACEMENT_3D('',#13971,#13972,#13973);
#13975=CYLINDRICAL_SURFACE('',#13974,0.3);
#13976=ORIENTED_EDGE('',*,*,#13513,.T.);
#13977=CARTESIAN_POINT('',(-0.8,1.30524642,-17.852348075));
#13978=DIRECTION('',(-0.,-0.222520934,0.974927912));
#13979=DIRECTION('',(1.,-0.,0.));
#13980=AXIS2_PLACEMENT_3D('',#13977,#13978,#13979);
#13981=CIRCLE('',#13980,0.3);
#13982=EDGE_CURVE('',#13508,#13546,#13981,.T.);
#13983=ORIENTED_EDGE('',*,*,#13982,.T.);
#13984=ORIENTED_EDGE('',*,*,#13577,.F.);
#13985=ORIENTED_EDGE('',*,*,#13964,.F.);
#13986=EDGE_LOOP('',(#13976,#13983,#13984,#13985));
#13987=FACE_BOUND('',#13986,.T.);
#13988=ADVANCED_FACE('',(#13987),#13975,.T.);
#13989=CARTESIAN_POINT('',(-0.8,1.30524642,-17.852348075));
#13990=DIRECTION('',(1.,-0.,0.));
#13991=DIRECTION('',(0.,-0.974927912,-0.222520934));
#13992=AXIS2_PLACEMENT_3D('',#13989,#13990,#13991);
#13993=SPHERICAL_SURFACE('',#13992,0.3);
#13994=ORIENTED_EDGE('',*,*,#13658,.F.);
#13995=ORIENTED_EDGE('',*,*,#13879,.T.);
#13996=ORIENTED_EDGE('',*,*,#13982,.F.);
#13997=EDGE_LOOP('',(#13994,#13995,#13996));
#13998=FACE_BOUND('',#13997,.T.);
#13999=ADVANCED_FACE('',(#13998),#13993,.T.);
#14000=CLOSED_SHELL('',(#13417,#13457,#13499,#13539,#13581,#13623,#13647,#13671,#13695,#13719,#13743,#13760,#13778,#13795,#13813,#13830,#13848,#13859,#13883,#13900,#13918,#13935,#13953,#13970,#13988,#13999));
#14001=MANIFOLD_SOLID_BREP('\X2\04220435043B043E\X0\_158 - \X2\0411041F041B0410\X0\32.20.03_159:1',#14000);
#13375=STYLED_ITEM('',(#6477),#14001);
#16=SHAPE_REPRESENTATION('Nodes',(#15),#10);
#17=ADVANCED_BREP_SHAPE_REPRESENTATION('Nodes',(#5062,#5202,#5836,#6470,#7104,#7731,#8358,#8985,#9612,#10239,#10866,#11493,#12120,#12747,#13374,#14001),#10);
#14009=SHAPE_REPRESENTATION_RELATIONSHIP('','',#16,#17);
#14010=APPLICATION_CONTEXT('data for automotive mechanical design processes');
#14011=APPLICATION_PROTOCOL_DEFINITION('international standard','automotive_design',1994,#14010);
#14012=PRODUCT_CONTEXT('',#14010,'mechanical');
#14013=PRODUCT_DEFINITION_CONTEXT('part definition',#14010,'design');
#24=PRODUCT('Nodes','Nodes','',(#14012));
#14014=PRODUCT_RELATED_PRODUCT_CATEGORY('part','',(#24));
#14015=PRODUCT_DEFINITION_FORMATION_WITH_SPECIFIED_SOURCE('','',#24,.NOT_KNOWN.);
#25=PRODUCT_DEFINITION('design','',#14015,#14013);
#23=PRODUCT_DEFINITION_SHAPE('','',#25);
#14016=SHAPE_DEFINITION_REPRESENTATION(#23,#16);
#11=DRAUGHTING_MODEL('',(),#10);
#1=MECHANICAL_DESIGN_GEOMETRIC_PRESENTATION_REPRESENTATION('',(#26,#5070,#5210,#5844,#6478,#7105,#7732,#8359,#8986,#9613,#10240,#10867,#11494,#12121,#12748,#13375),#10);
ENDSEC;
END-ISO-10303-21;
