ISO-10303-21;
HEADER;

/* File generated by T-FLEX CAD Version 17.1.20.0 */

FILE_DESCRIPTION(('TFLEX Exchange Step'),'2;1');

FILE_NAME('X2\04210411041E0420041A0410\X0\ \X2\042504230420041C042B\X0\.stp',                                 
'2026-09-16T16:19:09+03:00',
('searubtsov'),
('Unknown organisation'),
'TFLEX Exchange 2024.6',
'T-FLEX CAD',
'Unknown authorisation');

FILE_SCHEMA( ('AUTOMOTIVE_DESIGN { 1 0 10303 214 1 1 1 1 }') );

ENDSEC;

DATA;
#3=(NAMED_UNIT(*)PLANE_ANGLE_UNIT()SI_UNIT($,.RADIAN.));
#4=PLANE_ANGLE_MEASURE_WITH_UNIT(PLANE_ANGLE_MEASURE(0.0174532925),#3);
#5=(CONVERSION_BASED_UNIT('DEGREE',#4)NAMED_UNIT(#6)PLANE_ANGLE_UNIT());
#6=DIMENSIONAL_EXPONENTS(0.,0.,0.,0.,0.,0.,0.);
#7=(NAMED_UNIT(*)SI_UNIT($,.STERADIAN.)SOLID_ANGLE_UNIT());
#8=(LENGTH_UNIT()NAMED_UNIT(*)SI_UNIT(.MILLI.,.METRE.));
#9=UNCERTAINTY_MEASURE_WITH_UNIT(LENGTH_MEASURE(1.000000E-05),#8,'DISTANCE_ACCURACY_VALUE','Maximum Tolerance applied to model');
#10=(GEOMETRIC_REPRESENTATION_CONTEXT(3)GLOBAL_UNCERTAINTY_ASSIGNED_CONTEXT((#9))GLOBAL_UNIT_ASSIGNED_CONTEXT((#8,#5,#7))REPRESENTATION_CONTEXT('','Nodes'));
#12=CARTESIAN_POINT('',(0.,0.,0.));
#13=DIRECTION('',(0.,0.,1.));
#14=DIRECTION('',(1.,0.,0.));
#15=AXIS2_PLACEMENT_3D('',#12,#13,#14);
#27=CARTESIAN_POINT('',(-12.874296097,38.,5.75));
#28=DIRECTION('',(-0.,0.,-1.));
#29=DIRECTION('',(-1.,0.,0.));
#30=AXIS2_PLACEMENT_3D('',#27,#28,#29);
#31=PLANE('',#30);
#32=CARTESIAN_POINT('',(-12.874296097,0.,5.75));
#33=VERTEX_POINT('',#32);
#34=CARTESIAN_POINT('',(-8.845337755,0.,5.75));
#35=VERTEX_POINT('',#34);
#36=CARTESIAN_POINT('',(-12.874296097,0.,5.75));
#37=DIRECTION('',(1.,0.,-0.));
#38=VECTOR('',#37,4.028958342);
#39=LINE('',#36,#38);
#40=EDGE_CURVE('',#33,#35,#39,.T.);
#41=ORIENTED_EDGE('',*,*,#40,.T.);
#42=CARTESIAN_POINT('',(-8.845337755,38.,5.75));
#43=VERTEX_POINT('',#42);
#44=CARTESIAN_POINT('',(-8.845337755,38.,5.75));
#45=DIRECTION('',(0.,-1.,0.));
#46=VECTOR('',#45,38.);
#47=LINE('',#44,#46);
#48=EDGE_CURVE('',#43,#35,#47,.T.);
#49=ORIENTED_EDGE('',*,*,#48,.F.);
#50=CARTESIAN_POINT('',(-12.874296097,38.,5.75));
#51=VERTEX_POINT('',#50);
#52=CARTESIAN_POINT('',(-12.874296097,38.,5.75));
#53=DIRECTION('',(1.,0.,-0.));
#54=VECTOR('',#53,4.028958342);
#55=LINE('',#52,#54);
#56=EDGE_CURVE('',#51,#43,#55,.T.);
#57=ORIENTED_EDGE('',*,*,#56,.F.);
#58=CARTESIAN_POINT('',(-12.874296097,38.,5.75));
#59=DIRECTION('',(0.,-1.,0.));
#60=VECTOR('',#59,38.);
#61=LINE('',#58,#60);
#62=EDGE_CURVE('',#51,#33,#61,.T.);
#63=ORIENTED_EDGE('',*,*,#62,.T.);
#64=EDGE_LOOP('',(#41,#49,#57,#63));
#65=FACE_BOUND('',#64,.T.);
#66=ADVANCED_FACE('',(#65),#31,.F.);
#67=CARTESIAN_POINT('',(-0.,38.,-0.));
#68=DIRECTION('',(0.,-1.,0.));
#69=DIRECTION('',(1.,0.,0.));
#70=AXIS2_PLACEMENT_3D('',#67,#68,#69);
#71=CYLINDRICAL_SURFACE('',#70,10.55);
#72=CARTESIAN_POINT('',(-8.845337755,0.,-5.75));
#73=VERTEX_POINT('',#72);
#74=CARTESIAN_POINT('',(-0.,0.,-0.));
#75=DIRECTION('',(0.,-1.,0.));
#76=DIRECTION('',(0.,0.,-1.));
#77=AXIS2_PLACEMENT_3D('',#74,#75,#76);
#78=CIRCLE('',#77,10.55);
#79=EDGE_CURVE('',#35,#73,#78,.T.);
#80=ORIENTED_EDGE('',*,*,#79,.T.);
#81=CARTESIAN_POINT('',(-8.845337755,38.,-5.75));
#82=VERTEX_POINT('',#81);
#83=CARTESIAN_POINT('',(-8.845337755,38.,-5.75));
#84=DIRECTION('',(0.,-1.,0.));
#85=VECTOR('',#84,38.);
#86=LINE('',#83,#85);
#87=EDGE_CURVE('',#82,#73,#86,.T.);
#88=ORIENTED_EDGE('',*,*,#87,.F.);
#89=CARTESIAN_POINT('',(-0.,38.,-0.));
#90=DIRECTION('',(0.,-1.,0.));
#91=DIRECTION('',(0.,0.,-1.));
#92=AXIS2_PLACEMENT_3D('',#89,#90,#91);
#93=CIRCLE('',#92,10.55);
#94=EDGE_CURVE('',#43,#82,#93,.T.);
#95=ORIENTED_EDGE('',*,*,#94,.F.);
#96=ORIENTED_EDGE('',*,*,#48,.T.);
#97=EDGE_LOOP('',(#80,#88,#95,#96));
#98=FACE_BOUND('',#97,.T.);
#99=ADVANCED_FACE('',(#98),#71,.F.);
#100=CARTESIAN_POINT('',(-12.874296097,38.,-5.75));
#101=DIRECTION('',(-0.,0.,1.));
#102=DIRECTION('',(1.,0.,0.));
#103=AXIS2_PLACEMENT_3D('',#100,#101,#102);
#104=PLANE('',#103);
#105=CARTESIAN_POINT('',(-12.874296097,0.,-5.75));
#106=VERTEX_POINT('',#105);
#107=CARTESIAN_POINT('',(-8.845337755,0.,-5.75));
#108=DIRECTION('',(-1.,0.,-0.));
#109=VECTOR('',#108,4.028958342);
#110=LINE('',#107,#109);
#111=EDGE_CURVE('',#73,#106,#110,.T.);
#112=ORIENTED_EDGE('',*,*,#111,.T.);
#113=CARTESIAN_POINT('',(-12.874296097,38.,-5.75));
#114=VERTEX_POINT('',#113);
#115=CARTESIAN_POINT('',(-12.874296097,38.,-5.75));
#116=DIRECTION('',(0.,-1.,0.));
#117=VECTOR('',#116,38.);
#118=LINE('',#115,#117);
#119=EDGE_CURVE('',#114,#106,#118,.T.);
#120=ORIENTED_EDGE('',*,*,#119,.F.);
#121=CARTESIAN_POINT('',(-8.845337755,38.,-5.75));
#122=DIRECTION('',(-1.,0.,-0.));
#123=VECTOR('',#122,4.028958342);
#124=LINE('',#121,#123);
#125=EDGE_CURVE('',#82,#114,#124,.T.);
#126=ORIENTED_EDGE('',*,*,#125,.F.);
#127=ORIENTED_EDGE('',*,*,#87,.T.);
#128=EDGE_LOOP('',(#112,#120,#126,#127));
#129=FACE_BOUND('',#128,.T.);
#130=ADVANCED_FACE('',(#129),#104,.F.);
#131=CARTESIAN_POINT('',(-0.,38.,-0.));
#132=DIRECTION('',(0.,-1.,0.));
#133=DIRECTION('',(1.,0.,0.));
#134=AXIS2_PLACEMENT_3D('',#131,#132,#133);
#135=CYLINDRICAL_SURFACE('',#134,14.1);
#136=CARTESIAN_POINT('',(-0.,0.,-0.));
#137=DIRECTION('',(0.,1.,0.));
#138=DIRECTION('',(0.,0.,-1.));
#139=AXIS2_PLACEMENT_3D('',#136,#137,#138);
#140=CIRCLE('',#139,14.1);
#141=EDGE_CURVE('',#106,#33,#140,.T.);
#142=ORIENTED_EDGE('',*,*,#141,.T.);
#143=ORIENTED_EDGE('',*,*,#62,.F.);
#144=CARTESIAN_POINT('',(-0.,38.,-0.));
#145=DIRECTION('',(0.,1.,0.));
#146=DIRECTION('',(0.,0.,-1.));
#147=AXIS2_PLACEMENT_3D('',#144,#145,#146);
#148=CIRCLE('',#147,14.1);
#149=EDGE_CURVE('',#114,#51,#148,.T.);
#150=ORIENTED_EDGE('',*,*,#149,.F.);
#151=ORIENTED_EDGE('',*,*,#119,.T.);
#152=EDGE_LOOP('',(#142,#143,#150,#151));
#153=FACE_BOUND('',#152,.T.);
#154=ADVANCED_FACE('',(#153),#135,.T.);
#155=CARTESIAN_POINT('',(0.,38.,0.));
#156=DIRECTION('',(0.,1.,0.));
#157=DIRECTION('',(0.,0.,-1.));
#158=AXIS2_PLACEMENT_3D('',#155,#156,#157);
#159=PLANE('',#158);
#160=ORIENTED_EDGE('',*,*,#56,.T.);
#161=ORIENTED_EDGE('',*,*,#94,.T.);
#162=ORIENTED_EDGE('',*,*,#125,.T.);
#163=ORIENTED_EDGE('',*,*,#149,.T.);
#164=EDGE_LOOP('',(#160,#161,#162,#163));
#165=FACE_BOUND('',#164,.T.);
#166=ADVANCED_FACE('',(#165),#159,.T.);
#167=CARTESIAN_POINT('',(0.,0.,0.));
#168=DIRECTION('',(0.,1.,0.));
#169=DIRECTION('',(0.,0.,-1.));
#170=AXIS2_PLACEMENT_3D('',#167,#168,#169);
#171=PLANE('',#170);
#172=ORIENTED_EDGE('',*,*,#40,.F.);
#173=ORIENTED_EDGE('',*,*,#141,.F.);
#174=ORIENTED_EDGE('',*,*,#111,.F.);
#175=ORIENTED_EDGE('',*,*,#79,.F.);
#176=EDGE_LOOP('',(#172,#173,#174,#175));
#177=FACE_BOUND('',#176,.T.);
#178=ADVANCED_FACE('',(#177),#171,.F.);
#179=CLOSED_SHELL('',(#66,#99,#130,#154,#166,#178));
#180=MANIFOLD_SOLID_BREP('\X2\04220435043B043E\X0\_1 - 3D \X2\0444044004300433043C0435043D0442\X0\_1:1',#179);
#181=COLOUR_RGB('',0.768627465,0.768627465,0.768627465);
#182=FILL_AREA_STYLE_COLOUR('',#181);
#183=FILL_AREA_STYLE('',(#182));
#184=SURFACE_STYLE_FILL_AREA(#183);
#185=SURFACE_SIDE_STYLE('',(#184));
#186=SURFACE_STYLE_USAGE(.BOTH.,#185);
#187=PRESENTATION_STYLE_ASSIGNMENT((#186));
#26=STYLED_ITEM('',(#187),#180);
#189=CARTESIAN_POINT('',(5.75,38.,12.874296097));
#190=DIRECTION('',(-1.,0.,0.));
#191=DIRECTION('',(0.,0.,1.));
#192=AXIS2_PLACEMENT_3D('',#189,#190,#191);
#193=PLANE('',#192);
#194=CARTESIAN_POINT('',(5.75,0.,12.874296097));
#195=VERTEX_POINT('',#194);
#196=CARTESIAN_POINT('',(5.75,0.,8.845337755));
#197=VERTEX_POINT('',#196);
#198=CARTESIAN_POINT('',(5.75,0.,12.874296097));
#199=DIRECTION('',(-0.,0.,-1.));
#200=VECTOR('',#199,4.028958342);
#201=LINE('',#198,#200);
#202=EDGE_CURVE('',#195,#197,#201,.T.);
#203=ORIENTED_EDGE('',*,*,#202,.T.);
#204=CARTESIAN_POINT('',(5.75,38.,8.845337755));
#205=VERTEX_POINT('',#204);
#206=CARTESIAN_POINT('',(5.75,38.,8.845337755));
#207=DIRECTION('',(0.,-1.,0.));
#208=VECTOR('',#207,38.);
#209=LINE('',#206,#208);
#210=EDGE_CURVE('',#205,#197,#209,.T.);
#211=ORIENTED_EDGE('',*,*,#210,.F.);
#212=CARTESIAN_POINT('',(5.75,38.,12.874296097));
#213=VERTEX_POINT('',#212);
#214=CARTESIAN_POINT('',(5.75,38.,12.874296097));
#215=DIRECTION('',(-0.,0.,-1.));
#216=VECTOR('',#215,4.028958342);
#217=LINE('',#214,#216);
#218=EDGE_CURVE('',#213,#205,#217,.T.);
#219=ORIENTED_EDGE('',*,*,#218,.F.);
#220=CARTESIAN_POINT('',(5.75,38.,12.874296097));
#221=DIRECTION('',(0.,-1.,0.));
#222=VECTOR('',#221,38.);
#223=LINE('',#220,#222);
#224=EDGE_CURVE('',#213,#195,#223,.T.);
#225=ORIENTED_EDGE('',*,*,#224,.T.);
#226=EDGE_LOOP('',(#203,#211,#219,#225));
#227=FACE_BOUND('',#226,.T.);
#228=ADVANCED_FACE('',(#227),#193,.F.);
#229=CARTESIAN_POINT('',(-0.,38.,0.));
#230=DIRECTION('',(0.,-1.,0.));
#231=DIRECTION('',(0.,0.,-1.));
#232=AXIS2_PLACEMENT_3D('',#229,#230,#231);
#233=CYLINDRICAL_SURFACE('',#232,10.55);
#234=CARTESIAN_POINT('',(-5.75,0.,8.845337755));
#235=VERTEX_POINT('',#234);
#236=CARTESIAN_POINT('',(-0.,0.,0.));
#237=DIRECTION('',(0.,-1.,0.));
#238=DIRECTION('',(-1.,0.,0.));
#239=AXIS2_PLACEMENT_3D('',#236,#237,#238);
#240=CIRCLE('',#239,10.55);
#241=EDGE_CURVE('',#197,#235,#240,.T.);
#242=ORIENTED_EDGE('',*,*,#241,.T.);
#243=CARTESIAN_POINT('',(-5.75,38.,8.845337755));
#244=VERTEX_POINT('',#243);
#245=CARTESIAN_POINT('',(-5.75,38.,8.845337755));
#246=DIRECTION('',(0.,-1.,0.));
#247=VECTOR('',#246,38.);
#248=LINE('',#245,#247);
#249=EDGE_CURVE('',#244,#235,#248,.T.);
#250=ORIENTED_EDGE('',*,*,#249,.F.);
#251=CARTESIAN_POINT('',(-0.,38.,0.));
#252=DIRECTION('',(0.,-1.,0.));
#253=DIRECTION('',(-1.,0.,0.));
#254=AXIS2_PLACEMENT_3D('',#251,#252,#253);
#255=CIRCLE('',#254,10.55);
#256=EDGE_CURVE('',#205,#244,#255,.T.);
#257=ORIENTED_EDGE('',*,*,#256,.F.);
#258=ORIENTED_EDGE('',*,*,#210,.T.);
#259=EDGE_LOOP('',(#242,#250,#257,#258));
#260=FACE_BOUND('',#259,.T.);
#261=ADVANCED_FACE('',(#260),#233,.F.);
#262=CARTESIAN_POINT('',(-5.75,38.,12.874296097));
#263=DIRECTION('',(1.,0.,0.));
#264=DIRECTION('',(0.,0.,-1.));
#265=AXIS2_PLACEMENT_3D('',#262,#263,#264);
#266=PLANE('',#265);
#267=CARTESIAN_POINT('',(-5.75,0.,12.874296097));
#268=VERTEX_POINT('',#267);
#269=CARTESIAN_POINT('',(-5.75,0.,8.845337755));
#270=DIRECTION('',(-0.,0.,1.));
#271=VECTOR('',#270,4.028958342);
#272=LINE('',#269,#271);
#273=EDGE_CURVE('',#235,#268,#272,.T.);
#274=ORIENTED_EDGE('',*,*,#273,.T.);
#275=CARTESIAN_POINT('',(-5.75,38.,12.874296097));
#276=VERTEX_POINT('',#275);
#277=CARTESIAN_POINT('',(-5.75,38.,12.874296097));
#278=DIRECTION('',(0.,-1.,0.));
#279=VECTOR('',#278,38.);
#280=LINE('',#277,#279);
#281=EDGE_CURVE('',#276,#268,#280,.T.);
#282=ORIENTED_EDGE('',*,*,#281,.F.);
#283=CARTESIAN_POINT('',(-5.75,38.,8.845337755));
#284=DIRECTION('',(-0.,0.,1.));
#285=VECTOR('',#284,4.028958342);
#286=LINE('',#283,#285);
#287=EDGE_CURVE('',#244,#276,#286,.T.);
#288=ORIENTED_EDGE('',*,*,#287,.F.);
#289=ORIENTED_EDGE('',*,*,#249,.T.);
#290=EDGE_LOOP('',(#274,#282,#288,#289));
#291=FACE_BOUND('',#290,.T.);
#292=ADVANCED_FACE('',(#291),#266,.F.);
#293=CARTESIAN_POINT('',(-0.,38.,0.));
#294=DIRECTION('',(0.,-1.,0.));
#295=DIRECTION('',(0.,0.,-1.));
#296=AXIS2_PLACEMENT_3D('',#293,#294,#295);
#297=CYLINDRICAL_SURFACE('',#296,14.1);
#298=CARTESIAN_POINT('',(-0.,0.,0.));
#299=DIRECTION('',(0.,1.,0.));
#300=DIRECTION('',(-1.,0.,0.));
#301=AXIS2_PLACEMENT_3D('',#298,#299,#300);
#302=CIRCLE('',#301,14.1);
#303=EDGE_CURVE('',#268,#195,#302,.T.);
#304=ORIENTED_EDGE('',*,*,#303,.T.);
#305=ORIENTED_EDGE('',*,*,#224,.F.);
#306=CARTESIAN_POINT('',(-0.,38.,0.));
#307=DIRECTION('',(0.,1.,0.));
#308=DIRECTION('',(-1.,0.,0.));
#309=AXIS2_PLACEMENT_3D('',#306,#307,#308);
#310=CIRCLE('',#309,14.1);
#311=EDGE_CURVE('',#276,#213,#310,.T.);
#312=ORIENTED_EDGE('',*,*,#311,.F.);
#313=ORIENTED_EDGE('',*,*,#281,.T.);
#314=EDGE_LOOP('',(#304,#305,#312,#313));
#315=FACE_BOUND('',#314,.T.);
#316=ADVANCED_FACE('',(#315),#297,.T.);
#317=CARTESIAN_POINT('',(0.,38.,0.));
#318=DIRECTION('',(0.,1.,0.));
#319=DIRECTION('',(-1.,0.,0.));
#320=AXIS2_PLACEMENT_3D('',#317,#318,#319);
#321=PLANE('',#320);
#322=ORIENTED_EDGE('',*,*,#218,.T.);
#323=ORIENTED_EDGE('',*,*,#256,.T.);
#324=ORIENTED_EDGE('',*,*,#287,.T.);
#325=ORIENTED_EDGE('',*,*,#311,.T.);
#326=EDGE_LOOP('',(#322,#323,#324,#325));
#327=FACE_BOUND('',#326,.T.);
#328=ADVANCED_FACE('',(#327),#321,.T.);
#329=CARTESIAN_POINT('',(0.,0.,0.));
#330=DIRECTION('',(0.,1.,0.));
#331=DIRECTION('',(-1.,0.,0.));
#332=AXIS2_PLACEMENT_3D('',#329,#330,#331);
#333=PLANE('',#332);
#334=ORIENTED_EDGE('',*,*,#202,.F.);
#335=ORIENTED_EDGE('',*,*,#303,.F.);
#336=ORIENTED_EDGE('',*,*,#273,.F.);
#337=ORIENTED_EDGE('',*,*,#241,.F.);
#338=EDGE_LOOP('',(#334,#335,#336,#337));
#339=FACE_BOUND('',#338,.T.);
#340=ADVANCED_FACE('',(#339),#333,.F.);
#341=CLOSED_SHELL('',(#228,#261,#292,#316,#328,#340));
#342=MANIFOLD_SOLID_BREP('\X2\04220435043B043E\X0\_1 - 3D \X2\0444044004300433043C0435043D0442\X0\_1:2',#341);
#188=STYLED_ITEM('',(#187),#342);
#344=CARTESIAN_POINT('',(12.874296097,38.,-5.75));
#345=DIRECTION('',(0.,0.,1.));
#346=DIRECTION('',(1.,0.,-0.));
#347=AXIS2_PLACEMENT_3D('',#344,#345,#346);
#348=PLANE('',#347);
#349=CARTESIAN_POINT('',(12.874296097,0.,-5.75));
#350=VERTEX_POINT('',#349);
#351=CARTESIAN_POINT('',(8.845337755,0.,-5.75));
#352=VERTEX_POINT('',#351);
#353=CARTESIAN_POINT('',(12.874296097,0.,-5.75));
#354=DIRECTION('',(-1.,0.,0.));
#355=VECTOR('',#354,4.028958342);
#356=LINE('',#353,#355);
#357=EDGE_CURVE('',#350,#352,#356,.T.);
#358=ORIENTED_EDGE('',*,*,#357,.T.);
#359=CARTESIAN_POINT('',(8.845337755,38.,-5.75));
#360=VERTEX_POINT('',#359);
#361=CARTESIAN_POINT('',(8.845337755,38.,-5.75));
#362=DIRECTION('',(0.,-1.,0.));
#363=VECTOR('',#362,38.);
#364=LINE('',#361,#363);
#365=EDGE_CURVE('',#360,#352,#364,.T.);
#366=ORIENTED_EDGE('',*,*,#365,.F.);
#367=CARTESIAN_POINT('',(12.874296097,38.,-5.75));
#368=VERTEX_POINT('',#367);
#369=CARTESIAN_POINT('',(12.874296097,38.,-5.75));
#370=DIRECTION('',(-1.,0.,0.));
#371=VECTOR('',#370,4.028958342);
#372=LINE('',#369,#371);
#373=EDGE_CURVE('',#368,#360,#372,.T.);
#374=ORIENTED_EDGE('',*,*,#373,.F.);
#375=CARTESIAN_POINT('',(12.874296097,38.,-5.75));
#376=DIRECTION('',(0.,-1.,0.));
#377=VECTOR('',#376,38.);
#378=LINE('',#375,#377);
#379=EDGE_CURVE('',#368,#350,#378,.T.);
#380=ORIENTED_EDGE('',*,*,#379,.T.);
#381=EDGE_LOOP('',(#358,#366,#374,#380));
#382=FACE_BOUND('',#381,.T.);
#383=ADVANCED_FACE('',(#382),#348,.F.);
#384=CARTESIAN_POINT('',(0.,38.,0.));
#385=DIRECTION('',(0.,-1.,-0.));
#386=DIRECTION('',(-1.,0.,-0.));
#387=AXIS2_PLACEMENT_3D('',#384,#385,#386);
#388=CYLINDRICAL_SURFACE('',#387,10.55);
#389=CARTESIAN_POINT('',(8.845337755,0.,5.75));
#390=VERTEX_POINT('',#389);
#391=CARTESIAN_POINT('',(0.,0.,0.));
#392=DIRECTION('',(0.,-1.,0.));
#393=DIRECTION('',(-0.,0.,1.));
#394=AXIS2_PLACEMENT_3D('',#391,#392,#393);
#395=CIRCLE('',#394,10.55);
#396=EDGE_CURVE('',#352,#390,#395,.T.);
#397=ORIENTED_EDGE('',*,*,#396,.T.);
#398=CARTESIAN_POINT('',(8.845337755,38.,5.75));
#399=VERTEX_POINT('',#398);
#400=CARTESIAN_POINT('',(8.845337755,38.,5.75));
#401=DIRECTION('',(0.,-1.,0.));
#402=VECTOR('',#401,38.);
#403=LINE('',#400,#402);
#404=EDGE_CURVE('',#399,#390,#403,.T.);
#405=ORIENTED_EDGE('',*,*,#404,.F.);
#406=CARTESIAN_POINT('',(0.,38.,0.));
#407=DIRECTION('',(0.,-1.,0.));
#408=DIRECTION('',(-0.,0.,1.));
#409=AXIS2_PLACEMENT_3D('',#406,#407,#408);
#410=CIRCLE('',#409,10.55);
#411=EDGE_CURVE('',#360,#399,#410,.T.);
#412=ORIENTED_EDGE('',*,*,#411,.F.);
#413=ORIENTED_EDGE('',*,*,#365,.T.);
#414=EDGE_LOOP('',(#397,#405,#412,#413));
#415=FACE_BOUND('',#414,.T.);
#416=ADVANCED_FACE('',(#415),#388,.F.);
#417=CARTESIAN_POINT('',(12.874296097,38.,5.75));
#418=DIRECTION('',(0.,0.,-1.));
#419=DIRECTION('',(-1.,0.,-0.));
#420=AXIS2_PLACEMENT_3D('',#417,#418,#419);
#421=PLANE('',#420);
#422=CARTESIAN_POINT('',(12.874296097,0.,5.75));
#423=VERTEX_POINT('',#422);
#424=CARTESIAN_POINT('',(8.845337755,0.,5.75));
#425=DIRECTION('',(1.,0.,0.));
#426=VECTOR('',#425,4.028958342);
#427=LINE('',#424,#426);
#428=EDGE_CURVE('',#390,#423,#427,.T.);
#429=ORIENTED_EDGE('',*,*,#428,.T.);
#430=CARTESIAN_POINT('',(12.874296097,38.,5.75));
#431=VERTEX_POINT('',#430);
#432=CARTESIAN_POINT('',(12.874296097,38.,5.75));
#433=DIRECTION('',(0.,-1.,0.));
#434=VECTOR('',#433,38.);
#435=LINE('',#432,#434);
#436=EDGE_CURVE('',#431,#423,#435,.T.);
#437=ORIENTED_EDGE('',*,*,#436,.F.);
#438=CARTESIAN_POINT('',(8.845337755,38.,5.75));
#439=DIRECTION('',(1.,0.,0.));
#440=VECTOR('',#439,4.028958342);
#441=LINE('',#438,#440);
#442=EDGE_CURVE('',#399,#431,#441,.T.);
#443=ORIENTED_EDGE('',*,*,#442,.F.);
#444=ORIENTED_EDGE('',*,*,#404,.T.);
#445=EDGE_LOOP('',(#429,#437,#443,#444));
#446=FACE_BOUND('',#445,.T.);
#447=ADVANCED_FACE('',(#446),#421,.F.);
#448=CARTESIAN_POINT('',(0.,38.,0.));
#449=DIRECTION('',(0.,-1.,-0.));
#450=DIRECTION('',(-1.,0.,-0.));
#451=AXIS2_PLACEMENT_3D('',#448,#449,#450);
#452=CYLINDRICAL_SURFACE('',#451,14.1);
#453=CARTESIAN_POINT('',(0.,0.,0.));
#454=DIRECTION('',(0.,1.,0.));
#455=DIRECTION('',(-0.,0.,1.));
#456=AXIS2_PLACEMENT_3D('',#453,#454,#455);
#457=CIRCLE('',#456,14.1);
#458=EDGE_CURVE('',#423,#350,#457,.T.);
#459=ORIENTED_EDGE('',*,*,#458,.T.);
#460=ORIENTED_EDGE('',*,*,#379,.F.);
#461=CARTESIAN_POINT('',(0.,38.,0.));
#462=DIRECTION('',(0.,1.,0.));
#463=DIRECTION('',(-0.,0.,1.));
#464=AXIS2_PLACEMENT_3D('',#461,#462,#463);
#465=CIRCLE('',#464,14.1);
#466=EDGE_CURVE('',#431,#368,#465,.T.);
#467=ORIENTED_EDGE('',*,*,#466,.F.);
#468=ORIENTED_EDGE('',*,*,#436,.T.);
#469=EDGE_LOOP('',(#459,#460,#467,#468));
#470=FACE_BOUND('',#469,.T.);
#471=ADVANCED_FACE('',(#470),#452,.T.);
#472=CARTESIAN_POINT('',(0.,38.,0.));
#473=DIRECTION('',(0.,1.,0.));
#474=DIRECTION('',(-0.,0.,1.));
#475=AXIS2_PLACEMENT_3D('',#472,#473,#474);
#476=PLANE('',#475);
#477=ORIENTED_EDGE('',*,*,#373,.T.);
#478=ORIENTED_EDGE('',*,*,#411,.T.);
#479=ORIENTED_EDGE('',*,*,#442,.T.);
#480=ORIENTED_EDGE('',*,*,#466,.T.);
#481=EDGE_LOOP('',(#477,#478,#479,#480));
#482=FACE_BOUND('',#481,.T.);
#483=ADVANCED_FACE('',(#482),#476,.T.);
#484=CARTESIAN_POINT('',(0.,0.,0.));
#485=DIRECTION('',(0.,1.,0.));
#486=DIRECTION('',(-0.,0.,1.));
#487=AXIS2_PLACEMENT_3D('',#484,#485,#486);
#488=PLANE('',#487);
#489=ORIENTED_EDGE('',*,*,#357,.F.);
#490=ORIENTED_EDGE('',*,*,#458,.F.);
#491=ORIENTED_EDGE('',*,*,#428,.F.);
#492=ORIENTED_EDGE('',*,*,#396,.F.);
#493=EDGE_LOOP('',(#489,#490,#491,#492));
#494=FACE_BOUND('',#493,.T.);
#495=ADVANCED_FACE('',(#494),#488,.F.);
#496=CLOSED_SHELL('',(#383,#416,#447,#471,#483,#495));
#497=MANIFOLD_SOLID_BREP('\X2\04220435043B043E\X0\_1 - 3D \X2\0444044004300433043C0435043D0442\X0\_1:2',#496);
#343=STYLED_ITEM('',(#187),#497);
#499=CARTESIAN_POINT('',(-5.75,38.,-12.874296097));
#500=DIRECTION('',(1.,0.,-0.));
#501=DIRECTION('',(-0.,0.,-1.));
#502=AXIS2_PLACEMENT_3D('',#499,#500,#501);
#503=PLANE('',#502);
#504=CARTESIAN_POINT('',(-5.75,0.,-12.874296097));
#505=VERTEX_POINT('',#504);
#506=CARTESIAN_POINT('',(-5.75,0.,-8.845337755));
#507=VERTEX_POINT('',#506);
#508=CARTESIAN_POINT('',(-5.75,0.,-12.874296097));
#509=DIRECTION('',(0.,0.,1.));
#510=VECTOR('',#509,4.028958342);
#511=LINE('',#508,#510);
#512=EDGE_CURVE('',#505,#507,#511,.T.);
#513=ORIENTED_EDGE('',*,*,#512,.T.);
#514=CARTESIAN_POINT('',(-5.75,38.,-8.845337755));
#515=VERTEX_POINT('',#514);
#516=CARTESIAN_POINT('',(-5.75,38.,-8.845337755));
#517=DIRECTION('',(0.,-1.,0.));
#518=VECTOR('',#517,38.);
#519=LINE('',#516,#518);
#520=EDGE_CURVE('',#515,#507,#519,.T.);
#521=ORIENTED_EDGE('',*,*,#520,.F.);
#522=CARTESIAN_POINT('',(-5.75,38.,-12.874296097));
#523=VERTEX_POINT('',#522);
#524=CARTESIAN_POINT('',(-5.75,38.,-12.874296097));
#525=DIRECTION('',(0.,0.,1.));
#526=VECTOR('',#525,4.028958342);
#527=LINE('',#524,#526);
#528=EDGE_CURVE('',#523,#515,#527,.T.);
#529=ORIENTED_EDGE('',*,*,#528,.F.);
#530=CARTESIAN_POINT('',(-5.75,38.,-12.874296097));
#531=DIRECTION('',(0.,-1.,0.));
#532=VECTOR('',#531,38.);
#533=LINE('',#530,#532);
#534=EDGE_CURVE('',#523,#505,#533,.T.);
#535=ORIENTED_EDGE('',*,*,#534,.T.);
#536=EDGE_LOOP('',(#513,#521,#529,#535));
#537=FACE_BOUND('',#536,.T.);
#538=ADVANCED_FACE('',(#537),#503,.F.);
#539=CARTESIAN_POINT('',(0.,38.,-0.));
#540=DIRECTION('',(0.,-1.,0.));
#541=DIRECTION('',(-0.,0.,1.));
#542=AXIS2_PLACEMENT_3D('',#539,#540,#541);
#543=CYLINDRICAL_SURFACE('',#542,10.55);
#544=CARTESIAN_POINT('',(5.75,0.,-8.845337755));
#545=VERTEX_POINT('',#544);
#546=CARTESIAN_POINT('',(0.,0.,-0.));
#547=DIRECTION('',(0.,-1.,0.));
#548=DIRECTION('',(1.,0.,0.));
#549=AXIS2_PLACEMENT_3D('',#546,#547,#548);
#550=CIRCLE('',#549,10.55);
#551=EDGE_CURVE('',#507,#545,#550,.T.);
#552=ORIENTED_EDGE('',*,*,#551,.T.);
#553=CARTESIAN_POINT('',(5.75,38.,-8.845337755));
#554=VERTEX_POINT('',#553);
#555=CARTESIAN_POINT('',(5.75,38.,-8.845337755));
#556=DIRECTION('',(0.,-1.,0.));
#557=VECTOR('',#556,38.);
#558=LINE('',#555,#557);
#559=EDGE_CURVE('',#554,#545,#558,.T.);
#560=ORIENTED_EDGE('',*,*,#559,.F.);
#561=CARTESIAN_POINT('',(0.,38.,-0.));
#562=DIRECTION('',(0.,-1.,0.));
#563=DIRECTION('',(1.,0.,0.));
#564=AXIS2_PLACEMENT_3D('',#561,#562,#563);
#565=CIRCLE('',#564,10.55);
#566=EDGE_CURVE('',#515,#554,#565,.T.);
#567=ORIENTED_EDGE('',*,*,#566,.F.);
#568=ORIENTED_EDGE('',*,*,#520,.T.);
#569=EDGE_LOOP('',(#552,#560,#567,#568));
#570=FACE_BOUND('',#569,.T.);
#571=ADVANCED_FACE('',(#570),#543,.F.);
#572=CARTESIAN_POINT('',(5.75,38.,-12.874296097));
#573=DIRECTION('',(-1.,0.,-0.));
#574=DIRECTION('',(-0.,0.,1.));
#575=AXIS2_PLACEMENT_3D('',#572,#573,#574);
#576=PLANE('',#575);
#577=CARTESIAN_POINT('',(5.75,0.,-12.874296097));
#578=VERTEX_POINT('',#577);
#579=CARTESIAN_POINT('',(5.75,0.,-8.845337755));
#580=DIRECTION('',(0.,0.,-1.));
#581=VECTOR('',#580,4.028958342);
#582=LINE('',#579,#581);
#583=EDGE_CURVE('',#545,#578,#582,.T.);
#584=ORIENTED_EDGE('',*,*,#583,.T.);
#585=CARTESIAN_POINT('',(5.75,38.,-12.874296097));
#586=VERTEX_POINT('',#585);
#587=CARTESIAN_POINT('',(5.75,38.,-12.874296097));
#588=DIRECTION('',(0.,-1.,0.));
#589=VECTOR('',#588,38.);
#590=LINE('',#587,#589);
#591=EDGE_CURVE('',#586,#578,#590,.T.);
#592=ORIENTED_EDGE('',*,*,#591,.F.);
#593=CARTESIAN_POINT('',(5.75,38.,-8.845337755));
#594=DIRECTION('',(0.,0.,-1.));
#595=VECTOR('',#594,4.028958342);
#596=LINE('',#593,#595);
#597=EDGE_CURVE('',#554,#586,#596,.T.);
#598=ORIENTED_EDGE('',*,*,#597,.F.);
#599=ORIENTED_EDGE('',*,*,#559,.T.);
#600=EDGE_LOOP('',(#584,#592,#598,#599));
#601=FACE_BOUND('',#600,.T.);
#602=ADVANCED_FACE('',(#601),#576,.F.);
#603=CARTESIAN_POINT('',(0.,38.,-0.));
#604=DIRECTION('',(0.,-1.,0.));
#605=DIRECTION('',(-0.,0.,1.));
#606=AXIS2_PLACEMENT_3D('',#603,#604,#605);
#607=CYLINDRICAL_SURFACE('',#606,14.1);
#608=CARTESIAN_POINT('',(0.,0.,-0.));
#609=DIRECTION('',(-0.,1.,0.));
#610=DIRECTION('',(1.,0.,0.));
#611=AXIS2_PLACEMENT_3D('',#608,#609,#610);
#612=CIRCLE('',#611,14.1);
#613=EDGE_CURVE('',#578,#505,#612,.T.);
#614=ORIENTED_EDGE('',*,*,#613,.T.);
#615=ORIENTED_EDGE('',*,*,#534,.F.);
#616=CARTESIAN_POINT('',(0.,38.,-0.));
#617=DIRECTION('',(-0.,1.,0.));
#618=DIRECTION('',(1.,0.,0.));
#619=AXIS2_PLACEMENT_3D('',#616,#617,#618);
#620=CIRCLE('',#619,14.1);
#621=EDGE_CURVE('',#586,#523,#620,.T.);
#622=ORIENTED_EDGE('',*,*,#621,.F.);
#623=ORIENTED_EDGE('',*,*,#591,.T.);
#624=EDGE_LOOP('',(#614,#615,#622,#623));
#625=FACE_BOUND('',#624,.T.);
#626=ADVANCED_FACE('',(#625),#607,.T.);
#627=CARTESIAN_POINT('',(0.,38.,0.));
#628=DIRECTION('',(0.,1.,0.));
#629=DIRECTION('',(1.,0.,0.));
#630=AXIS2_PLACEMENT_3D('',#627,#628,#629);
#631=PLANE('',#630);
#632=ORIENTED_EDGE('',*,*,#528,.T.);
#633=ORIENTED_EDGE('',*,*,#566,.T.);
#634=ORIENTED_EDGE('',*,*,#597,.T.);
#635=ORIENTED_EDGE('',*,*,#621,.T.);
#636=EDGE_LOOP('',(#632,#633,#634,#635));
#637=FACE_BOUND('',#636,.T.);
#638=ADVANCED_FACE('',(#637),#631,.T.);
#639=CARTESIAN_POINT('',(0.,0.,0.));
#640=DIRECTION('',(0.,1.,0.));
#641=DIRECTION('',(1.,0.,0.));
#642=AXIS2_PLACEMENT_3D('',#639,#640,#641);
#643=PLANE('',#642);
#644=ORIENTED_EDGE('',*,*,#512,.F.);
#645=ORIENTED_EDGE('',*,*,#613,.F.);
#646=ORIENTED_EDGE('',*,*,#583,.F.);
#647=ORIENTED_EDGE('',*,*,#551,.F.);
#648=EDGE_LOOP('',(#644,#645,#646,#647));
#649=FACE_BOUND('',#648,.T.);
#650=ADVANCED_FACE('',(#649),#643,.F.);
#651=CLOSED_SHELL('',(#538,#571,#602,#626,#638,#650));
#652=MANIFOLD_SOLID_BREP('\X2\04220435043B043E\X0\_1 - 3D \X2\0444044004300433043C0435043D0442\X0\_1:2',#651);
#498=STYLED_ITEM('',(#187),#652);
#654=CARTESIAN_POINT('',(0.,36.5,-0.));
#655=DIRECTION('',(0.,-1.,0.));
#656=DIRECTION('',(0.822983866,0.,-0.568064747));
#657=AXIS2_PLACEMENT_3D('',#654,#655,#656);
#658=CYLINDRICAL_SURFACE('',#657,5.1);
#659=CARTESIAN_POINT('',(-5.09184201,36.5,-0.288348654));
#660=VERTEX_POINT('',#659);
#661=CARTESIAN_POINT('',(-5.09184201,1.5,-0.288348654));
#662=VERTEX_POINT('',#661);
#663=CARTESIAN_POINT('',(-5.09184201,36.5,-0.288348654));
#664=DIRECTION('',(0.,-1.,0.));
#665=VECTOR('',#664,35.);
#666=LINE('',#663,#665);
#667=EDGE_CURVE('',#660,#662,#666,.T.);
#668=ORIENTED_EDGE('',*,*,#667,.F.);
#669=CARTESIAN_POINT('',(-5.012888685,36.5,-0.938587787));
#670=VERTEX_POINT('',#669);
#671=CARTESIAN_POINT('',(0.,36.5,-0.));
#672=DIRECTION('',(0.,1.,0.));
#673=DIRECTION('',(-0.568064747,0.,-0.822983866));
#674=AXIS2_PLACEMENT_3D('',#671,#672,#673);
#675=CIRCLE('',#674,5.1);
#676=EDGE_CURVE('',#670,#660,#675,.T.);
#677=ORIENTED_EDGE('',*,*,#676,.F.);
#678=CARTESIAN_POINT('',(-5.012888685,1.5,-0.938587787));
#679=VERTEX_POINT('',#678);
#680=CARTESIAN_POINT('',(-5.012888685,36.5,-0.938587787));
#681=DIRECTION('',(0.,-1.,0.));
#682=VECTOR('',#681,35.);
#683=LINE('',#680,#682);
#684=EDGE_CURVE('',#670,#679,#683,.T.);
#685=ORIENTED_EDGE('',*,*,#684,.T.);
#686=CARTESIAN_POINT('',(0.,1.5,-0.));
#687=DIRECTION('',(0.,1.,0.));
#688=DIRECTION('',(-0.568064747,0.,-0.822983866));
#689=AXIS2_PLACEMENT_3D('',#686,#687,#688);
#690=CIRCLE('',#689,5.1);
#691=EDGE_CURVE('',#679,#662,#690,.T.);
#692=ORIENTED_EDGE('',*,*,#691,.T.);
#693=EDGE_LOOP('',(#668,#677,#685,#692));
#694=FACE_BOUND('',#693,.T.);
#695=ADVANCED_FACE('',(#694),#658,.T.);
#696=CARTESIAN_POINT('',(0.,36.5,-0.));
#697=DIRECTION('',(0.,-1.,0.));
#698=DIRECTION('',(0.822983866,0.,-0.568064747));
#699=AXIS2_PLACEMENT_3D('',#696,#697,#698);
#700=CYLINDRICAL_SURFACE('',#699,5.1);
#701=CARTESIAN_POINT('',(-4.374599888,36.5,-2.621617024));
#702=VERTEX_POINT('',#701);
#703=CARTESIAN_POINT('',(-4.374599888,1.5,-2.621617024));
#704=VERTEX_POINT('',#703);
#705=CARTESIAN_POINT('',(-4.374599888,36.5,-2.621617024));
#706=DIRECTION('',(0.,-1.,0.));
#707=VECTOR('',#706,35.);
#708=LINE('',#705,#707);
#709=EDGE_CURVE('',#702,#704,#708,.T.);
#710=ORIENTED_EDGE('',*,*,#709,.F.);
#711=CARTESIAN_POINT('',(-4.002508998,36.5,-3.160683742));
#712=VERTEX_POINT('',#711);
#713=CARTESIAN_POINT('',(0.,36.5,-0.));
#714=DIRECTION('',(0.,1.,0.));
#715=DIRECTION('',(-0.568064747,0.,-0.822983866));
#716=AXIS2_PLACEMENT_3D('',#713,#714,#715);
#717=CIRCLE('',#716,5.1);
#718=EDGE_CURVE('',#712,#702,#717,.T.);
#719=ORIENTED_EDGE('',*,*,#718,.F.);
#720=CARTESIAN_POINT('',(-4.002508998,1.5,-3.160683742));
#721=VERTEX_POINT('',#720);
#722=CARTESIAN_POINT('',(-4.002508998,36.5,-3.160683742));
#723=DIRECTION('',(0.,-1.,0.));
#724=VECTOR('',#723,35.);
#725=LINE('',#722,#724);
#726=EDGE_CURVE('',#712,#721,#725,.T.);
#727=ORIENTED_EDGE('',*,*,#726,.T.);
#728=CARTESIAN_POINT('',(0.,1.5,-0.));
#729=DIRECTION('',(0.,1.,0.));
#730=DIRECTION('',(-0.568064747,0.,-0.822983866));
#731=AXIS2_PLACEMENT_3D('',#728,#729,#730);
#732=CIRCLE('',#731,5.1);
#733=EDGE_CURVE('',#721,#704,#732,.T.);
#734=ORIENTED_EDGE('',*,*,#733,.T.);
#735=EDGE_LOOP('',(#710,#719,#727,#734));
#736=FACE_BOUND('',#735,.T.);
#737=ADVANCED_FACE('',(#736),#700,.T.);
#738=CARTESIAN_POINT('',(0.,36.5,-0.));
#739=DIRECTION('',(0.,-1.,0.));
#740=DIRECTION('',(0.822983866,0.,-0.568064747));
#741=AXIS2_PLACEMENT_3D('',#738,#739,#740);
#742=CYLINDRICAL_SURFACE('',#741,5.1);
#743=CARTESIAN_POINT('',(-2.655189652,36.5,-4.354304527));
#744=VERTEX_POINT('',#743);
#745=CARTESIAN_POINT('',(-2.655189652,1.5,-4.354304527));
#746=VERTEX_POINT('',#745);
#747=CARTESIAN_POINT('',(-2.655189652,36.5,-4.354304527));
#748=DIRECTION('',(0.,-1.,0.));
#749=VECTOR('',#748,35.);
#750=LINE('',#747,#749);
#751=EDGE_CURVE('',#744,#746,#750,.T.);
#752=ORIENTED_EDGE('',*,*,#751,.F.);
#753=CARTESIAN_POINT('',(-2.075202736,36.5,-4.658705143));
#754=VERTEX_POINT('',#753);
#755=CARTESIAN_POINT('',(0.,36.5,-0.));
#756=DIRECTION('',(0.,1.,0.));
#757=DIRECTION('',(-0.568064747,0.,-0.822983866));
#758=AXIS2_PLACEMENT_3D('',#755,#756,#757);
#759=CIRCLE('',#758,5.1);
#760=EDGE_CURVE('',#754,#744,#759,.T.);
#761=ORIENTED_EDGE('',*,*,#760,.F.);
#762=CARTESIAN_POINT('',(-2.075202736,1.5,-4.658705143));
#763=VERTEX_POINT('',#762);
#764=CARTESIAN_POINT('',(-2.075202736,36.5,-4.658705143));
#765=DIRECTION('',(0.,-1.,0.));
#766=VECTOR('',#765,35.);
#767=LINE('',#764,#766);
#768=EDGE_CURVE('',#754,#763,#767,.T.);
#769=ORIENTED_EDGE('',*,*,#768,.T.);
#770=CARTESIAN_POINT('',(0.,1.5,-0.));
#771=DIRECTION('',(0.,1.,0.));
#772=DIRECTION('',(-0.568064747,0.,-0.822983866));
#773=AXIS2_PLACEMENT_3D('',#770,#771,#772);
#774=CIRCLE('',#773,5.1);
#775=EDGE_CURVE('',#763,#746,#774,.T.);
#776=ORIENTED_EDGE('',*,*,#775,.T.);
#777=EDGE_LOOP('',(#752,#761,#769,#776));
#778=FACE_BOUND('',#777,.T.);
#779=ADVANCED_FACE('',(#778),#742,.T.);
#780=CARTESIAN_POINT('',(0.,36.5,-0.));
#781=DIRECTION('',(0.,-1.,0.));
#782=DIRECTION('',(0.822983866,0.,-0.568064747));
#783=AXIS2_PLACEMENT_3D('',#780,#781,#782);
#784=CYLINDRICAL_SURFACE('',#783,5.1);
#785=CARTESIAN_POINT('',(-0.327507465,36.5,-5.089473338));
#786=VERTEX_POINT('',#785);
#787=CARTESIAN_POINT('',(-0.327507465,1.5,-5.089473338));
#788=VERTEX_POINT('',#787);
#789=CARTESIAN_POINT('',(-0.327507465,36.5,-5.089473338));
#790=DIRECTION('',(0.,-1.,0.));
#791=VECTOR('',#790,35.);
#792=LINE('',#789,#791);
#793=EDGE_CURVE('',#786,#788,#792,.T.);
#794=ORIENTED_EDGE('',*,*,#793,.F.);
#795=CARTESIAN_POINT('',(0.327507465,36.5,-5.089473338));
#796=VERTEX_POINT('',#795);
#797=CARTESIAN_POINT('',(0.,36.5,-0.));
#798=DIRECTION('',(0.,1.,0.));
#799=DIRECTION('',(-0.568064747,0.,-0.822983866));
#800=AXIS2_PLACEMENT_3D('',#797,#798,#799);
#801=CIRCLE('',#800,5.1);
#802=EDGE_CURVE('',#796,#786,#801,.T.);
#803=ORIENTED_EDGE('',*,*,#802,.F.);
#804=CARTESIAN_POINT('',(0.327507465,1.5,-5.089473338));
#805=VERTEX_POINT('',#804);
#806=CARTESIAN_POINT('',(0.327507465,36.5,-5.089473338));
#807=DIRECTION('',(0.,-1.,0.));
#808=VECTOR('',#807,35.);
#809=LINE('',#806,#808);
#810=EDGE_CURVE('',#796,#805,#809,.T.);
#811=ORIENTED_EDGE('',*,*,#810,.T.);
#812=CARTESIAN_POINT('',(0.,1.5,-0.));
#813=DIRECTION('',(0.,1.,0.));
#814=DIRECTION('',(-0.568064747,0.,-0.822983866));
#815=AXIS2_PLACEMENT_3D('',#812,#813,#814);
#816=CIRCLE('',#815,5.1);
#817=EDGE_CURVE('',#805,#788,#816,.T.);
#818=ORIENTED_EDGE('',*,*,#817,.T.);
#819=EDGE_LOOP('',(#794,#803,#811,#818));
#820=FACE_BOUND('',#819,.T.);
#821=ADVANCED_FACE('',(#820),#784,.T.);
#822=CARTESIAN_POINT('',(0.,36.5,-0.));
#823=DIRECTION('',(0.,-1.,0.));
#824=DIRECTION('',(0.822983866,0.,-0.568064747));
#825=AXIS2_PLACEMENT_3D('',#822,#823,#824);
#826=CYLINDRICAL_SURFACE('',#825,5.1);
#827=CARTESIAN_POINT('',(2.075202736,36.5,-4.658705143));
#828=VERTEX_POINT('',#827);
#829=CARTESIAN_POINT('',(2.075202736,1.5,-4.658705143));
#830=VERTEX_POINT('',#829);
#831=CARTESIAN_POINT('',(2.075202736,36.5,-4.658705143));
#832=DIRECTION('',(0.,-1.,0.));
#833=VECTOR('',#832,35.);
#834=LINE('',#831,#833);
#835=EDGE_CURVE('',#828,#830,#834,.T.);
#836=ORIENTED_EDGE('',*,*,#835,.F.);
#837=CARTESIAN_POINT('',(2.655189652,36.5,-4.354304527));
#838=VERTEX_POINT('',#837);
#839=CARTESIAN_POINT('',(0.,36.5,-0.));
#840=DIRECTION('',(0.,1.,0.));
#841=DIRECTION('',(-0.568064747,0.,-0.822983866));
#842=AXIS2_PLACEMENT_3D('',#839,#840,#841);
#843=CIRCLE('',#842,5.1);
#844=EDGE_CURVE('',#838,#828,#843,.T.);
#845=ORIENTED_EDGE('',*,*,#844,.F.);
#846=CARTESIAN_POINT('',(2.655189652,1.5,-4.354304527));
#847=VERTEX_POINT('',#846);
#848=CARTESIAN_POINT('',(2.655189652,36.5,-4.354304527));
#849=DIRECTION('',(0.,-1.,0.));
#850=VECTOR('',#849,35.);
#851=LINE('',#848,#850);
#852=EDGE_CURVE('',#838,#847,#851,.T.);
#853=ORIENTED_EDGE('',*,*,#852,.T.);
#854=CARTESIAN_POINT('',(0.,1.5,-0.));
#855=DIRECTION('',(0.,1.,0.));
#856=DIRECTION('',(-0.568064747,0.,-0.822983866));
#857=AXIS2_PLACEMENT_3D('',#854,#855,#856);
#858=CIRCLE('',#857,5.1);
#859=EDGE_CURVE('',#847,#830,#858,.T.);
#860=ORIENTED_EDGE('',*,*,#859,.T.);
#861=EDGE_LOOP('',(#836,#845,#853,#860));
#862=FACE_BOUND('',#861,.T.);
#863=ADVANCED_FACE('',(#862),#826,.T.);
#864=CARTESIAN_POINT('',(0.,36.5,-0.));
#865=DIRECTION('',(0.,-1.,0.));
#866=DIRECTION('',(0.822983866,0.,-0.568064747));
#867=AXIS2_PLACEMENT_3D('',#864,#865,#866);
#868=CYLINDRICAL_SURFACE('',#867,5.1);
#869=CARTESIAN_POINT('',(4.197217716,1.5,-2.897130208));
#870=VERTEX_POINT('',#869);
#871=CARTESIAN_POINT('',(4.197217716,36.5,-2.897130208));
#872=VERTEX_POINT('',#871);
#873=CARTESIAN_POINT('',(4.197217716,1.5,-2.897130208));
#874=DIRECTION('',(-0.,1.,-0.));
#875=VECTOR('',#874,35.);
#876=LINE('',#873,#875);
#877=EDGE_CURVE('',#870,#872,#876,.T.);
#878=ORIENTED_EDGE('',*,*,#877,.T.);
#879=CARTESIAN_POINT('',(4.374599888,36.5,-2.621617024));
#880=VERTEX_POINT('',#879);
#881=CARTESIAN_POINT('',(0.,36.5,-0.));
#882=DIRECTION('',(0.,1.,0.));
#883=DIRECTION('',(-0.568064747,0.,-0.822983866));
#884=AXIS2_PLACEMENT_3D('',#881,#882,#883);
#885=CIRCLE('',#884,5.1);
#886=EDGE_CURVE('',#880,#872,#885,.T.);
#887=ORIENTED_EDGE('',*,*,#886,.F.);
#888=CARTESIAN_POINT('',(4.374599888,1.5,-2.621617024));
#889=VERTEX_POINT('',#888);
#890=CARTESIAN_POINT('',(4.374599888,36.5,-2.621617024));
#891=DIRECTION('',(0.,-1.,0.));
#892=VECTOR('',#891,35.);
#893=LINE('',#890,#892);
#894=EDGE_CURVE('',#880,#889,#893,.T.);
#895=ORIENTED_EDGE('',*,*,#894,.T.);
#896=CARTESIAN_POINT('',(0.,1.5,-0.));
#897=DIRECTION('',(0.,1.,0.));
#898=DIRECTION('',(-0.568064747,0.,-0.822983866));
#899=AXIS2_PLACEMENT_3D('',#896,#897,#898);
#900=CIRCLE('',#899,5.1);
#901=EDGE_CURVE('',#889,#870,#900,.T.);
#902=ORIENTED_EDGE('',*,*,#901,.T.);
#903=EDGE_LOOP('',(#878,#887,#895,#902));
#904=FACE_BOUND('',#903,.T.);
#905=ADVANCED_FACE('',(#904),#868,.T.);
#906=CARTESIAN_POINT('',(0.,36.5,-0.));
#907=DIRECTION('',(0.,-1.,0.));
#908=DIRECTION('',(0.822983866,0.,-0.568064747));
#909=AXIS2_PLACEMENT_3D('',#906,#907,#908);
#910=CYLINDRICAL_SURFACE('',#909,5.1);
#911=CARTESIAN_POINT('',(5.012888685,36.5,-0.938587787));
#912=VERTEX_POINT('',#911);
#913=CARTESIAN_POINT('',(5.012888685,1.5,-0.938587787));
#914=VERTEX_POINT('',#913);
#915=CARTESIAN_POINT('',(5.012888685,36.5,-0.938587787));
#916=DIRECTION('',(0.,-1.,0.));
#917=VECTOR('',#916,35.);
#918=LINE('',#915,#917);
#919=EDGE_CURVE('',#912,#914,#918,.T.);
#920=ORIENTED_EDGE('',*,*,#919,.F.);
#921=CARTESIAN_POINT('',(5.09184201,36.5,-0.288348654));
#922=VERTEX_POINT('',#921);
#923=CARTESIAN_POINT('',(0.,36.5,-0.));
#924=DIRECTION('',(0.,1.,0.));
#925=DIRECTION('',(-0.568064747,0.,-0.822983866));
#926=AXIS2_PLACEMENT_3D('',#923,#924,#925);
#927=CIRCLE('',#926,5.1);
#928=EDGE_CURVE('',#922,#912,#927,.T.);
#929=ORIENTED_EDGE('',*,*,#928,.F.);
#930=CARTESIAN_POINT('',(5.09184201,1.5,-0.288348654));
#931=VERTEX_POINT('',#930);
#932=CARTESIAN_POINT('',(5.09184201,36.5,-0.288348654));
#933=DIRECTION('',(0.,-1.,0.));
#934=VECTOR('',#933,35.);
#935=LINE('',#932,#934);
#936=EDGE_CURVE('',#922,#931,#935,.T.);
#937=ORIENTED_EDGE('',*,*,#936,.T.);
#938=CARTESIAN_POINT('',(0.,1.5,-0.));
#939=DIRECTION('',(0.,1.,0.));
#940=DIRECTION('',(-0.568064747,0.,-0.822983866));
#941=AXIS2_PLACEMENT_3D('',#938,#939,#940);
#942=CIRCLE('',#941,5.1);
#943=EDGE_CURVE('',#931,#914,#942,.T.);
#944=ORIENTED_EDGE('',*,*,#943,.T.);
#945=EDGE_LOOP('',(#920,#929,#937,#944));
#946=FACE_BOUND('',#945,.T.);
#947=ADVANCED_FACE('',(#946),#910,.T.);
#948=CARTESIAN_POINT('',(0.,36.5,-0.));
#949=DIRECTION('',(0.,-1.,0.));
#950=DIRECTION('',(0.822983866,0.,-0.568064747));
#951=AXIS2_PLACEMENT_3D('',#948,#949,#950);
#952=CYLINDRICAL_SURFACE('',#951,5.1);
#953=CARTESIAN_POINT('',(4.874875985,36.5,1.498527319));
#954=VERTEX_POINT('',#953);
#955=CARTESIAN_POINT('',(4.874875985,1.5,1.498527319));
#956=VERTEX_POINT('',#955);
#957=CARTESIAN_POINT('',(4.874875985,36.5,1.498527319));
#958=DIRECTION('',(0.,-1.,0.));
#959=VECTOR('',#958,35.);
#960=LINE('',#957,#959);
#961=EDGE_CURVE('',#954,#956,#960,.T.);
#962=ORIENTED_EDGE('',*,*,#961,.F.);
#963=CARTESIAN_POINT('',(4.642604491,36.5,2.110976917));
#964=VERTEX_POINT('',#963);
#965=CARTESIAN_POINT('',(0.,36.5,-0.));
#966=DIRECTION('',(0.,1.,0.));
#967=DIRECTION('',(-0.568064747,0.,-0.822983866));
#968=AXIS2_PLACEMENT_3D('',#965,#966,#967);
#969=CIRCLE('',#968,5.1);
#970=EDGE_CURVE('',#964,#954,#969,.T.);
#971=ORIENTED_EDGE('',*,*,#970,.F.);
#972=CARTESIAN_POINT('',(4.642604491,1.5,2.110976917));
#973=VERTEX_POINT('',#972);
#974=CARTESIAN_POINT('',(4.642604491,36.5,2.110976917));
#975=DIRECTION('',(0.,-1.,0.));
#976=VECTOR('',#975,35.);
#977=LINE('',#974,#976);
#978=EDGE_CURVE('',#964,#973,#977,.T.);
#979=ORIENTED_EDGE('',*,*,#978,.T.);
#980=CARTESIAN_POINT('',(0.,1.5,-0.));
#981=DIRECTION('',(0.,1.,0.));
#982=DIRECTION('',(-0.568064747,0.,-0.822983866));
#983=AXIS2_PLACEMENT_3D('',#980,#981,#982);
#984=CIRCLE('',#983,5.1);
#985=EDGE_CURVE('',#973,#956,#984,.T.);
#986=ORIENTED_EDGE('',*,*,#985,.T.);
#987=EDGE_LOOP('',(#962,#971,#979,#986));
#988=FACE_BOUND('',#987,.T.);
#989=ADVANCED_FACE('',(#988),#952,.T.);
#990=CARTESIAN_POINT('',(0.,36.5,-0.));
#991=DIRECTION('',(0.,-1.,0.));
#992=DIRECTION('',(0.822983866,0.,-0.568064747));
#993=AXIS2_PLACEMENT_3D('',#990,#991,#992);
#994=CYLINDRICAL_SURFACE('',#993,5.1);
#995=CARTESIAN_POINT('',(3.620087946,36.5,3.592347876));
#996=VERTEX_POINT('',#995);
#997=CARTESIAN_POINT('',(3.620087946,1.5,3.592347876));
#998=VERTEX_POINT('',#997);
#999=CARTESIAN_POINT('',(3.620087946,36.5,3.592347876));
#1000=DIRECTION('',(0.,-1.,0.));
#1001=VECTOR('',#1000,35.);
#1002=LINE('',#999,#1001);
#1003=EDGE_CURVE('',#996,#998,#1002,.T.);
#1004=ORIENTED_EDGE('',*,*,#1003,.F.);
#1005=CARTESIAN_POINT('',(3.129802232,36.5,4.026703117));
#1006=VERTEX_POINT('',#1005);
#1007=CARTESIAN_POINT('',(0.,36.5,-0.));
#1008=DIRECTION('',(0.,1.,0.));
#1009=DIRECTION('',(-0.568064747,0.,-0.822983866));
#1010=AXIS2_PLACEMENT_3D('',#1007,#1008,#1009);
#1011=CIRCLE('',#1010,5.1);
#1012=EDGE_CURVE('',#1006,#996,#1011,.T.);
#1013=ORIENTED_EDGE('',*,*,#1012,.F.);
#1014=CARTESIAN_POINT('',(3.129802232,1.5,4.026703117));
#1015=VERTEX_POINT('',#1014);
#1016=CARTESIAN_POINT('',(3.129802232,36.5,4.026703117));
#1017=DIRECTION('',(0.,-1.,0.));
#1018=VECTOR('',#1017,35.);
#1019=LINE('',#1016,#1018);
#1020=EDGE_CURVE('',#1006,#1015,#1019,.T.);
#1021=ORIENTED_EDGE('',*,*,#1020,.T.);
#1022=CARTESIAN_POINT('',(0.,1.5,-0.));
#1023=DIRECTION('',(0.,1.,0.));
#1024=DIRECTION('',(-0.568064747,0.,-0.822983866));
#1025=AXIS2_PLACEMENT_3D('',#1022,#1023,#1024);
#1026=CIRCLE('',#1025,5.1);
#1027=EDGE_CURVE('',#1015,#998,#1026,.T.);
#1028=ORIENTED_EDGE('',*,*,#1027,.T.);
#1029=EDGE_LOOP('',(#1004,#1013,#1021,#1028));
#1030=FACE_BOUND('',#1029,.T.);
#1031=ADVANCED_FACE('',(#1030),#994,.T.);
#1032=CARTESIAN_POINT('',(0.,36.5,-0.));
#1033=DIRECTION('',(0.,-1.,0.));
#1034=DIRECTION('',(0.822983866,0.,-0.568064747));
#1035=AXIS2_PLACEMENT_3D('',#1032,#1033,#1034);
#1036=CYLINDRICAL_SURFACE('',#1035,5.1);
#1037=CARTESIAN_POINT('',(1.535981386,36.5,4.863204826));
#1038=VERTEX_POINT('',#1037);
#1039=CARTESIAN_POINT('',(1.535981386,1.5,4.863204826));
#1040=VERTEX_POINT('',#1039);
#1041=CARTESIAN_POINT('',(1.535981386,36.5,4.863204826));
#1042=DIRECTION('',(0.,-1.,0.));
#1043=VECTOR('',#1042,35.);
#1044=LINE('',#1041,#1043);
#1045=EDGE_CURVE('',#1038,#1040,#1044,.T.);
#1046=ORIENTED_EDGE('',*,*,#1045,.F.);
#1047=CARTESIAN_POINT('',(0.9,36.5,5.019960159));
#1048=VERTEX_POINT('',#1047);
#1049=CARTESIAN_POINT('',(0.,36.5,-0.));
#1050=DIRECTION('',(0.,1.,0.));
#1051=DIRECTION('',(-0.568064747,0.,-0.822983866));
#1052=AXIS2_PLACEMENT_3D('',#1049,#1050,#1051);
#1053=CIRCLE('',#1052,5.1);
#1054=EDGE_CURVE('',#1048,#1038,#1053,.T.);
#1055=ORIENTED_EDGE('',*,*,#1054,.F.);
#1056=CARTESIAN_POINT('',(0.9,1.5,5.019960159));
#1057=VERTEX_POINT('',#1056);
#1058=CARTESIAN_POINT('',(0.9,36.5,5.019960159));
#1059=DIRECTION('',(0.,-1.,0.));
#1060=VECTOR('',#1059,35.);
#1061=LINE('',#1058,#1060);
#1062=EDGE_CURVE('',#1048,#1057,#1061,.T.);
#1063=ORIENTED_EDGE('',*,*,#1062,.T.);
#1064=CARTESIAN_POINT('',(0.,1.5,-0.));
#1065=DIRECTION('',(0.,1.,0.));
#1066=DIRECTION('',(-0.568064747,0.,-0.822983866));
#1067=AXIS2_PLACEMENT_3D('',#1064,#1065,#1066);
#1068=CIRCLE('',#1067,5.1);
#1069=EDGE_CURVE('',#1057,#1040,#1068,.T.);
#1070=ORIENTED_EDGE('',*,*,#1069,.T.);
#1071=EDGE_LOOP('',(#1046,#1055,#1063,#1070));
#1072=FACE_BOUND('',#1071,.T.);
#1073=ADVANCED_FACE('',(#1072),#1036,.T.);
#1074=CARTESIAN_POINT('',(0.,36.5,-0.));
#1075=DIRECTION('',(0.,-1.,0.));
#1076=DIRECTION('',(0.822983866,0.,-0.568064747));
#1077=AXIS2_PLACEMENT_3D('',#1074,#1075,#1076);
#1078=CYLINDRICAL_SURFACE('',#1077,5.1);
#1079=CARTESIAN_POINT('',(-0.9,36.5,5.019960159));
#1080=VERTEX_POINT('',#1079);
#1081=CARTESIAN_POINT('',(-0.9,1.5,5.019960159));
#1082=VERTEX_POINT('',#1081);
#1083=CARTESIAN_POINT('',(-0.9,36.5,5.019960159));
#1084=DIRECTION('',(0.,-1.,0.));
#1085=VECTOR('',#1084,35.);
#1086=LINE('',#1083,#1085);
#1087=EDGE_CURVE('',#1080,#1082,#1086,.T.);
#1088=ORIENTED_EDGE('',*,*,#1087,.F.);
#1089=CARTESIAN_POINT('',(-1.535981386,36.5,4.863204826));
#1090=VERTEX_POINT('',#1089);
#1091=CARTESIAN_POINT('',(0.,36.5,-0.));
#1092=DIRECTION('',(0.,1.,0.));
#1093=DIRECTION('',(-0.568064747,0.,-0.822983866));
#1094=AXIS2_PLACEMENT_3D('',#1091,#1092,#1093);
#1095=CIRCLE('',#1094,5.1);
#1096=EDGE_CURVE('',#1090,#1080,#1095,.T.);
#1097=ORIENTED_EDGE('',*,*,#1096,.F.);
#1098=CARTESIAN_POINT('',(-1.535981386,1.5,4.863204826));
#1099=VERTEX_POINT('',#1098);
#1100=CARTESIAN_POINT('',(-1.535981386,36.5,4.863204826));
#1101=DIRECTION('',(0.,-1.,0.));
#1102=VECTOR('',#1101,35.);
#1103=LINE('',#1100,#1102);
#1104=EDGE_CURVE('',#1090,#1099,#1103,.T.);
#1105=ORIENTED_EDGE('',*,*,#1104,.T.);
#1106=CARTESIAN_POINT('',(0.,1.5,-0.));
#1107=DIRECTION('',(0.,1.,0.));
#1108=DIRECTION('',(-0.568064747,0.,-0.822983866));
#1109=AXIS2_PLACEMENT_3D('',#1106,#1107,#1108);
#1110=CIRCLE('',#1109,5.1);
#1111=EDGE_CURVE('',#1099,#1082,#1110,.T.);
#1112=ORIENTED_EDGE('',*,*,#1111,.T.);
#1113=EDGE_LOOP('',(#1088,#1097,#1105,#1112));
#1114=FACE_BOUND('',#1113,.T.);
#1115=ADVANCED_FACE('',(#1114),#1078,.T.);
#1116=CARTESIAN_POINT('',(0.,36.5,-0.));
#1117=DIRECTION('',(0.,-1.,0.));
#1118=DIRECTION('',(0.822983866,0.,-0.568064747));
#1119=AXIS2_PLACEMENT_3D('',#1116,#1117,#1118);
#1120=CYLINDRICAL_SURFACE('',#1119,5.1);
#1121=CARTESIAN_POINT('',(-3.129802232,36.5,4.026703117));
#1122=VERTEX_POINT('',#1121);
#1123=CARTESIAN_POINT('',(-3.129802232,1.5,4.026703117));
#1124=VERTEX_POINT('',#1123);
#1125=CARTESIAN_POINT('',(-3.129802232,36.5,4.026703117));
#1126=DIRECTION('',(0.,-1.,0.));
#1127=VECTOR('',#1126,35.);
#1128=LINE('',#1125,#1127);
#1129=EDGE_CURVE('',#1122,#1124,#1128,.T.);
#1130=ORIENTED_EDGE('',*,*,#1129,.F.);
#1131=CARTESIAN_POINT('',(-3.620087946,36.5,3.592347876));
#1132=VERTEX_POINT('',#1131);
#1133=CARTESIAN_POINT('',(0.,36.5,-0.));
#1134=DIRECTION('',(0.,1.,0.));
#1135=DIRECTION('',(-0.568064747,0.,-0.822983866));
#1136=AXIS2_PLACEMENT_3D('',#1133,#1134,#1135);
#1137=CIRCLE('',#1136,5.1);
#1138=EDGE_CURVE('',#1132,#1122,#1137,.T.);
#1139=ORIENTED_EDGE('',*,*,#1138,.F.);
#1140=CARTESIAN_POINT('',(-3.620087946,1.5,3.592347876));
#1141=VERTEX_POINT('',#1140);
#1142=CARTESIAN_POINT('',(-3.620087946,36.5,3.592347876));
#1143=DIRECTION('',(0.,-1.,0.));
#1144=VECTOR('',#1143,35.);
#1145=LINE('',#1142,#1144);
#1146=EDGE_CURVE('',#1132,#1141,#1145,.T.);
#1147=ORIENTED_EDGE('',*,*,#1146,.T.);
#1148=CARTESIAN_POINT('',(0.,1.5,-0.));
#1149=DIRECTION('',(0.,1.,0.));
#1150=DIRECTION('',(-0.568064747,0.,-0.822983866));
#1151=AXIS2_PLACEMENT_3D('',#1148,#1149,#1150);
#1152=CIRCLE('',#1151,5.1);
#1153=EDGE_CURVE('',#1141,#1124,#1152,.T.);
#1154=ORIENTED_EDGE('',*,*,#1153,.T.);
#1155=EDGE_LOOP('',(#1130,#1139,#1147,#1154));
#1156=FACE_BOUND('',#1155,.T.);
#1157=ADVANCED_FACE('',(#1156),#1120,.T.);
#1158=CARTESIAN_POINT('',(-7.703998408,36.5,6.836549461));
#1159=DIRECTION('',(-0.568064747,0.,-0.822983866));
#1160=DIRECTION('',(-0.822983866,0.,0.568064747));
#1161=AXIS2_PLACEMENT_3D('',#1158,#1159,#1160);
#1162=PLANE('',#1161);
#1163=CARTESIAN_POINT('',(-7.703998408,1.5,6.836549461));
#1164=VERTEX_POINT('',#1163);
#1165=CARTESIAN_POINT('',(-7.511555392,1.5,6.703715638));
#1166=VERTEX_POINT('',#1165);
#1167=CARTESIAN_POINT('',(-7.703998408,1.5,6.836549461));
#1168=DIRECTION('',(0.822983866,0.,-0.568064747));
#1169=VECTOR('',#1168,0.233835709);
#1170=LINE('',#1167,#1169);
#1171=EDGE_CURVE('',#1164,#1166,#1170,.T.);
#1172=ORIENTED_EDGE('',*,*,#1171,.T.);
#1173=CARTESIAN_POINT('',(-7.511555392,36.5,6.703715638));
#1174=VERTEX_POINT('',#1173);
#1175=CARTESIAN_POINT('',(-7.511555392,1.5,6.703715638));
#1176=DIRECTION('',(-0.,1.,-0.));
#1177=VECTOR('',#1176,35.);
#1178=LINE('',#1175,#1177);
#1179=EDGE_CURVE('',#1166,#1174,#1178,.T.);
#1180=ORIENTED_EDGE('',*,*,#1179,.T.);
#1181=CARTESIAN_POINT('',(-7.703998408,36.5,6.836549461));
#1182=VERTEX_POINT('',#1181);
#1183=CARTESIAN_POINT('',(-7.703998408,36.5,6.836549461));
#1184=DIRECTION('',(0.822983866,0.,-0.568064747));
#1185=VECTOR('',#1184,0.233835709);
#1186=LINE('',#1183,#1185);
#1187=EDGE_CURVE('',#1182,#1174,#1186,.T.);
#1188=ORIENTED_EDGE('',*,*,#1187,.F.);
#1189=CARTESIAN_POINT('',(-7.703998408,36.5,6.836549461));
#1190=DIRECTION('',(0.,-1.,0.));
#1191=VECTOR('',#1190,35.);
#1192=LINE('',#1189,#1191);
#1193=EDGE_CURVE('',#1182,#1164,#1192,.T.);
#1194=ORIENTED_EDGE('',*,*,#1193,.T.);
#1195=EDGE_LOOP('',(#1172,#1180,#1188,#1194));
#1196=FACE_BOUND('',#1195,.T.);
#1197=ADVANCED_FACE('',(#1196),#1162,.F.);
#1198=CARTESIAN_POINT('',(-7.685181771,36.5,6.398279546));
#1199=DIRECTION('',(-0.568064747,0.,-0.822983866));
#1200=DIRECTION('',(-0.822983866,0.,0.568064747));
#1201=AXIS2_PLACEMENT_3D('',#1198,#1199,#1200);
#1202=PLANE('',#1201);
#1203=CARTESIAN_POINT('',(-7.26149335,36.5,6.105828546));
#1204=VERTEX_POINT('',#1203);
#1205=CARTESIAN_POINT('',(-7.26149335,36.5,6.105828546));
#1206=DIRECTION('',(0.822983866,0.,-0.568064747));
#1207=VECTOR('',#1206,4.424637657);
#1208=LINE('',#1205,#1207);
#1209=EDGE_CURVE('',#1204,#1132,#1208,.T.);
#1210=ORIENTED_EDGE('',*,*,#1209,.F.);
#1211=CARTESIAN_POINT('',(-7.26149335,1.5,6.105828546));
#1212=VERTEX_POINT('',#1211);
#1213=CARTESIAN_POINT('',(-7.26149335,36.5,6.105828546));
#1214=DIRECTION('',(0.,-1.,0.));
#1215=VECTOR('',#1214,35.);
#1216=LINE('',#1213,#1215);
#1217=EDGE_CURVE('',#1204,#1212,#1216,.T.);
#1218=ORIENTED_EDGE('',*,*,#1217,.T.);
#1219=CARTESIAN_POINT('',(-7.26149335,1.5,6.105828546));
#1220=DIRECTION('',(0.822983866,0.,-0.568064747));
#1221=VECTOR('',#1220,4.424637657);
#1222=LINE('',#1219,#1221);
#1223=EDGE_CURVE('',#1212,#1141,#1222,.T.);
#1224=ORIENTED_EDGE('',*,*,#1223,.T.);
#1225=ORIENTED_EDGE('',*,*,#1146,.F.);
#1226=EDGE_LOOP('',(#1210,#1218,#1224,#1225));
#1227=FACE_BOUND('',#1226,.T.);
#1228=ADVANCED_FACE('',(#1227),#1202,.F.);
#1229=CARTESIAN_POINT('',(0.,36.5,-0.));
#1230=DIRECTION('',(0.,-1.,0.));
#1231=DIRECTION('',(0.822983866,0.,-0.568064747));
#1232=AXIS2_PLACEMENT_3D('',#1229,#1230,#1231);
#1233=CYLINDRICAL_SURFACE('',#1232,5.1);
#1234=CARTESIAN_POINT('',(-4.874875985,36.5,1.498527319));
#1235=VERTEX_POINT('',#1234);
#1236=CARTESIAN_POINT('',(-4.642604491,36.5,2.110976917));
#1237=VERTEX_POINT('',#1236);
#1238=CARTESIAN_POINT('',(0.,36.5,-0.));
#1239=DIRECTION('',(0.,1.,0.));
#1240=DIRECTION('',(-0.568064747,0.,-0.822983866));
#1241=AXIS2_PLACEMENT_3D('',#1238,#1239,#1240);
#1242=CIRCLE('',#1241,5.1);
#1243=EDGE_CURVE('',#1235,#1237,#1242,.T.);
#1244=ORIENTED_EDGE('',*,*,#1243,.F.);
#1245=CARTESIAN_POINT('',(-4.874875985,1.5,1.498527319));
#1246=VERTEX_POINT('',#1245);
#1247=CARTESIAN_POINT('',(-4.874875985,36.5,1.498527319));
#1248=DIRECTION('',(0.,-1.,0.));
#1249=VECTOR('',#1248,35.);
#1250=LINE('',#1247,#1249);
#1251=EDGE_CURVE('',#1235,#1246,#1250,.T.);
#1252=ORIENTED_EDGE('',*,*,#1251,.T.);
#1253=CARTESIAN_POINT('',(-4.642604491,1.5,2.110976917));
#1254=VERTEX_POINT('',#1253);
#1255=CARTESIAN_POINT('',(0.,1.5,-0.));
#1256=DIRECTION('',(0.,1.,0.));
#1257=DIRECTION('',(-0.568064747,0.,-0.822983866));
#1258=AXIS2_PLACEMENT_3D('',#1255,#1256,#1257);
#1259=CIRCLE('',#1258,5.1);
#1260=EDGE_CURVE('',#1246,#1254,#1259,.T.);
#1261=ORIENTED_EDGE('',*,*,#1260,.T.);
#1262=CARTESIAN_POINT('',(-4.642604491,36.5,2.110976917));
#1263=DIRECTION('',(0.,-1.,0.));
#1264=VECTOR('',#1263,35.);
#1265=LINE('',#1262,#1264);
#1266=EDGE_CURVE('',#1237,#1254,#1265,.T.);
#1267=ORIENTED_EDGE('',*,*,#1266,.F.);
#1268=EDGE_LOOP('',(#1244,#1252,#1261,#1267));
#1269=FACE_BOUND('',#1268,.T.);
#1270=ADVANCED_FACE('',(#1269),#1233,.T.);
#1271=CARTESIAN_POINT('',(-8.707698315,36.5,4.916908588));
#1272=DIRECTION('',(0.568064747,0.,0.822983866));
#1273=DIRECTION('',(0.822983866,0.,-0.568064747));
#1274=AXIS2_PLACEMENT_3D('',#1271,#1272,#1273);
#1275=PLANE('',#1274);
#1276=CARTESIAN_POINT('',(-8.284009894,1.5,4.624457587));
#1277=VERTEX_POINT('',#1276);
#1278=CARTESIAN_POINT('',(-4.642604491,1.5,2.110976917));
#1279=DIRECTION('',(-0.822983866,0.,0.568064747));
#1280=VECTOR('',#1279,4.424637657);
#1281=LINE('',#1278,#1280);
#1282=EDGE_CURVE('',#1254,#1277,#1281,.T.);
#1283=ORIENTED_EDGE('',*,*,#1282,.T.);
#1284=CARTESIAN_POINT('',(-8.284009894,36.5,4.624457587));
#1285=VERTEX_POINT('',#1284);
#1286=CARTESIAN_POINT('',(-8.284009894,1.5,4.624457587));
#1287=DIRECTION('',(-0.,1.,-0.));
#1288=VECTOR('',#1287,35.);
#1289=LINE('',#1286,#1288);
#1290=EDGE_CURVE('',#1277,#1285,#1289,.T.);
#1291=ORIENTED_EDGE('',*,*,#1290,.T.);
#1292=CARTESIAN_POINT('',(-4.642604491,36.5,2.110976917));
#1293=DIRECTION('',(-0.822983866,0.,0.568064747));
#1294=VECTOR('',#1293,4.424637657);
#1295=LINE('',#1292,#1294);
#1296=EDGE_CURVE('',#1237,#1285,#1295,.T.);
#1297=ORIENTED_EDGE('',*,*,#1296,.F.);
#1298=ORIENTED_EDGE('',*,*,#1266,.T.);
#1299=EDGE_LOOP('',(#1283,#1291,#1297,#1298));
#1300=FACE_BOUND('',#1299,.T.);
#1301=ADVANCED_FACE('',(#1300),#1275,.F.);
#1302=CARTESIAN_POINT('',(-9.124160275,36.5,4.779089796));
#1303=DIRECTION('',(0.568064747,0.,0.822983866));
#1304=DIRECTION('',(0.822983866,0.,-0.568064747));
#1305=AXIS2_PLACEMENT_3D('',#1302,#1303,#1304);
#1306=PLANE('',#1305);
#1307=CARTESIAN_POINT('',(-8.931717259,36.5,4.646255973));
#1308=VERTEX_POINT('',#1307);
#1309=CARTESIAN_POINT('',(-9.124160275,36.5,4.779089796));
#1310=VERTEX_POINT('',#1309);
#1311=CARTESIAN_POINT('',(-8.931717259,36.5,4.646255973));
#1312=DIRECTION('',(-0.822983866,0.,0.568064747));
#1313=VECTOR('',#1312,0.233835709);
#1314=LINE('',#1311,#1313);
#1315=EDGE_CURVE('',#1308,#1310,#1314,.T.);
#1316=ORIENTED_EDGE('',*,*,#1315,.F.);
#1317=CARTESIAN_POINT('',(-8.931717259,1.5,4.646255973));
#1318=VERTEX_POINT('',#1317);
#1319=CARTESIAN_POINT('',(-8.931717259,36.5,4.646255973));
#1320=DIRECTION('',(0.,-1.,0.));
#1321=VECTOR('',#1320,35.);
#1322=LINE('',#1319,#1321);
#1323=EDGE_CURVE('',#1308,#1318,#1322,.T.);
#1324=ORIENTED_EDGE('',*,*,#1323,.T.);
#1325=CARTESIAN_POINT('',(-9.124160275,1.5,4.779089796));
#1326=VERTEX_POINT('',#1325);
#1327=CARTESIAN_POINT('',(-8.931717259,1.5,4.646255973));
#1328=DIRECTION('',(-0.822983866,0.,0.568064747));
#1329=VECTOR('',#1328,0.233835709);
#1330=LINE('',#1327,#1329);
#1331=EDGE_CURVE('',#1318,#1326,#1330,.T.);
#1332=ORIENTED_EDGE('',*,*,#1331,.T.);
#1333=CARTESIAN_POINT('',(-9.124160275,36.5,4.779089796));
#1334=DIRECTION('',(0.,-1.,0.));
#1335=VECTOR('',#1334,35.);
#1336=LINE('',#1333,#1335);
#1337=EDGE_CURVE('',#1310,#1326,#1336,.T.);
#1338=ORIENTED_EDGE('',*,*,#1337,.F.);
#1339=EDGE_LOOP('',(#1316,#1324,#1332,#1338));
#1340=FACE_BOUND('',#1339,.T.);
#1341=ADVANCED_FACE('',(#1340),#1306,.F.);
#1342=CARTESIAN_POINT('',(0.,36.5,-0.));
#1343=DIRECTION('',(0.,-1.,0.));
#1344=DIRECTION('',(0.822983866,0.,-0.568064747));
#1345=AXIS2_PLACEMENT_3D('',#1342,#1343,#1344);
#1346=CYLINDRICAL_SURFACE('',#1345,10.3);
#1347=CARTESIAN_POINT('',(0.,1.5,-0.));
#1348=DIRECTION('',(0.,1.,0.));
#1349=DIRECTION('',(-0.568064747,0.,-0.822983866));
#1350=AXIS2_PLACEMENT_3D('',#1347,#1348,#1349);
#1351=CIRCLE('',#1350,10.3);
#1352=EDGE_CURVE('',#1326,#1164,#1351,.T.);
#1353=ORIENTED_EDGE('',*,*,#1352,.T.);
#1354=ORIENTED_EDGE('',*,*,#1193,.F.);
#1355=CARTESIAN_POINT('',(0.,36.5,-0.));
#1356=DIRECTION('',(0.,1.,0.));
#1357=DIRECTION('',(-0.568064747,0.,-0.822983866));
#1358=AXIS2_PLACEMENT_3D('',#1355,#1356,#1357);
#1359=CIRCLE('',#1358,10.3);
#1360=EDGE_CURVE('',#1310,#1182,#1359,.T.);
#1361=ORIENTED_EDGE('',*,*,#1360,.F.);
#1362=ORIENTED_EDGE('',*,*,#1337,.T.);
#1363=EDGE_LOOP('',(#1353,#1354,#1361,#1362));
#1364=FACE_BOUND('',#1363,.T.);
#1365=ADVANCED_FACE('',(#1364),#1346,.T.);
#1366=CARTESIAN_POINT('',(0.,36.5,0.));
#1367=DIRECTION('',(0.,1.,0.));
#1368=DIRECTION('',(-0.568064747,0.,-0.822983866));
#1369=AXIS2_PLACEMENT_3D('',#1366,#1367,#1368);
#1370=PLANE('',#1369);
#1371=ORIENTED_EDGE('',*,*,#1209,.T.);
#1372=ORIENTED_EDGE('',*,*,#1138,.T.);
#1373=CARTESIAN_POINT('',(-5.186033879,36.5,7.944525191));
#1374=VERTEX_POINT('',#1373);
#1375=CARTESIAN_POINT('',(-3.129802232,36.5,4.026703117));
#1376=DIRECTION('',(-0.464723172,0.,0.885456026));
#1377=VECTOR('',#1376,4.424637657);
#1378=LINE('',#1375,#1377);
#1379=EDGE_CURVE('',#1122,#1374,#1378,.T.);
#1380=ORIENTED_EDGE('',*,*,#1379,.T.);
#1381=CARTESIAN_POINT('',(-5.655522357,36.5,8.211446969));
#1382=VERTEX_POINT('',#1381);
#1383=CARTESIAN_POINT('',(-5.628761892,36.5,7.712163605));
#1384=DIRECTION('',(-0.,-1.,-0.));
#1385=DIRECTION('',(-0.464723172,0.,0.885456026));
#1386=AXIS2_PLACEMENT_3D('',#1383,#1384,#1385);
#1387=CIRCLE('',#1386,0.5);
#1388=EDGE_CURVE('',#1374,#1382,#1387,.T.);
#1389=ORIENTED_EDGE('',*,*,#1388,.T.);
#1390=CARTESIAN_POINT('',(-5.749420053,36.5,8.264831325));
#1391=VERTEX_POINT('',#1390);
#1392=CARTESIAN_POINT('',(-5.66087445,36.5,8.311303642));
#1393=DIRECTION('',(0.,1.,0.));
#1394=DIRECTION('',(-0.464723172,0.,0.885456026));
#1395=AXIS2_PLACEMENT_3D('',#1392,#1393,#1394);
#1396=CIRCLE('',#1395,0.1);
#1397=EDGE_CURVE('',#1382,#1391,#1396,.T.);
#1398=ORIENTED_EDGE('',*,*,#1397,.T.);
#1399=CARTESIAN_POINT('',(-5.858088925,36.5,8.471882562));
#1400=VERTEX_POINT('',#1399);
#1401=CARTESIAN_POINT('',(-5.749420053,36.5,8.264831325));
#1402=DIRECTION('',(-0.464723172,0.,0.885456026));
#1403=VECTOR('',#1402,0.233835709);
#1404=LINE('',#1401,#1403);
#1405=EDGE_CURVE('',#1391,#1400,#1404,.T.);
#1406=ORIENTED_EDGE('',*,*,#1405,.T.);
#1407=CARTESIAN_POINT('',(-3.644448861,36.5,9.633690492));
#1408=VERTEX_POINT('',#1407);
#1409=CARTESIAN_POINT('',(0.,36.5,-0.));
#1410=DIRECTION('',(0.,1.,0.));
#1411=DIRECTION('',(-0.885456026,0.,-0.464723172));
#1412=AXIS2_PLACEMENT_3D('',#1409,#1410,#1411);
#1413=CIRCLE('',#1412,10.3);
#1414=EDGE_CURVE('',#1400,#1408,#1413,.T.);
#1415=ORIENTED_EDGE('',*,*,#1414,.T.);
#1416=CARTESIAN_POINT('',(-3.535779988,36.5,9.426639255));
#1417=VERTEX_POINT('',#1416);
#1418=CARTESIAN_POINT('',(-3.644448861,36.5,9.633690492));
#1419=DIRECTION('',(0.464723172,0.,-0.885456026));
#1420=VECTOR('',#1419,0.233835709);
#1421=LINE('',#1418,#1420);
#1422=EDGE_CURVE('',#1408,#1417,#1421,.T.);
#1423=ORIENTED_EDGE('',*,*,#1422,.T.);
#1424=CARTESIAN_POINT('',(-3.545185496,36.5,9.319037196));
#1425=VERTEX_POINT('',#1424);
#1426=CARTESIAN_POINT('',(-3.624325591,36.5,9.380166937));
#1427=DIRECTION('',(0.,1.,0.));
#1428=DIRECTION('',(-0.464723172,0.,0.885456026));
#1429=AXIS2_PLACEMENT_3D('',#1426,#1427,#1428);
#1430=CIRCLE('',#1429,0.1);
#1431=EDGE_CURVE('',#1417,#1425,#1430,.T.);
#1432=ORIENTED_EDGE('',*,*,#1431,.T.);
#1433=CARTESIAN_POINT('',(-3.592213033,36.5,8.781026901));
#1434=VERTEX_POINT('',#1433);
#1435=CARTESIAN_POINT('',(-3.14948502,36.5,9.013388487));
#1436=DIRECTION('',(-0.,-1.,-0.));
#1437=DIRECTION('',(-0.464723172,0.,0.885456026));
#1438=AXIS2_PLACEMENT_3D('',#1435,#1436,#1437);
#1439=CIRCLE('',#1438,0.5);
#1440=EDGE_CURVE('',#1425,#1434,#1439,.T.);
#1441=ORIENTED_EDGE('',*,*,#1440,.T.);
#1442=CARTESIAN_POINT('',(-3.592213033,36.5,8.781026901));
#1443=DIRECTION('',(0.464723172,0.,-0.885456026));
#1444=VECTOR('',#1443,4.424637657);
#1445=LINE('',#1442,#1444);
#1446=EDGE_CURVE('',#1434,#1090,#1445,.T.);
#1447=ORIENTED_EDGE('',*,*,#1446,.T.);
#1448=ORIENTED_EDGE('',*,*,#1096,.T.);
#1449=CARTESIAN_POINT('',(-0.9,36.5,9.444597816));
#1450=VERTEX_POINT('',#1449);
#1451=CARTESIAN_POINT('',(-0.9,36.5,5.019960159));
#1452=DIRECTION('',(-0.,0.,1.));
#1453=VECTOR('',#1452,4.424637657);
#1454=LINE('',#1451,#1453);
#1455=EDGE_CURVE('',#1080,#1450,#1454,.T.);
#1456=ORIENTED_EDGE('',*,*,#1455,.T.);
#1457=CARTESIAN_POINT('',(-1.191666667,36.5,9.899127487));
#1458=VERTEX_POINT('',#1457);
#1459=CARTESIAN_POINT('',(-1.4,36.5,9.444597816));
#1460=DIRECTION('',(-0.,-1.,-0.));
#1461=DIRECTION('',(0.,-0.,1.));
#1462=AXIS2_PLACEMENT_3D('',#1459,#1460,#1461);
#1463=CIRCLE('',#1462,0.5);
#1464=EDGE_CURVE('',#1450,#1458,#1463,.T.);
#1465=ORIENTED_EDGE('',*,*,#1464,.T.);
#1466=CARTESIAN_POINT('',(-1.25,36.5,9.990033422));
#1467=VERTEX_POINT('',#1466);
#1468=CARTESIAN_POINT('',(-1.15,36.5,9.990033422));
#1469=DIRECTION('',(0.,1.,0.));
#1470=DIRECTION('',(0.,-0.,1.));
#1471=AXIS2_PLACEMENT_3D('',#1468,#1469,#1470);
#1472=CIRCLE('',#1471,0.1);
#1473=EDGE_CURVE('',#1458,#1467,#1472,.T.);
#1474=ORIENTED_EDGE('',*,*,#1473,.T.);
#1475=CARTESIAN_POINT('',(-1.25,36.5,10.223869131));
#1476=VERTEX_POINT('',#1475);
#1477=CARTESIAN_POINT('',(-1.25,36.5,9.990033422));
#1478=DIRECTION('',(0.,0.,1.));
#1479=VECTOR('',#1478,0.233835709);
#1480=LINE('',#1477,#1479);
#1481=EDGE_CURVE('',#1467,#1476,#1480,.T.);
#1482=ORIENTED_EDGE('',*,*,#1481,.T.);
#1483=CARTESIAN_POINT('',(1.25,36.5,10.223869131));
#1484=VERTEX_POINT('',#1483);
#1485=CARTESIAN_POINT('',(0.,36.5,-0.));
#1486=DIRECTION('',(0.,1.,0.));
#1487=DIRECTION('',(-1.,0.,0.));
#1488=AXIS2_PLACEMENT_3D('',#1485,#1486,#1487);
#1489=CIRCLE('',#1488,10.3);
#1490=EDGE_CURVE('',#1476,#1484,#1489,.T.);
#1491=ORIENTED_EDGE('',*,*,#1490,.T.);
#1492=CARTESIAN_POINT('',(1.25,36.5,9.990033422));
#1493=VERTEX_POINT('',#1492);
#1494=CARTESIAN_POINT('',(1.25,36.5,10.223869131));
#1495=DIRECTION('',(0.,0.,-1.));
#1496=VECTOR('',#1495,0.233835709);
#1497=LINE('',#1494,#1496);
#1498=EDGE_CURVE('',#1484,#1493,#1497,.T.);
#1499=ORIENTED_EDGE('',*,*,#1498,.T.);
#1500=CARTESIAN_POINT('',(1.191666667,36.5,9.899127487));
#1501=VERTEX_POINT('',#1500);
#1502=CARTESIAN_POINT('',(1.15,36.5,9.990033422));
#1503=DIRECTION('',(0.,1.,0.));
#1504=DIRECTION('',(0.,-0.,1.));
#1505=AXIS2_PLACEMENT_3D('',#1502,#1503,#1504);
#1506=CIRCLE('',#1505,0.1);
#1507=EDGE_CURVE('',#1493,#1501,#1506,.T.);
#1508=ORIENTED_EDGE('',*,*,#1507,.T.);
#1509=CARTESIAN_POINT('',(0.9,36.5,9.444597816));
#1510=VERTEX_POINT('',#1509);
#1511=CARTESIAN_POINT('',(1.4,36.5,9.444597816));
#1512=DIRECTION('',(-0.,-1.,-0.));
#1513=DIRECTION('',(0.,-0.,1.));
#1514=AXIS2_PLACEMENT_3D('',#1511,#1512,#1513);
#1515=CIRCLE('',#1514,0.5);
#1516=EDGE_CURVE('',#1501,#1510,#1515,.T.);
#1517=ORIENTED_EDGE('',*,*,#1516,.T.);
#1518=CARTESIAN_POINT('',(0.9,36.5,9.444597816));
#1519=DIRECTION('',(-0.,0.,-1.));
#1520=VECTOR('',#1519,4.424637657);
#1521=LINE('',#1518,#1520);
#1522=EDGE_CURVE('',#1510,#1048,#1521,.T.);
#1523=ORIENTED_EDGE('',*,*,#1522,.T.);
#1524=ORIENTED_EDGE('',*,*,#1054,.T.);
#1525=CARTESIAN_POINT('',(3.592213033,36.5,8.781026901));
#1526=VERTEX_POINT('',#1525);
#1527=CARTESIAN_POINT('',(1.535981386,36.5,4.863204826));
#1528=DIRECTION('',(0.464723172,0.,0.885456026));
#1529=VECTOR('',#1528,4.424637657);
#1530=LINE('',#1527,#1529);
#1531=EDGE_CURVE('',#1038,#1526,#1530,.T.);
#1532=ORIENTED_EDGE('',*,*,#1531,.T.);
#1533=CARTESIAN_POINT('',(3.545185496,36.5,9.319037196));
#1534=VERTEX_POINT('',#1533);
#1535=CARTESIAN_POINT('',(3.14948502,36.5,9.013388487));
#1536=DIRECTION('',(0.,-1.,-0.));
#1537=DIRECTION('',(0.464723172,0.,0.885456026));
#1538=AXIS2_PLACEMENT_3D('',#1535,#1536,#1537);
#1539=CIRCLE('',#1538,0.5);
#1540=EDGE_CURVE('',#1526,#1534,#1539,.T.);
#1541=ORIENTED_EDGE('',*,*,#1540,.T.);
#1542=CARTESIAN_POINT('',(3.535779988,36.5,9.426639255));
#1543=VERTEX_POINT('',#1542);
#1544=CARTESIAN_POINT('',(3.624325591,36.5,9.380166937));
#1545=DIRECTION('',(-0.,1.,0.));
#1546=DIRECTION('',(0.464723172,0.,0.885456026));
#1547=AXIS2_PLACEMENT_3D('',#1544,#1545,#1546);
#1548=CIRCLE('',#1547,0.1);
#1549=EDGE_CURVE('',#1534,#1543,#1548,.T.);
#1550=ORIENTED_EDGE('',*,*,#1549,.T.);
#1551=CARTESIAN_POINT('',(3.644448861,36.5,9.633690492));
#1552=VERTEX_POINT('',#1551);
#1553=CARTESIAN_POINT('',(3.535779988,36.5,9.426639255));
#1554=DIRECTION('',(0.464723172,0.,0.885456026));
#1555=VECTOR('',#1554,0.233835709);
#1556=LINE('',#1553,#1555);
#1557=EDGE_CURVE('',#1543,#1552,#1556,.T.);
#1558=ORIENTED_EDGE('',*,*,#1557,.T.);
#1559=CARTESIAN_POINT('',(5.858088925,36.5,8.471882562));
#1560=VERTEX_POINT('',#1559);
#1561=CARTESIAN_POINT('',(-0.,36.5,-0.));
#1562=DIRECTION('',(0.,1.,0.));
#1563=DIRECTION('',(-0.885456026,0.,0.464723172));
#1564=AXIS2_PLACEMENT_3D('',#1561,#1562,#1563);
#1565=CIRCLE('',#1564,10.3);
#1566=EDGE_CURVE('',#1552,#1560,#1565,.T.);
#1567=ORIENTED_EDGE('',*,*,#1566,.T.);
#1568=CARTESIAN_POINT('',(5.749420053,36.5,8.264831325));
#1569=VERTEX_POINT('',#1568);
#1570=CARTESIAN_POINT('',(5.858088925,36.5,8.471882562));
#1571=DIRECTION('',(-0.464723172,0.,-0.885456026));
#1572=VECTOR('',#1571,0.233835709);
#1573=LINE('',#1570,#1572);
#1574=EDGE_CURVE('',#1560,#1569,#1573,.T.);
#1575=ORIENTED_EDGE('',*,*,#1574,.T.);
#1576=CARTESIAN_POINT('',(5.655522357,36.5,8.211446969));
#1577=VERTEX_POINT('',#1576);
#1578=CARTESIAN_POINT('',(5.66087445,36.5,8.311303642));
#1579=DIRECTION('',(-0.,1.,0.));
#1580=DIRECTION('',(0.464723172,0.,0.885456026));
#1581=AXIS2_PLACEMENT_3D('',#1578,#1579,#1580);
#1582=CIRCLE('',#1581,0.1);
#1583=EDGE_CURVE('',#1569,#1577,#1582,.T.);
#1584=ORIENTED_EDGE('',*,*,#1583,.T.);
#1585=CARTESIAN_POINT('',(5.186033879,36.5,7.944525191));
#1586=VERTEX_POINT('',#1585);
#1587=CARTESIAN_POINT('',(5.628761892,36.5,7.712163605));
#1588=DIRECTION('',(0.,-1.,-0.));
#1589=DIRECTION('',(0.464723172,0.,0.885456026));
#1590=AXIS2_PLACEMENT_3D('',#1587,#1588,#1589);
#1591=CIRCLE('',#1590,0.5);
#1592=EDGE_CURVE('',#1577,#1586,#1591,.T.);
#1593=ORIENTED_EDGE('',*,*,#1592,.T.);
#1594=CARTESIAN_POINT('',(5.186033879,36.5,7.944525191));
#1595=DIRECTION('',(-0.464723172,0.,-0.885456026));
#1596=VECTOR('',#1595,4.424637657);
#1597=LINE('',#1594,#1596);
#1598=EDGE_CURVE('',#1586,#1006,#1597,.T.);
#1599=ORIENTED_EDGE('',*,*,#1598,.T.);
#1600=ORIENTED_EDGE('',*,*,#1012,.T.);
#1601=CARTESIAN_POINT('',(7.26149335,36.5,6.105828546));
#1602=VERTEX_POINT('',#1601);
#1603=CARTESIAN_POINT('',(3.620087946,36.5,3.592347876));
#1604=DIRECTION('',(0.822983866,0.,0.568064747));
#1605=VECTOR('',#1604,4.424637657);
#1606=LINE('',#1603,#1605);
#1607=EDGE_CURVE('',#996,#1602,#1606,.T.);
#1608=ORIENTED_EDGE('',*,*,#1607,.T.);
#1609=CARTESIAN_POINT('',(7.469878385,36.5,6.604067789));
#1610=VERTEX_POINT('',#1609);
#1611=CARTESIAN_POINT('',(6.977460977,36.5,6.517320478));
#1612=DIRECTION('',(0.,-1.,-0.));
#1613=DIRECTION('',(0.822983866,0.,0.568064747));
#1614=AXIS2_PLACEMENT_3D('',#1611,#1612,#1613);
#1615=CIRCLE('',#1614,0.5);
#1616=EDGE_CURVE('',#1602,#1610,#1615,.T.);
#1617=ORIENTED_EDGE('',*,*,#1616,.T.);
#1618=CARTESIAN_POINT('',(7.511555392,36.5,6.703715638));
#1619=VERTEX_POINT('',#1618);
#1620=CARTESIAN_POINT('',(7.568361867,36.5,6.621417251));
#1621=DIRECTION('',(-0.,1.,0.));
#1622=DIRECTION('',(0.822983866,0.,0.568064747));
#1623=AXIS2_PLACEMENT_3D('',#1620,#1621,#1622);
#1624=CIRCLE('',#1623,0.1);
#1625=EDGE_CURVE('',#1610,#1619,#1624,.T.);
#1626=ORIENTED_EDGE('',*,*,#1625,.T.);
#1627=CARTESIAN_POINT('',(7.703998408,36.5,6.836549461));
#1628=VERTEX_POINT('',#1627);
#1629=CARTESIAN_POINT('',(7.511555392,36.5,6.703715638));
#1630=DIRECTION('',(0.822983866,0.,0.568064747));
#1631=VECTOR('',#1630,0.233835709);
#1632=LINE('',#1629,#1631);
#1633=EDGE_CURVE('',#1619,#1628,#1632,.T.);
#1634=ORIENTED_EDGE('',*,*,#1633,.T.);
#1635=CARTESIAN_POINT('',(9.124160275,36.5,4.779089796));
#1636=VERTEX_POINT('',#1635);
#1637=CARTESIAN_POINT('',(-0.,36.5,-0.));
#1638=DIRECTION('',(0.,1.,0.));
#1639=DIRECTION('',(-0.568064747,0.,0.822983866));
#1640=AXIS2_PLACEMENT_3D('',#1637,#1638,#1639);
#1641=CIRCLE('',#1640,10.3);
#1642=EDGE_CURVE('',#1628,#1636,#1641,.T.);
#1643=ORIENTED_EDGE('',*,*,#1642,.T.);
#1644=CARTESIAN_POINT('',(8.931717259,36.5,4.646255973));
#1645=VERTEX_POINT('',#1644);
#1646=CARTESIAN_POINT('',(9.124160275,36.5,4.779089796));
#1647=DIRECTION('',(-0.822983866,0.,-0.568064747));
#1648=VECTOR('',#1647,0.233835709);
#1649=LINE('',#1646,#1648);
#1650=EDGE_CURVE('',#1636,#1645,#1649,.T.);
#1651=ORIENTED_EDGE('',*,*,#1650,.T.);
#1652=CARTESIAN_POINT('',(8.823766032,36.5,4.642622909));
#1653=VERTEX_POINT('',#1652);
#1654=CARTESIAN_POINT('',(8.874910784,36.5,4.72855436));
#1655=DIRECTION('',(-0.,1.,0.));
#1656=DIRECTION('',(0.822983866,0.,0.568064747));
#1657=AXIS2_PLACEMENT_3D('',#1654,#1655,#1656);
#1658=CIRCLE('',#1657,0.1);
#1659=EDGE_CURVE('',#1645,#1653,#1658,.T.);
#1660=ORIENTED_EDGE('',*,*,#1659,.T.);
#1661=CARTESIAN_POINT('',(8.284009894,36.5,4.624457587));
#1662=VERTEX_POINT('',#1661);
#1663=CARTESIAN_POINT('',(8.568042268,36.5,4.212965654));
#1664=DIRECTION('',(0.,-1.,-0.));
#1665=DIRECTION('',(0.822983866,0.,0.568064747));
#1666=AXIS2_PLACEMENT_3D('',#1663,#1664,#1665);
#1667=CIRCLE('',#1666,0.5);
#1668=EDGE_CURVE('',#1653,#1662,#1667,.T.);
#1669=ORIENTED_EDGE('',*,*,#1668,.T.);
#1670=CARTESIAN_POINT('',(8.284009894,36.5,4.624457587));
#1671=DIRECTION('',(-0.822983866,0.,-0.568064747));
#1672=VECTOR('',#1671,4.424637657);
#1673=LINE('',#1670,#1672);
#1674=EDGE_CURVE('',#1662,#964,#1673,.T.);
#1675=ORIENTED_EDGE('',*,*,#1674,.T.);
#1676=ORIENTED_EDGE('',*,*,#970,.T.);
#1677=CARTESIAN_POINT('',(9.267253052,36.5,2.031858454));
#1678=VERTEX_POINT('',#1677);
#1679=CARTESIAN_POINT('',(4.874875985,36.5,1.498527319));
#1680=DIRECTION('',(0.992708874,0.,0.12053668));
#1681=VECTOR('',#1680,4.424637657);
#1682=LINE('',#1679,#1681);
#1683=EDGE_CURVE('',#954,#1678,#1682,.T.);
#1684=ORIENTED_EDGE('',*,*,#1683,.T.);
#1685=CARTESIAN_POINT('',(9.683312158,36.5,2.37618604));
#1686=VERTEX_POINT('',#1685);
#1687=CARTESIAN_POINT('',(9.206984712,36.5,2.528212891));
#1688=DIRECTION('',(0.,-1.,-0.));
#1689=DIRECTION('',(0.992708874,0.,0.12053668));
#1690=AXIS2_PLACEMENT_3D('',#1687,#1688,#1689);
#1691=CIRCLE('',#1690,0.5);
#1692=EDGE_CURVE('',#1678,#1686,#1691,.T.);
#1693=ORIENTED_EDGE('',*,*,#1692,.T.);
#1694=CARTESIAN_POINT('',(9.76652398,36.5,2.445051557));
#1695=VERTEX_POINT('',#1694);
#1696=CARTESIAN_POINT('',(9.778577648,36.5,2.345780669));
#1697=DIRECTION('',(-0.,1.,0.));
#1698=DIRECTION('',(0.992708874,0.,0.12053668));
#1699=AXIS2_PLACEMENT_3D('',#1696,#1697,#1698);
#1700=CIRCLE('',#1699,0.1);
#1701=EDGE_CURVE('',#1686,#1695,#1700,.T.);
#1702=ORIENTED_EDGE('',*,*,#1701,.T.);
#1703=CARTESIAN_POINT('',(9.998654763,36.5,2.473237337));
#1704=VERTEX_POINT('',#1703);
#1705=CARTESIAN_POINT('',(9.76652398,36.5,2.445051557));
#1706=DIRECTION('',(0.992708874,0.,0.12053668));
#1707=VECTOR('',#1706,0.233835709);
#1708=LINE('',#1705,#1707);
#1709=EDGE_CURVE('',#1695,#1704,#1708,.T.);
#1710=ORIENTED_EDGE('',*,*,#1709,.T.);
#1711=CARTESIAN_POINT('',(10.299996464,36.5,-0.008534848));
#1712=VERTEX_POINT('',#1711);
#1713=CARTESIAN_POINT('',(-0.,36.5,-0.));
#1714=DIRECTION('',(0.,1.,0.));
#1715=DIRECTION('',(-0.12053668,0.,0.992708874));
#1716=AXIS2_PLACEMENT_3D('',#1713,#1714,#1715);
#1717=CIRCLE('',#1716,10.3);
#1718=EDGE_CURVE('',#1704,#1712,#1717,.T.);
#1719=ORIENTED_EDGE('',*,*,#1718,.T.);
#1720=CARTESIAN_POINT('',(10.06786568,36.5,-0.036720628));
#1721=VERTEX_POINT('',#1720);
#1722=CARTESIAN_POINT('',(10.299996464,36.5,-0.008534848));
#1723=DIRECTION('',(-0.992708874,0.,-0.12053668));
#1724=VECTOR('',#1723,0.233835709);
#1725=LINE('',#1722,#1724);
#1726=EDGE_CURVE('',#1712,#1721,#1725,.T.);
#1727=ORIENTED_EDGE('',*,*,#1726,.T.);
#1728=CARTESIAN_POINT('',(9.970591246,36.5,0.01022989));
#1729=VERTEX_POINT('',#1728);
#1730=CARTESIAN_POINT('',(10.055812012,36.5,0.062550259));
#1731=DIRECTION('',(-0.,1.,0.));
#1732=DIRECTION('',(0.992708874,0.,0.12053668));
#1733=AXIS2_PLACEMENT_3D('',#1730,#1731,#1732);
#1734=CIRCLE('',#1733,0.1);
#1735=EDGE_CURVE('',#1721,#1729,#1734,.T.);
#1736=ORIENTED_EDGE('',*,*,#1735,.T.);
#1737=CARTESIAN_POINT('',(9.484219076,36.5,0.24498248));
#1738=VERTEX_POINT('',#1737);
#1739=CARTESIAN_POINT('',(9.544487416,36.5,-0.251371957));
#1740=DIRECTION('',(0.,-1.,-0.));
#1741=DIRECTION('',(0.992708874,0.,0.12053668));
#1742=AXIS2_PLACEMENT_3D('',#1739,#1740,#1741);
#1743=CIRCLE('',#1742,0.5);
#1744=EDGE_CURVE('',#1729,#1738,#1743,.T.);
#1745=ORIENTED_EDGE('',*,*,#1744,.T.);
#1746=CARTESIAN_POINT('',(9.484219076,36.5,0.24498248));
#1747=DIRECTION('',(-0.992708874,0.,-0.12053668));
#1748=VECTOR('',#1747,4.424637657);
#1749=LINE('',#1746,#1748);
#1750=EDGE_CURVE('',#1738,#922,#1749,.T.);
#1751=ORIENTED_EDGE('',*,*,#1750,.T.);
#1752=ORIENTED_EDGE('',*,*,#928,.T.);
#1753=CARTESIAN_POINT('',(9.149996762,36.5,-2.507585923));
#1754=VERTEX_POINT('',#1753);
#1755=CARTESIAN_POINT('',(5.012888685,36.5,-0.938587787));
#1756=DIRECTION('',(0.935016243,0.,-0.354604887));
#1757=VECTOR('',#1756,4.424637657);
#1758=LINE('',#1755,#1757);
#1759=EDGE_CURVE('',#912,#1754,#1758,.T.);
#1760=ORIENTED_EDGE('',*,*,#1759,.T.);
#1761=CARTESIAN_POINT('',(9.678415813,36.5,-2.396051295));
#1762=VERTEX_POINT('',#1761);
#1763=CARTESIAN_POINT('',(9.327299205,36.5,-2.040077802));
#1764=DIRECTION('',(-0.,-1.,-0.));
#1765=DIRECTION('',(0.935016243,0.,-0.354604887));
#1766=AXIS2_PLACEMENT_3D('',#1763,#1764,#1765);
#1767=CIRCLE('',#1766,0.5);
#1768=EDGE_CURVE('',#1754,#1762,#1767,.T.);
#1769=ORIENTED_EDGE('',*,*,#1768,.T.);
#1770=CARTESIAN_POINT('',(9.784099623,36.5,-2.37374437));
#1771=VERTEX_POINT('',#1770);
#1772=CARTESIAN_POINT('',(9.748639134,36.5,-2.467245994));
#1773=DIRECTION('',(0.,1.,0.));
#1774=DIRECTION('',(0.935016243,0.,-0.354604887));
#1775=AXIS2_PLACEMENT_3D('',#1772,#1773,#1774);
#1776=CIRCLE('',#1775,0.1);
#1777=EDGE_CURVE('',#1762,#1771,#1776,.T.);
#1778=ORIENTED_EDGE('',*,*,#1777,.T.);
#1779=CARTESIAN_POINT('',(10.002739809,36.5,-2.456663655));
#1780=VERTEX_POINT('',#1779);
#1781=CARTESIAN_POINT('',(9.784099623,36.5,-2.37374437));
#1782=DIRECTION('',(0.935016243,0.,-0.354604887));
#1783=VECTOR('',#1782,0.233835709);
#1784=LINE('',#1781,#1783);
#1785=EDGE_CURVE('',#1771,#1780,#1784,.T.);
#1786=ORIENTED_EDGE('',*,*,#1785,.T.);
#1787=CARTESIAN_POINT('',(9.116227591,36.5,-4.794204262));
#1788=VERTEX_POINT('',#1787);
#1789=CARTESIAN_POINT('',(-0.,36.5,0.));
#1790=DIRECTION('',(-0.,1.,0.));
#1791=DIRECTION('',(0.354604887,0.,0.935016243));
#1792=AXIS2_PLACEMENT_3D('',#1789,#1790,#1791);
#1793=CIRCLE('',#1792,10.3);
#1794=EDGE_CURVE('',#1780,#1788,#1793,.T.);
#1795=ORIENTED_EDGE('',*,*,#1794,.T.);
#1796=CARTESIAN_POINT('',(8.897587405,36.5,-4.711284976));
#1797=VERTEX_POINT('',#1796);
#1798=CARTESIAN_POINT('',(9.116227591,36.5,-4.794204262));
#1799=DIRECTION('',(-0.935016243,0.,0.354604887));
#1800=VECTOR('',#1799,0.233835709);
#1801=LINE('',#1798,#1800);
#1802=EDGE_CURVE('',#1788,#1797,#1801,.T.);
#1803=ORIENTED_EDGE('',*,*,#1802,.T.);
#1804=CARTESIAN_POINT('',(8.833274165,36.5,-4.624506674));
#1805=VERTEX_POINT('',#1804);
#1806=CARTESIAN_POINT('',(8.933047894,36.5,-4.617783352));
#1807=DIRECTION('',(0.,1.,0.));
#1808=DIRECTION('',(0.935016243,0.,-0.354604887));
#1809=AXIS2_PLACEMENT_3D('',#1806,#1807,#1808);
#1810=CIRCLE('',#1809,0.1);
#1811=EDGE_CURVE('',#1797,#1805,#1810,.T.);
#1812=ORIENTED_EDGE('',*,*,#1811,.T.);
#1813=CARTESIAN_POINT('',(8.511707965,36.5,-4.19061516));
#1814=VERTEX_POINT('',#1813);
#1815=CARTESIAN_POINT('',(8.334405522,36.5,-4.658123281));
#1816=DIRECTION('',(-0.,-1.,-0.));
#1817=DIRECTION('',(0.935016243,0.,-0.354604887));
#1818=AXIS2_PLACEMENT_3D('',#1815,#1816,#1817);
#1819=CIRCLE('',#1818,0.5);
#1820=EDGE_CURVE('',#1805,#1814,#1819,.T.);
#1821=ORIENTED_EDGE('',*,*,#1820,.T.);
#1822=CARTESIAN_POINT('',(8.511707965,36.5,-4.19061516));
#1823=DIRECTION('',(-0.935016243,0.,0.354604887));
#1824=VECTOR('',#1823,4.424637657);
#1825=LINE('',#1822,#1824);
#1826=EDGE_CURVE('',#1814,#880,#1825,.T.);
#1827=ORIENTED_EDGE('',*,*,#1826,.T.);
#1828=ORIENTED_EDGE('',*,*,#886,.T.);
#1829=CARTESIAN_POINT('',(4.002508998,36.5,-3.160683742));
#1830=VERTEX_POINT('',#1829);
#1831=CARTESIAN_POINT('',(0.,36.5,-0.));
#1832=DIRECTION('',(0.,1.,0.));
#1833=DIRECTION('',(-0.568064747,0.,-0.822983866));
#1834=AXIS2_PLACEMENT_3D('',#1831,#1832,#1833);
#1835=CIRCLE('',#1834,5.1);
#1836=EDGE_CURVE('',#872,#1830,#1835,.T.);
#1837=ORIENTED_EDGE('',*,*,#1836,.T.);
#1838=CARTESIAN_POINT('',(6.936586483,36.5,-6.472572585));
#1839=VERTEX_POINT('',#1838);
#1840=CARTESIAN_POINT('',(4.002508998,36.5,-3.160683742));
#1841=DIRECTION('',(0.663122658,0.,-0.748510748));
#1842=VECTOR('',#1841,4.424637657);
#1843=LINE('',#1840,#1842);
#1844=EDGE_CURVE('',#1830,#1839,#1843,.T.);
#1845=ORIENTED_EDGE('',*,*,#1844,.T.);
#1846=CARTESIAN_POINT('',(7.456311042,36.5,-6.619382154));
#1847=VERTEX_POINT('',#1846);
#1848=CARTESIAN_POINT('',(7.310841857,36.5,-6.141011256));
#1849=DIRECTION('',(-0.,-1.,-0.));
#1850=DIRECTION('',(0.663122658,0.,-0.748510748));
#1851=AXIS2_PLACEMENT_3D('',#1848,#1849,#1850);
#1852=CIRCLE('',#1851,0.5);
#1853=EDGE_CURVE('',#1839,#1847,#1852,.T.);
#1854=ORIENTED_EDGE('',*,*,#1853,.T.);
#1855=CARTESIAN_POINT('',(7.560255954,36.5,-6.648744068));
#1856=VERTEX_POINT('',#1855);
#1857=CARTESIAN_POINT('',(7.485404879,36.5,-6.715056334));
#1858=DIRECTION('',(0.,1.,0.));
#1859=DIRECTION('',(0.663122658,0.,-0.748510748));
#1860=AXIS2_PLACEMENT_3D('',#1857,#1858,#1859);
#1861=CIRCLE('',#1860,0.1);
#1862=EDGE_CURVE('',#1847,#1856,#1861,.T.);
#1863=ORIENTED_EDGE('',*,*,#1862,.T.);
#1864=CARTESIAN_POINT('',(7.715317711,36.5,-6.823772609));
#1865=VERTEX_POINT('',#1864);
#1866=CARTESIAN_POINT('',(7.560255954,36.5,-6.648744068));
#1867=DIRECTION('',(0.663122658,0.,-0.748510748));
#1868=VECTOR('',#1867,0.233835709);
#1869=LINE('',#1866,#1868);
#1870=EDGE_CURVE('',#1856,#1865,#1869,.T.);
#1871=ORIENTED_EDGE('',*,*,#1870,.T.);
#1872=CARTESIAN_POINT('',(5.84404084,36.5,-8.481579255));
#1873=VERTEX_POINT('',#1872);
#1874=CARTESIAN_POINT('',(-0.,36.5,0.));
#1875=DIRECTION('',(-0.,1.,0.));
#1876=DIRECTION('',(0.748510748,0.,0.663122658));
#1877=AXIS2_PLACEMENT_3D('',#1874,#1875,#1876);
#1878=CIRCLE('',#1877,10.3);
#1879=EDGE_CURVE('',#1865,#1873,#1878,.T.);
#1880=ORIENTED_EDGE('',*,*,#1879,.T.);
#1881=CARTESIAN_POINT('',(5.688979083,36.5,-8.306550713));
#1882=VERTEX_POINT('',#1881);
#1883=CARTESIAN_POINT('',(5.84404084,36.5,-8.481579255));
#1884=DIRECTION('',(-0.663122658,0.,0.748510748));
#1885=VECTOR('',#1884,0.233835709);
#1886=LINE('',#1883,#1885);
#1887=EDGE_CURVE('',#1873,#1882,#1886,.T.);
#1888=ORIENTED_EDGE('',*,*,#1887,.T.);
#1889=CARTESIAN_POINT('',(5.672360425,36.5,-8.199824489));
#1890=VERTEX_POINT('',#1889);
#1891=CARTESIAN_POINT('',(5.763830158,36.5,-8.240238448));
#1892=DIRECTION('',(0.,1.,0.));
#1893=DIRECTION('',(0.663122658,0.,-0.748510748));
#1894=AXIS2_PLACEMENT_3D('',#1891,#1892,#1893);
#1895=CIRCLE('',#1894,0.1);
#1896=EDGE_CURVE('',#1882,#1890,#1895,.T.);
#1897=ORIENTED_EDGE('',*,*,#1896,.T.);
#1898=CARTESIAN_POINT('',(5.589267136,36.5,-7.66619337));
#1899=VERTEX_POINT('',#1898);
#1900=CARTESIAN_POINT('',(5.215011762,36.5,-7.997754699));
#1901=DIRECTION('',(-0.,-1.,-0.));
#1902=DIRECTION('',(0.663122658,0.,-0.748510748));
#1903=AXIS2_PLACEMENT_3D('',#1900,#1901,#1902);
#1904=CIRCLE('',#1903,0.5);
#1905=EDGE_CURVE('',#1890,#1899,#1904,.T.);
#1906=ORIENTED_EDGE('',*,*,#1905,.T.);
#1907=CARTESIAN_POINT('',(5.589267136,36.5,-7.66619337));
#1908=DIRECTION('',(-0.663122658,0.,0.748510748));
#1909=VECTOR('',#1908,4.424637657);
#1910=LINE('',#1907,#1909);
#1911=EDGE_CURVE('',#1899,#838,#1910,.T.);
#1912=ORIENTED_EDGE('',*,*,#1911,.T.);
#1913=ORIENTED_EDGE('',*,*,#844,.T.);
#1914=CARTESIAN_POINT('',(3.134087836,36.5,-8.95477087));
#1915=VERTEX_POINT('',#1914);
#1916=CARTESIAN_POINT('',(2.075202736,36.5,-4.658705143));
#1917=DIRECTION('',(0.239315664,0.,-0.970941817));
#1918=VECTOR('',#1917,4.424637657);
#1919=LINE('',#1916,#1918);
#1920=EDGE_CURVE('',#828,#1915,#1919,.T.);
#1921=ORIENTED_EDGE('',*,*,#1920,.T.);
#1922=CARTESIAN_POINT('',(3.52605527,36.5,-9.326292333));
#1923=VERTEX_POINT('',#1922);
#1924=CARTESIAN_POINT('',(3.619558745,36.5,-8.835113038));
#1925=DIRECTION('',(-0.,-1.,-0.));
#1926=DIRECTION('',(0.239315664,0.,-0.970941817));
#1927=AXIS2_PLACEMENT_3D('',#1924,#1925,#1926);
#1928=CIRCLE('',#1927,0.5);
#1929=EDGE_CURVE('',#1915,#1923,#1928,.T.);
#1930=ORIENTED_EDGE('',*,*,#1929,.T.);
#1931=CARTESIAN_POINT('',(3.604448756,36.5,-9.400596626));
#1932=VERTEX_POINT('',#1931);
#1933=CARTESIAN_POINT('',(3.507354575,36.5,-9.424528193));
#1934=DIRECTION('',(0.,1.,0.));
#1935=DIRECTION('',(0.239315664,0.,-0.970941817));
#1936=AXIS2_PLACEMENT_3D('',#1933,#1934,#1935);
#1937=CIRCLE('',#1936,0.1);
#1938=EDGE_CURVE('',#1923,#1932,#1937,.T.);
#1939=ORIENTED_EDGE('',*,*,#1938,.T.);
#1940=CARTESIAN_POINT('',(3.660409304,36.5,-9.627637494));
#1941=VERTEX_POINT('',#1940);
#1942=CARTESIAN_POINT('',(3.604448756,36.5,-9.400596626));
#1943=DIRECTION('',(0.239315664,0.,-0.970941817));
#1944=VECTOR('',#1943,0.233835709);
#1945=LINE('',#1942,#1944);
#1946=EDGE_CURVE('',#1932,#1941,#1945,.T.);
#1947=ORIENTED_EDGE('',*,*,#1946,.T.);
#1948=CARTESIAN_POINT('',(1.233054761,36.5,-10.225926655));
#1949=VERTEX_POINT('',#1948);
#1950=CARTESIAN_POINT('',(-0.,36.5,0.));
#1951=DIRECTION('',(-0.,1.,0.));
#1952=DIRECTION('',(0.970941817,0.,0.239315664));
#1953=AXIS2_PLACEMENT_3D('',#1950,#1951,#1952);
#1954=CIRCLE('',#1953,10.3);
#1955=EDGE_CURVE('',#1941,#1949,#1954,.T.);
#1956=ORIENTED_EDGE('',*,*,#1955,.T.);
#1957=CARTESIAN_POINT('',(1.177094213,36.5,-9.998885787));
#1958=VERTEX_POINT('',#1957);
#1959=CARTESIAN_POINT('',(1.233054761,36.5,-10.225926655));
#1960=DIRECTION('',(-0.239315664,0.,0.970941817));
#1961=VECTOR('',#1960,0.233835709);
#1962=LINE('',#1959,#1961);
#1963=EDGE_CURVE('',#1949,#1958,#1962,.T.);
#1964=ORIENTED_EDGE('',*,*,#1963,.T.);
#1965=CARTESIAN_POINT('',(1.211977271,36.5,-9.896661333));
#1966=VERTEX_POINT('',#1965);
#1967=CARTESIAN_POINT('',(1.274188394,36.5,-9.97495422));
#1968=DIRECTION('',(0.,1.,0.));
#1969=DIRECTION('',(0.239315664,0.,-0.970941817));
#1970=AXIS2_PLACEMENT_3D('',#1967,#1968,#1969);
#1971=CIRCLE('',#1970,0.1);
#1972=EDGE_CURVE('',#1958,#1966,#1971,.T.);
#1973=ORIENTED_EDGE('',*,*,#1972,.T.);
#1974=CARTESIAN_POINT('',(1.386392565,36.5,-9.385539066));
#1975=VERTEX_POINT('',#1974);
#1976=CARTESIAN_POINT('',(0.900921656,36.5,-9.505196898));
#1977=DIRECTION('',(-0.,-1.,-0.));
#1978=DIRECTION('',(0.239315664,0.,-0.970941817));
#1979=AXIS2_PLACEMENT_3D('',#1976,#1977,#1978);
#1980=CIRCLE('',#1979,0.5);
#1981=EDGE_CURVE('',#1966,#1975,#1980,.T.);
#1982=ORIENTED_EDGE('',*,*,#1981,.T.);
#1983=CARTESIAN_POINT('',(1.386392565,36.5,-9.385539066));
#1984=DIRECTION('',(-0.239315664,0.,0.970941817));
#1985=VECTOR('',#1984,4.424637657);
#1986=LINE('',#1983,#1985);
#1987=EDGE_CURVE('',#1975,#796,#1986,.T.);
#1988=ORIENTED_EDGE('',*,*,#1987,.T.);
#1989=ORIENTED_EDGE('',*,*,#802,.T.);
#1990=CARTESIAN_POINT('',(-1.386392565,36.5,-9.385539066));
#1991=VERTEX_POINT('',#1990);
#1992=CARTESIAN_POINT('',(-0.327507465,36.5,-5.089473338));
#1993=DIRECTION('',(-0.239315664,0.,-0.970941817));
#1994=VECTOR('',#1993,4.424637657);
#1995=LINE('',#1992,#1994);
#1996=EDGE_CURVE('',#786,#1991,#1995,.T.);
#1997=ORIENTED_EDGE('',*,*,#1996,.T.);
#1998=CARTESIAN_POINT('',(-1.211977271,36.5,-9.896661333));
#1999=VERTEX_POINT('',#1998);
#2000=CARTESIAN_POINT('',(-0.900921656,36.5,-9.505196898));
#2001=DIRECTION('',(-0.,-1.,-0.));
#2002=DIRECTION('',(-0.239315664,0.,-0.970941817));
#2003=AXIS2_PLACEMENT_3D('',#2000,#2001,#2002);
#2004=CIRCLE('',#2003,0.5);
#2005=EDGE_CURVE('',#1991,#1999,#2004,.T.);
#2006=ORIENTED_EDGE('',*,*,#2005,.T.);
#2007=CARTESIAN_POINT('',(-1.177094213,36.5,-9.998885787));
#2008=VERTEX_POINT('',#2007);
#2009=CARTESIAN_POINT('',(-1.274188394,36.5,-9.97495422));
#2010=DIRECTION('',(0.,1.,0.));
#2011=DIRECTION('',(-0.239315664,0.,-0.970941817));
#2012=AXIS2_PLACEMENT_3D('',#2009,#2010,#2011);
#2013=CIRCLE('',#2012,0.1);
#2014=EDGE_CURVE('',#1999,#2008,#2013,.T.);
#2015=ORIENTED_EDGE('',*,*,#2014,.T.);
#2016=CARTESIAN_POINT('',(-1.233054761,36.5,-10.225926655));
#2017=VERTEX_POINT('',#2016);
#2018=CARTESIAN_POINT('',(-1.177094213,36.5,-9.998885787));
#2019=DIRECTION('',(-0.239315664,0.,-0.970941817));
#2020=VECTOR('',#2019,0.233835709);
#2021=LINE('',#2018,#2020);
#2022=EDGE_CURVE('',#2008,#2017,#2021,.T.);
#2023=ORIENTED_EDGE('',*,*,#2022,.T.);
#2024=CARTESIAN_POINT('',(-3.660409304,36.5,-9.627637494));
#2025=VERTEX_POINT('',#2024);
#2026=CARTESIAN_POINT('',(-0.,36.5,0.));
#2027=DIRECTION('',(0.,1.,0.));
#2028=DIRECTION('',(0.970941817,0.,-0.239315664));
#2029=AXIS2_PLACEMENT_3D('',#2026,#2027,#2028);
#2030=CIRCLE('',#2029,10.3);
#2031=EDGE_CURVE('',#2017,#2025,#2030,.T.);
#2032=ORIENTED_EDGE('',*,*,#2031,.T.);
#2033=CARTESIAN_POINT('',(-3.604448756,36.5,-9.400596626));
#2034=VERTEX_POINT('',#2033);
#2035=CARTESIAN_POINT('',(-3.660409304,36.5,-9.627637494));
#2036=DIRECTION('',(0.239315664,0.,0.970941817));
#2037=VECTOR('',#2036,0.233835709);
#2038=LINE('',#2035,#2037);
#2039=EDGE_CURVE('',#2025,#2034,#2038,.T.);
#2040=ORIENTED_EDGE('',*,*,#2039,.T.);
#2041=CARTESIAN_POINT('',(-3.52605527,36.5,-9.326292333));
#2042=VERTEX_POINT('',#2041);
#2043=CARTESIAN_POINT('',(-3.507354575,36.5,-9.424528193));
#2044=DIRECTION('',(0.,1.,0.));
#2045=DIRECTION('',(-0.239315664,0.,-0.970941817));
#2046=AXIS2_PLACEMENT_3D('',#2043,#2044,#2045);
#2047=CIRCLE('',#2046,0.1);
#2048=EDGE_CURVE('',#2034,#2042,#2047,.T.);
#2049=ORIENTED_EDGE('',*,*,#2048,.T.);
#2050=CARTESIAN_POINT('',(-3.134087836,36.5,-8.95477087));
#2051=VERTEX_POINT('',#2050);
#2052=CARTESIAN_POINT('',(-3.619558745,36.5,-8.835113038));
#2053=DIRECTION('',(-0.,-1.,-0.));
#2054=DIRECTION('',(-0.239315664,0.,-0.970941817));
#2055=AXIS2_PLACEMENT_3D('',#2052,#2053,#2054);
#2056=CIRCLE('',#2055,0.5);
#2057=EDGE_CURVE('',#2042,#2051,#2056,.T.);
#2058=ORIENTED_EDGE('',*,*,#2057,.T.);
#2059=CARTESIAN_POINT('',(-3.134087836,36.5,-8.95477087));
#2060=DIRECTION('',(0.239315664,0.,0.970941817));
#2061=VECTOR('',#2060,4.424637657);
#2062=LINE('',#2059,#2061);
#2063=EDGE_CURVE('',#2051,#754,#2062,.T.);
#2064=ORIENTED_EDGE('',*,*,#2063,.T.);
#2065=ORIENTED_EDGE('',*,*,#760,.T.);
#2066=CARTESIAN_POINT('',(-5.589267136,36.5,-7.66619337));
#2067=VERTEX_POINT('',#2066);
#2068=CARTESIAN_POINT('',(-2.655189652,36.5,-4.354304527));
#2069=DIRECTION('',(-0.663122658,0.,-0.748510748));
#2070=VECTOR('',#2069,4.424637657);
#2071=LINE('',#2068,#2070);
#2072=EDGE_CURVE('',#744,#2067,#2071,.T.);
#2073=ORIENTED_EDGE('',*,*,#2072,.T.);
#2074=CARTESIAN_POINT('',(-5.672360425,36.5,-8.199824489));
#2075=VERTEX_POINT('',#2074);
#2076=CARTESIAN_POINT('',(-5.215011762,36.5,-7.997754699));
#2077=DIRECTION('',(-0.,-1.,-0.));
#2078=DIRECTION('',(-0.663122658,0.,-0.748510748));
#2079=AXIS2_PLACEMENT_3D('',#2076,#2077,#2078);
#2080=CIRCLE('',#2079,0.5);
#2081=EDGE_CURVE('',#2067,#2075,#2080,.T.);
#2082=ORIENTED_EDGE('',*,*,#2081,.T.);
#2083=CARTESIAN_POINT('',(-5.688979083,36.5,-8.306550713));
#2084=VERTEX_POINT('',#2083);
#2085=CARTESIAN_POINT('',(-5.763830158,36.5,-8.240238448));
#2086=DIRECTION('',(0.,1.,0.));
#2087=DIRECTION('',(-0.663122658,0.,-0.748510748));
#2088=AXIS2_PLACEMENT_3D('',#2085,#2086,#2087);
#2089=CIRCLE('',#2088,0.1);
#2090=EDGE_CURVE('',#2075,#2084,#2089,.T.);
#2091=ORIENTED_EDGE('',*,*,#2090,.T.);
#2092=CARTESIAN_POINT('',(-5.84404084,36.5,-8.481579255));
#2093=VERTEX_POINT('',#2092);
#2094=CARTESIAN_POINT('',(-5.688979083,36.5,-8.306550713));
#2095=DIRECTION('',(-0.663122658,0.,-0.748510748));
#2096=VECTOR('',#2095,0.233835709);
#2097=LINE('',#2094,#2096);
#2098=EDGE_CURVE('',#2084,#2093,#2097,.T.);
#2099=ORIENTED_EDGE('',*,*,#2098,.T.);
#2100=CARTESIAN_POINT('',(-7.715317711,36.5,-6.823772609));
#2101=VERTEX_POINT('',#2100);
#2102=CARTESIAN_POINT('',(0.,36.5,0.));
#2103=DIRECTION('',(0.,1.,0.));
#2104=DIRECTION('',(0.748510748,0.,-0.663122658));
#2105=AXIS2_PLACEMENT_3D('',#2102,#2103,#2104);
#2106=CIRCLE('',#2105,10.3);
#2107=EDGE_CURVE('',#2093,#2101,#2106,.T.);
#2108=ORIENTED_EDGE('',*,*,#2107,.T.);
#2109=CARTESIAN_POINT('',(-7.560255954,36.5,-6.648744068));
#2110=VERTEX_POINT('',#2109);
#2111=CARTESIAN_POINT('',(-7.715317711,36.5,-6.823772609));
#2112=DIRECTION('',(0.663122658,0.,0.748510748));
#2113=VECTOR('',#2112,0.233835709);
#2114=LINE('',#2111,#2113);
#2115=EDGE_CURVE('',#2101,#2110,#2114,.T.);
#2116=ORIENTED_EDGE('',*,*,#2115,.T.);
#2117=CARTESIAN_POINT('',(-7.456311042,36.5,-6.619382154));
#2118=VERTEX_POINT('',#2117);
#2119=CARTESIAN_POINT('',(-7.485404879,36.5,-6.715056334));
#2120=DIRECTION('',(0.,1.,0.));
#2121=DIRECTION('',(-0.663122658,0.,-0.748510748));
#2122=AXIS2_PLACEMENT_3D('',#2119,#2120,#2121);
#2123=CIRCLE('',#2122,0.1);
#2124=EDGE_CURVE('',#2110,#2118,#2123,.T.);
#2125=ORIENTED_EDGE('',*,*,#2124,.T.);
#2126=CARTESIAN_POINT('',(-6.936586483,36.5,-6.472572585));
#2127=VERTEX_POINT('',#2126);
#2128=CARTESIAN_POINT('',(-7.310841857,36.5,-6.141011256));
#2129=DIRECTION('',(-0.,-1.,-0.));
#2130=DIRECTION('',(-0.663122658,0.,-0.748510748));
#2131=AXIS2_PLACEMENT_3D('',#2128,#2129,#2130);
#2132=CIRCLE('',#2131,0.5);
#2133=EDGE_CURVE('',#2118,#2127,#2132,.T.);
#2134=ORIENTED_EDGE('',*,*,#2133,.T.);
#2135=CARTESIAN_POINT('',(-6.936586483,36.5,-6.472572585));
#2136=DIRECTION('',(0.663122658,0.,0.748510748));
#2137=VECTOR('',#2136,4.424637657);
#2138=LINE('',#2135,#2137);
#2139=EDGE_CURVE('',#2127,#712,#2138,.T.);
#2140=ORIENTED_EDGE('',*,*,#2139,.T.);
#2141=ORIENTED_EDGE('',*,*,#718,.T.);
#2142=CARTESIAN_POINT('',(-8.511707965,36.5,-4.19061516));
#2143=VERTEX_POINT('',#2142);
#2144=CARTESIAN_POINT('',(-4.374599888,36.5,-2.621617024));
#2145=DIRECTION('',(-0.935016243,0.,-0.354604887));
#2146=VECTOR('',#2145,4.424637657);
#2147=LINE('',#2144,#2146);
#2148=EDGE_CURVE('',#702,#2143,#2147,.T.);
#2149=ORIENTED_EDGE('',*,*,#2148,.T.);
#2150=CARTESIAN_POINT('',(-8.833274165,36.5,-4.624506674));
#2151=VERTEX_POINT('',#2150);
#2152=CARTESIAN_POINT('',(-8.334405522,36.5,-4.658123281));
#2153=DIRECTION('',(-0.,-1.,-0.));
#2154=DIRECTION('',(-0.935016243,0.,-0.354604887));
#2155=AXIS2_PLACEMENT_3D('',#2152,#2153,#2154);
#2156=CIRCLE('',#2155,0.5);
#2157=EDGE_CURVE('',#2143,#2151,#2156,.T.);
#2158=ORIENTED_EDGE('',*,*,#2157,.T.);
#2159=CARTESIAN_POINT('',(-8.897587405,36.5,-4.711284976));
#2160=VERTEX_POINT('',#2159);
#2161=CARTESIAN_POINT('',(-8.933047894,36.5,-4.617783352));
#2162=DIRECTION('',(0.,1.,0.));
#2163=DIRECTION('',(-0.935016243,0.,-0.354604887));
#2164=AXIS2_PLACEMENT_3D('',#2161,#2162,#2163);
#2165=CIRCLE('',#2164,0.1);
#2166=EDGE_CURVE('',#2151,#2160,#2165,.T.);
#2167=ORIENTED_EDGE('',*,*,#2166,.T.);
#2168=CARTESIAN_POINT('',(-9.116227591,36.5,-4.794204262));
#2169=VERTEX_POINT('',#2168);
#2170=CARTESIAN_POINT('',(-8.897587405,36.5,-4.711284976));
#2171=DIRECTION('',(-0.935016243,0.,-0.354604887));
#2172=VECTOR('',#2171,0.233835709);
#2173=LINE('',#2170,#2172);
#2174=EDGE_CURVE('',#2160,#2169,#2173,.T.);
#2175=ORIENTED_EDGE('',*,*,#2174,.T.);
#2176=CARTESIAN_POINT('',(-10.002739809,36.5,-2.456663655));
#2177=VERTEX_POINT('',#2176);
#2178=CARTESIAN_POINT('',(0.,36.5,0.));
#2179=DIRECTION('',(0.,1.,0.));
#2180=DIRECTION('',(0.354604887,0.,-0.935016243));
#2181=AXIS2_PLACEMENT_3D('',#2178,#2179,#2180);
#2182=CIRCLE('',#2181,10.3);
#2183=EDGE_CURVE('',#2169,#2177,#2182,.T.);
#2184=ORIENTED_EDGE('',*,*,#2183,.T.);
#2185=CARTESIAN_POINT('',(-9.784099623,36.5,-2.37374437));
#2186=VERTEX_POINT('',#2185);
#2187=CARTESIAN_POINT('',(-10.002739809,36.5,-2.456663655));
#2188=DIRECTION('',(0.935016243,0.,0.354604887));
#2189=VECTOR('',#2188,0.233835709);
#2190=LINE('',#2187,#2189);
#2191=EDGE_CURVE('',#2177,#2186,#2190,.T.);
#2192=ORIENTED_EDGE('',*,*,#2191,.T.);
#2193=CARTESIAN_POINT('',(-9.678415813,36.5,-2.396051295));
#2194=VERTEX_POINT('',#2193);
#2195=CARTESIAN_POINT('',(-9.748639134,36.5,-2.467245994));
#2196=DIRECTION('',(0.,1.,0.));
#2197=DIRECTION('',(-0.935016243,0.,-0.354604887));
#2198=AXIS2_PLACEMENT_3D('',#2195,#2196,#2197);
#2199=CIRCLE('',#2198,0.1);
#2200=EDGE_CURVE('',#2186,#2194,#2199,.T.);
#2201=ORIENTED_EDGE('',*,*,#2200,.T.);
#2202=CARTESIAN_POINT('',(-9.149996762,36.5,-2.507585923));
#2203=VERTEX_POINT('',#2202);
#2204=CARTESIAN_POINT('',(-9.327299205,36.5,-2.040077802));
#2205=DIRECTION('',(-0.,-1.,-0.));
#2206=DIRECTION('',(-0.935016243,0.,-0.354604887));
#2207=AXIS2_PLACEMENT_3D('',#2204,#2205,#2206);
#2208=CIRCLE('',#2207,0.5);
#2209=EDGE_CURVE('',#2194,#2203,#2208,.T.);
#2210=ORIENTED_EDGE('',*,*,#2209,.T.);
#2211=CARTESIAN_POINT('',(-9.149996762,36.5,-2.507585923));
#2212=DIRECTION('',(0.935016243,0.,0.354604887));
#2213=VECTOR('',#2212,4.424637657);
#2214=LINE('',#2211,#2213);
#2215=EDGE_CURVE('',#2203,#670,#2214,.T.);
#2216=ORIENTED_EDGE('',*,*,#2215,.T.);
#2217=ORIENTED_EDGE('',*,*,#676,.T.);
#2218=CARTESIAN_POINT('',(-9.484219076,36.5,0.24498248));
#2219=VERTEX_POINT('',#2218);
#2220=CARTESIAN_POINT('',(-5.09184201,36.5,-0.288348654));
#2221=DIRECTION('',(-0.992708874,0.,0.12053668));
#2222=VECTOR('',#2221,4.424637657);
#2223=LINE('',#2220,#2222);
#2224=EDGE_CURVE('',#660,#2219,#2223,.T.);
#2225=ORIENTED_EDGE('',*,*,#2224,.T.);
#2226=CARTESIAN_POINT('',(-9.970591246,36.5,0.01022989));
#2227=VERTEX_POINT('',#2226);
#2228=CARTESIAN_POINT('',(-9.544487416,36.5,-0.251371957));
#2229=DIRECTION('',(-0.,-1.,-0.));
#2230=DIRECTION('',(-0.992708874,0.,0.12053668));
#2231=AXIS2_PLACEMENT_3D('',#2228,#2229,#2230);
#2232=CIRCLE('',#2231,0.5);
#2233=EDGE_CURVE('',#2219,#2227,#2232,.T.);
#2234=ORIENTED_EDGE('',*,*,#2233,.T.);
#2235=CARTESIAN_POINT('',(-10.06786568,36.5,-0.036720628));
#2236=VERTEX_POINT('',#2235);
#2237=CARTESIAN_POINT('',(-10.055812012,36.5,0.062550259));
#2238=DIRECTION('',(0.,1.,0.));
#2239=DIRECTION('',(-0.992708874,0.,0.12053668));
#2240=AXIS2_PLACEMENT_3D('',#2237,#2238,#2239);
#2241=CIRCLE('',#2240,0.1);
#2242=EDGE_CURVE('',#2227,#2236,#2241,.T.);
#2243=ORIENTED_EDGE('',*,*,#2242,.T.);
#2244=CARTESIAN_POINT('',(-10.299996464,36.5,-0.008534848));
#2245=VERTEX_POINT('',#2244);
#2246=CARTESIAN_POINT('',(-10.06786568,36.5,-0.036720628));
#2247=DIRECTION('',(-0.992708874,0.,0.12053668));
#2248=VECTOR('',#2247,0.233835709);
#2249=LINE('',#2246,#2248);
#2250=EDGE_CURVE('',#2236,#2245,#2249,.T.);
#2251=ORIENTED_EDGE('',*,*,#2250,.T.);
#2252=CARTESIAN_POINT('',(-9.998654763,36.5,2.473237337));
#2253=VERTEX_POINT('',#2252);
#2254=CARTESIAN_POINT('',(0.,36.5,0.));
#2255=DIRECTION('',(0.,1.,0.));
#2256=DIRECTION('',(-0.12053668,0.,-0.992708874));
#2257=AXIS2_PLACEMENT_3D('',#2254,#2255,#2256);
#2258=CIRCLE('',#2257,10.3);
#2259=EDGE_CURVE('',#2245,#2253,#2258,.T.);
#2260=ORIENTED_EDGE('',*,*,#2259,.T.);
#2261=CARTESIAN_POINT('',(-9.76652398,36.5,2.445051557));
#2262=VERTEX_POINT('',#2261);
#2263=CARTESIAN_POINT('',(-9.998654763,36.5,2.473237337));
#2264=DIRECTION('',(0.992708874,0.,-0.12053668));
#2265=VECTOR('',#2264,0.233835709);
#2266=LINE('',#2263,#2265);
#2267=EDGE_CURVE('',#2253,#2262,#2266,.T.);
#2268=ORIENTED_EDGE('',*,*,#2267,.T.);
#2269=CARTESIAN_POINT('',(-9.683312158,36.5,2.37618604));
#2270=VERTEX_POINT('',#2269);
#2271=CARTESIAN_POINT('',(-9.778577648,36.5,2.345780669));
#2272=DIRECTION('',(0.,1.,0.));
#2273=DIRECTION('',(-0.992708874,0.,0.12053668));
#2274=AXIS2_PLACEMENT_3D('',#2271,#2272,#2273);
#2275=CIRCLE('',#2274,0.1);
#2276=EDGE_CURVE('',#2262,#2270,#2275,.T.);
#2277=ORIENTED_EDGE('',*,*,#2276,.T.);
#2278=CARTESIAN_POINT('',(-9.267253052,36.5,2.031858454));
#2279=VERTEX_POINT('',#2278);
#2280=CARTESIAN_POINT('',(-9.206984712,36.5,2.528212891));
#2281=DIRECTION('',(-0.,-1.,-0.));
#2282=DIRECTION('',(-0.992708874,0.,0.12053668));
#2283=AXIS2_PLACEMENT_3D('',#2280,#2281,#2282);
#2284=CIRCLE('',#2283,0.5);
#2285=EDGE_CURVE('',#2270,#2279,#2284,.T.);
#2286=ORIENTED_EDGE('',*,*,#2285,.T.);
#2287=CARTESIAN_POINT('',(-9.267253052,36.5,2.031858454));
#2288=DIRECTION('',(0.992708874,0.,-0.12053668));
#2289=VECTOR('',#2288,4.424637657);
#2290=LINE('',#2287,#2289);
#2291=EDGE_CURVE('',#2279,#1235,#2290,.T.);
#2292=ORIENTED_EDGE('',*,*,#2291,.T.);
#2293=ORIENTED_EDGE('',*,*,#1243,.T.);
#2294=ORIENTED_EDGE('',*,*,#1296,.T.);
#2295=CARTESIAN_POINT('',(-8.823766032,36.5,4.642622909));
#2296=VERTEX_POINT('',#2295);
#2297=CARTESIAN_POINT('',(-8.568042268,36.5,4.212965654));
#2298=DIRECTION('',(-0.,-1.,-0.));
#2299=DIRECTION('',(-0.822983866,0.,0.568064747));
#2300=AXIS2_PLACEMENT_3D('',#2297,#2298,#2299);
#2301=CIRCLE('',#2300,0.5);
#2302=EDGE_CURVE('',#1285,#2296,#2301,.T.);
#2303=ORIENTED_EDGE('',*,*,#2302,.T.);
#2304=CARTESIAN_POINT('',(-8.874910784,36.5,4.72855436));
#2305=DIRECTION('',(0.,1.,0.));
#2306=DIRECTION('',(-0.822983866,0.,0.568064747));
#2307=AXIS2_PLACEMENT_3D('',#2304,#2305,#2306);
#2308=CIRCLE('',#2307,0.1);
#2309=EDGE_CURVE('',#2296,#1308,#2308,.T.);
#2310=ORIENTED_EDGE('',*,*,#2309,.T.);
#2311=ORIENTED_EDGE('',*,*,#1315,.T.);
#2312=ORIENTED_EDGE('',*,*,#1360,.T.);
#2313=ORIENTED_EDGE('',*,*,#1187,.T.);
#2314=CARTESIAN_POINT('',(-7.469878385,36.5,6.604067789));
#2315=VERTEX_POINT('',#2314);
#2316=CARTESIAN_POINT('',(-7.568361867,36.5,6.621417251));
#2317=DIRECTION('',(0.,1.,0.));
#2318=DIRECTION('',(-0.822983866,0.,0.568064747));
#2319=AXIS2_PLACEMENT_3D('',#2316,#2317,#2318);
#2320=CIRCLE('',#2319,0.1);
#2321=EDGE_CURVE('',#1174,#2315,#2320,.T.);
#2322=ORIENTED_EDGE('',*,*,#2321,.T.);
#2323=CARTESIAN_POINT('',(-6.977460977,36.5,6.517320478));
#2324=DIRECTION('',(-0.,-1.,-0.));
#2325=DIRECTION('',(-0.822983866,0.,0.568064747));
#2326=AXIS2_PLACEMENT_3D('',#2323,#2324,#2325);
#2327=CIRCLE('',#2326,0.5);
#2328=EDGE_CURVE('',#2315,#1204,#2327,.T.);
#2329=ORIENTED_EDGE('',*,*,#2328,.T.);
#2330=EDGE_LOOP('',(#1371,#1372,#1380,#1389,#1398,#1406,#1415,#1423,#1432,#1441,#1447,#1448,#1456,#1465,#1474,#1482,#1491,#1499,#1508,#1517,#1523,#1524,#1532,#1541,#1550,#1558,
#1567,#1575,#1584,#1593,#1599,#1600,#1608,#1617,#1626,#1634,#1643,#1651,#1660,#1669,#1675,#1676,#1684,#1693,#1702,#1710,#1719,#1727,#1736,#1745,#1751,
#1752,#1760,#1769,#1778,#1786,#1795,#1803,#1812,#1821,#1827,#1828,#1837,#1845,#1854,#1863,#1871,#1880,#1888,#1897,#1906,#1912,#1913,#1921,#1930,#1939,
#1947,#1956,#1964,#1973,#1982,#1988,#1989,#1997,#2006,#2015,#2023,#2032,#2040,#2049,#2058,#2064,#2065,#2073,#2082,#2091,#2099,#2108,#2116,#2125,#2134,
#2140,#2141,#2149,#2158,#2167,#2175,#2184,#2192,#2201,#2210,#2216,#2217,#2225,#2234,#2243,#2251,#2260,#2268,#2277,#2286,#2292,#2293,#2294,#2303,#2310,
#2311,#2312,#2313,#2322,#2329));
#2331=FACE_BOUND('',#2330,.T.);
#2332=ADVANCED_FACE('',(#2331),#1370,.T.);
#2333=CARTESIAN_POINT('',(0.,1.5,0.));
#2334=DIRECTION('',(0.,1.,0.));
#2335=DIRECTION('',(-0.568064747,0.,-0.822983866));
#2336=AXIS2_PLACEMENT_3D('',#2333,#2334,#2335);
#2337=PLANE('',#2336);
#2338=ORIENTED_EDGE('',*,*,#1282,.F.);
#2339=ORIENTED_EDGE('',*,*,#1260,.F.);
#2340=CARTESIAN_POINT('',(-9.267253052,1.5,2.031858454));
#2341=VERTEX_POINT('',#2340);
#2342=CARTESIAN_POINT('',(-9.267253052,1.5,2.031858454));
#2343=DIRECTION('',(0.992708874,0.,-0.12053668));
#2344=VECTOR('',#2343,4.424637657);
#2345=LINE('',#2342,#2344);
#2346=EDGE_CURVE('',#2341,#1246,#2345,.T.);
#2347=ORIENTED_EDGE('',*,*,#2346,.F.);
#2348=CARTESIAN_POINT('',(-9.683312158,1.5,2.37618604));
#2349=VERTEX_POINT('',#2348);
#2350=CARTESIAN_POINT('',(-9.206984712,1.5,2.528212891));
#2351=DIRECTION('',(0.,1.,0.));
#2352=DIRECTION('',(-0.992708874,0.,0.12053668));
#2353=AXIS2_PLACEMENT_3D('',#2350,#2351,#2352);
#2354=CIRCLE('',#2353,0.5);
#2355=EDGE_CURVE('',#2341,#2349,#2354,.T.);
#2356=ORIENTED_EDGE('',*,*,#2355,.T.);
#2357=CARTESIAN_POINT('',(-9.76652398,1.5,2.445051557));
#2358=VERTEX_POINT('',#2357);
#2359=CARTESIAN_POINT('',(-9.778577648,1.5,2.345780669));
#2360=DIRECTION('',(-0.,-1.,-0.));
#2361=DIRECTION('',(-0.992708874,0.,0.12053668));
#2362=AXIS2_PLACEMENT_3D('',#2359,#2360,#2361);
#2363=CIRCLE('',#2362,0.1);
#2364=EDGE_CURVE('',#2349,#2358,#2363,.T.);
#2365=ORIENTED_EDGE('',*,*,#2364,.T.);
#2366=CARTESIAN_POINT('',(-9.998654763,1.5,2.473237337));
#2367=VERTEX_POINT('',#2366);
#2368=CARTESIAN_POINT('',(-9.998654763,1.5,2.473237337));
#2369=DIRECTION('',(0.992708874,0.,-0.12053668));
#2370=VECTOR('',#2369,0.233835709);
#2371=LINE('',#2368,#2370);
#2372=EDGE_CURVE('',#2367,#2358,#2371,.T.);
#2373=ORIENTED_EDGE('',*,*,#2372,.F.);
#2374=CARTESIAN_POINT('',(-10.299996464,1.5,-0.008534848));
#2375=VERTEX_POINT('',#2374);
#2376=CARTESIAN_POINT('',(0.,1.5,0.));
#2377=DIRECTION('',(0.,1.,0.));
#2378=DIRECTION('',(-0.12053668,0.,-0.992708874));
#2379=AXIS2_PLACEMENT_3D('',#2376,#2377,#2378);
#2380=CIRCLE('',#2379,10.3);
#2381=EDGE_CURVE('',#2375,#2367,#2380,.T.);
#2382=ORIENTED_EDGE('',*,*,#2381,.F.);
#2383=CARTESIAN_POINT('',(-10.06786568,1.5,-0.036720628));
#2384=VERTEX_POINT('',#2383);
#2385=CARTESIAN_POINT('',(-10.06786568,1.5,-0.036720628));
#2386=DIRECTION('',(-0.992708874,0.,0.12053668));
#2387=VECTOR('',#2386,0.233835709);
#2388=LINE('',#2385,#2387);
#2389=EDGE_CURVE('',#2384,#2375,#2388,.T.);
#2390=ORIENTED_EDGE('',*,*,#2389,.F.);
#2391=CARTESIAN_POINT('',(-9.970591246,1.5,0.01022989));
#2392=VERTEX_POINT('',#2391);
#2393=CARTESIAN_POINT('',(-10.055812012,1.5,0.062550259));
#2394=DIRECTION('',(-0.,-1.,-0.));
#2395=DIRECTION('',(-0.992708874,0.,0.12053668));
#2396=AXIS2_PLACEMENT_3D('',#2393,#2394,#2395);
#2397=CIRCLE('',#2396,0.1);
#2398=EDGE_CURVE('',#2384,#2392,#2397,.T.);
#2399=ORIENTED_EDGE('',*,*,#2398,.T.);
#2400=CARTESIAN_POINT('',(-9.484219076,1.5,0.24498248));
#2401=VERTEX_POINT('',#2400);
#2402=CARTESIAN_POINT('',(-9.544487416,1.5,-0.251371957));
#2403=DIRECTION('',(0.,1.,0.));
#2404=DIRECTION('',(-0.992708874,0.,0.12053668));
#2405=AXIS2_PLACEMENT_3D('',#2402,#2403,#2404);
#2406=CIRCLE('',#2405,0.5);
#2407=EDGE_CURVE('',#2392,#2401,#2406,.T.);
#2408=ORIENTED_EDGE('',*,*,#2407,.T.);
#2409=CARTESIAN_POINT('',(-5.09184201,1.5,-0.288348654));
#2410=DIRECTION('',(-0.992708874,0.,0.12053668));
#2411=VECTOR('',#2410,4.424637657);
#2412=LINE('',#2409,#2411);
#2413=EDGE_CURVE('',#662,#2401,#2412,.T.);
#2414=ORIENTED_EDGE('',*,*,#2413,.F.);
#2415=ORIENTED_EDGE('',*,*,#691,.F.);
#2416=CARTESIAN_POINT('',(-9.149996762,1.5,-2.507585923));
#2417=VERTEX_POINT('',#2416);
#2418=CARTESIAN_POINT('',(-9.149996762,1.5,-2.507585923));
#2419=DIRECTION('',(0.935016243,0.,0.354604887));
#2420=VECTOR('',#2419,4.424637657);
#2421=LINE('',#2418,#2420);
#2422=EDGE_CURVE('',#2417,#679,#2421,.T.);
#2423=ORIENTED_EDGE('',*,*,#2422,.F.);
#2424=CARTESIAN_POINT('',(-9.678415813,1.5,-2.396051295));
#2425=VERTEX_POINT('',#2424);
#2426=CARTESIAN_POINT('',(-9.327299205,1.5,-2.040077802));
#2427=DIRECTION('',(0.,1.,0.));
#2428=DIRECTION('',(-0.935016243,0.,-0.354604887));
#2429=AXIS2_PLACEMENT_3D('',#2426,#2427,#2428);
#2430=CIRCLE('',#2429,0.5);
#2431=EDGE_CURVE('',#2417,#2425,#2430,.T.);
#2432=ORIENTED_EDGE('',*,*,#2431,.T.);
#2433=CARTESIAN_POINT('',(-9.784099623,1.5,-2.37374437));
#2434=VERTEX_POINT('',#2433);
#2435=CARTESIAN_POINT('',(-9.748639134,1.5,-2.467245994));
#2436=DIRECTION('',(-0.,-1.,-0.));
#2437=DIRECTION('',(-0.935016243,0.,-0.354604887));
#2438=AXIS2_PLACEMENT_3D('',#2435,#2436,#2437);
#2439=CIRCLE('',#2438,0.1);
#2440=EDGE_CURVE('',#2425,#2434,#2439,.T.);
#2441=ORIENTED_EDGE('',*,*,#2440,.T.);
#2442=CARTESIAN_POINT('',(-10.002739809,1.5,-2.456663655));
#2443=VERTEX_POINT('',#2442);
#2444=CARTESIAN_POINT('',(-10.002739809,1.5,-2.456663655));
#2445=DIRECTION('',(0.935016243,0.,0.354604887));
#2446=VECTOR('',#2445,0.233835709);
#2447=LINE('',#2444,#2446);
#2448=EDGE_CURVE('',#2443,#2434,#2447,.T.);
#2449=ORIENTED_EDGE('',*,*,#2448,.F.);
#2450=CARTESIAN_POINT('',(-9.116227591,1.5,-4.794204262));
#2451=VERTEX_POINT('',#2450);
#2452=CARTESIAN_POINT('',(0.,1.5,0.));
#2453=DIRECTION('',(0.,1.,0.));
#2454=DIRECTION('',(0.354604887,0.,-0.935016243));
#2455=AXIS2_PLACEMENT_3D('',#2452,#2453,#2454);
#2456=CIRCLE('',#2455,10.3);
#2457=EDGE_CURVE('',#2451,#2443,#2456,.T.);
#2458=ORIENTED_EDGE('',*,*,#2457,.F.);
#2459=CARTESIAN_POINT('',(-8.897587405,1.5,-4.711284976));
#2460=VERTEX_POINT('',#2459);
#2461=CARTESIAN_POINT('',(-8.897587405,1.5,-4.711284976));
#2462=DIRECTION('',(-0.935016243,0.,-0.354604887));
#2463=VECTOR('',#2462,0.233835709);
#2464=LINE('',#2461,#2463);
#2465=EDGE_CURVE('',#2460,#2451,#2464,.T.);
#2466=ORIENTED_EDGE('',*,*,#2465,.F.);
#2467=CARTESIAN_POINT('',(-8.833274165,1.5,-4.624506674));
#2468=VERTEX_POINT('',#2467);
#2469=CARTESIAN_POINT('',(-8.933047894,1.5,-4.617783352));
#2470=DIRECTION('',(-0.,-1.,-0.));
#2471=DIRECTION('',(-0.935016243,0.,-0.354604887));
#2472=AXIS2_PLACEMENT_3D('',#2469,#2470,#2471);
#2473=CIRCLE('',#2472,0.1);
#2474=EDGE_CURVE('',#2460,#2468,#2473,.T.);
#2475=ORIENTED_EDGE('',*,*,#2474,.T.);
#2476=CARTESIAN_POINT('',(-8.511707965,1.5,-4.19061516));
#2477=VERTEX_POINT('',#2476);
#2478=CARTESIAN_POINT('',(-8.334405522,1.5,-4.658123281));
#2479=DIRECTION('',(0.,1.,0.));
#2480=DIRECTION('',(-0.935016243,0.,-0.354604887));
#2481=AXIS2_PLACEMENT_3D('',#2478,#2479,#2480);
#2482=CIRCLE('',#2481,0.5);
#2483=EDGE_CURVE('',#2468,#2477,#2482,.T.);
#2484=ORIENTED_EDGE('',*,*,#2483,.T.);
#2485=CARTESIAN_POINT('',(-4.374599888,1.5,-2.621617024));
#2486=DIRECTION('',(-0.935016243,0.,-0.354604887));
#2487=VECTOR('',#2486,4.424637657);
#2488=LINE('',#2485,#2487);
#2489=EDGE_CURVE('',#704,#2477,#2488,.T.);
#2490=ORIENTED_EDGE('',*,*,#2489,.F.);
#2491=ORIENTED_EDGE('',*,*,#733,.F.);
#2492=CARTESIAN_POINT('',(-6.936586483,1.5,-6.472572585));
#2493=VERTEX_POINT('',#2492);
#2494=CARTESIAN_POINT('',(-6.936586483,1.5,-6.472572585));
#2495=DIRECTION('',(0.663122658,0.,0.748510748));
#2496=VECTOR('',#2495,4.424637657);
#2497=LINE('',#2494,#2496);
#2498=EDGE_CURVE('',#2493,#721,#2497,.T.);
#2499=ORIENTED_EDGE('',*,*,#2498,.F.);
#2500=CARTESIAN_POINT('',(-7.456311042,1.5,-6.619382154));
#2501=VERTEX_POINT('',#2500);
#2502=CARTESIAN_POINT('',(-7.310841857,1.5,-6.141011256));
#2503=DIRECTION('',(0.,1.,0.));
#2504=DIRECTION('',(-0.663122658,0.,-0.748510748));
#2505=AXIS2_PLACEMENT_3D('',#2502,#2503,#2504);
#2506=CIRCLE('',#2505,0.5);
#2507=EDGE_CURVE('',#2493,#2501,#2506,.T.);
#2508=ORIENTED_EDGE('',*,*,#2507,.T.);
#2509=CARTESIAN_POINT('',(-7.560255954,1.5,-6.648744068));
#2510=VERTEX_POINT('',#2509);
#2511=CARTESIAN_POINT('',(-7.485404879,1.5,-6.715056334));
#2512=DIRECTION('',(-0.,-1.,-0.));
#2513=DIRECTION('',(-0.663122658,0.,-0.748510748));
#2514=AXIS2_PLACEMENT_3D('',#2511,#2512,#2513);
#2515=CIRCLE('',#2514,0.1);
#2516=EDGE_CURVE('',#2501,#2510,#2515,.T.);
#2517=ORIENTED_EDGE('',*,*,#2516,.T.);
#2518=CARTESIAN_POINT('',(-7.715317711,1.5,-6.823772609));
#2519=VERTEX_POINT('',#2518);
#2520=CARTESIAN_POINT('',(-7.715317711,1.5,-6.823772609));
#2521=DIRECTION('',(0.663122658,0.,0.748510748));
#2522=VECTOR('',#2521,0.233835709);
#2523=LINE('',#2520,#2522);
#2524=EDGE_CURVE('',#2519,#2510,#2523,.T.);
#2525=ORIENTED_EDGE('',*,*,#2524,.F.);
#2526=CARTESIAN_POINT('',(-5.84404084,1.5,-8.481579255));
#2527=VERTEX_POINT('',#2526);
#2528=CARTESIAN_POINT('',(0.,1.5,0.));
#2529=DIRECTION('',(0.,1.,0.));
#2530=DIRECTION('',(0.748510748,0.,-0.663122658));
#2531=AXIS2_PLACEMENT_3D('',#2528,#2529,#2530);
#2532=CIRCLE('',#2531,10.3);
#2533=EDGE_CURVE('',#2527,#2519,#2532,.T.);
#2534=ORIENTED_EDGE('',*,*,#2533,.F.);
#2535=CARTESIAN_POINT('',(-5.688979083,1.5,-8.306550713));
#2536=VERTEX_POINT('',#2535);
#2537=CARTESIAN_POINT('',(-5.688979083,1.5,-8.306550713));
#2538=DIRECTION('',(-0.663122658,0.,-0.748510748));
#2539=VECTOR('',#2538,0.233835709);
#2540=LINE('',#2537,#2539);
#2541=EDGE_CURVE('',#2536,#2527,#2540,.T.);
#2542=ORIENTED_EDGE('',*,*,#2541,.F.);
#2543=CARTESIAN_POINT('',(-5.672360425,1.5,-8.199824489));
#2544=VERTEX_POINT('',#2543);
#2545=CARTESIAN_POINT('',(-5.763830158,1.5,-8.240238448));
#2546=DIRECTION('',(-0.,-1.,-0.));
#2547=DIRECTION('',(-0.663122658,0.,-0.748510748));
#2548=AXIS2_PLACEMENT_3D('',#2545,#2546,#2547);
#2549=CIRCLE('',#2548,0.1);
#2550=EDGE_CURVE('',#2536,#2544,#2549,.T.);
#2551=ORIENTED_EDGE('',*,*,#2550,.T.);
#2552=CARTESIAN_POINT('',(-5.589267136,1.5,-7.66619337));
#2553=VERTEX_POINT('',#2552);
#2554=CARTESIAN_POINT('',(-5.215011762,1.5,-7.997754699));
#2555=DIRECTION('',(0.,1.,0.));
#2556=DIRECTION('',(-0.663122658,0.,-0.748510748));
#2557=AXIS2_PLACEMENT_3D('',#2554,#2555,#2556);
#2558=CIRCLE('',#2557,0.5);
#2559=EDGE_CURVE('',#2544,#2553,#2558,.T.);
#2560=ORIENTED_EDGE('',*,*,#2559,.T.);
#2561=CARTESIAN_POINT('',(-2.655189652,1.5,-4.354304527));
#2562=DIRECTION('',(-0.663122658,0.,-0.748510748));
#2563=VECTOR('',#2562,4.424637657);
#2564=LINE('',#2561,#2563);
#2565=EDGE_CURVE('',#746,#2553,#2564,.T.);
#2566=ORIENTED_EDGE('',*,*,#2565,.F.);
#2567=ORIENTED_EDGE('',*,*,#775,.F.);
#2568=CARTESIAN_POINT('',(-3.134087836,1.5,-8.95477087));
#2569=VERTEX_POINT('',#2568);
#2570=CARTESIAN_POINT('',(-3.134087836,1.5,-8.95477087));
#2571=DIRECTION('',(0.239315664,0.,0.970941817));
#2572=VECTOR('',#2571,4.424637657);
#2573=LINE('',#2570,#2572);
#2574=EDGE_CURVE('',#2569,#763,#2573,.T.);
#2575=ORIENTED_EDGE('',*,*,#2574,.F.);
#2576=CARTESIAN_POINT('',(-3.52605527,1.5,-9.326292333));
#2577=VERTEX_POINT('',#2576);
#2578=CARTESIAN_POINT('',(-3.619558745,1.5,-8.835113038));
#2579=DIRECTION('',(0.,1.,0.));
#2580=DIRECTION('',(-0.239315664,0.,-0.970941817));
#2581=AXIS2_PLACEMENT_3D('',#2578,#2579,#2580);
#2582=CIRCLE('',#2581,0.5);
#2583=EDGE_CURVE('',#2569,#2577,#2582,.T.);
#2584=ORIENTED_EDGE('',*,*,#2583,.T.);
#2585=CARTESIAN_POINT('',(-3.604448756,1.5,-9.400596626));
#2586=VERTEX_POINT('',#2585);
#2587=CARTESIAN_POINT('',(-3.507354575,1.5,-9.424528193));
#2588=DIRECTION('',(-0.,-1.,-0.));
#2589=DIRECTION('',(-0.239315664,0.,-0.970941817));
#2590=AXIS2_PLACEMENT_3D('',#2587,#2588,#2589);
#2591=CIRCLE('',#2590,0.1);
#2592=EDGE_CURVE('',#2577,#2586,#2591,.T.);
#2593=ORIENTED_EDGE('',*,*,#2592,.T.);
#2594=CARTESIAN_POINT('',(-3.660409304,1.5,-9.627637494));
#2595=VERTEX_POINT('',#2594);
#2596=CARTESIAN_POINT('',(-3.660409304,1.5,-9.627637494));
#2597=DIRECTION('',(0.239315664,0.,0.970941817));
#2598=VECTOR('',#2597,0.233835709);
#2599=LINE('',#2596,#2598);
#2600=EDGE_CURVE('',#2595,#2586,#2599,.T.);
#2601=ORIENTED_EDGE('',*,*,#2600,.F.);
#2602=CARTESIAN_POINT('',(-1.233054761,1.5,-10.225926655));
#2603=VERTEX_POINT('',#2602);
#2604=CARTESIAN_POINT('',(-0.,1.5,0.));
#2605=DIRECTION('',(0.,1.,0.));
#2606=DIRECTION('',(0.970941817,0.,-0.239315664));
#2607=AXIS2_PLACEMENT_3D('',#2604,#2605,#2606);
#2608=CIRCLE('',#2607,10.3);
#2609=EDGE_CURVE('',#2603,#2595,#2608,.T.);
#2610=ORIENTED_EDGE('',*,*,#2609,.F.);
#2611=CARTESIAN_POINT('',(-1.177094213,1.5,-9.998885787));
#2612=VERTEX_POINT('',#2611);
#2613=CARTESIAN_POINT('',(-1.177094213,1.5,-9.998885787));
#2614=DIRECTION('',(-0.239315664,0.,-0.970941817));
#2615=VECTOR('',#2614,0.233835709);
#2616=LINE('',#2613,#2615);
#2617=EDGE_CURVE('',#2612,#2603,#2616,.T.);
#2618=ORIENTED_EDGE('',*,*,#2617,.F.);
#2619=CARTESIAN_POINT('',(-1.211977271,1.5,-9.896661333));
#2620=VERTEX_POINT('',#2619);
#2621=CARTESIAN_POINT('',(-1.274188394,1.5,-9.97495422));
#2622=DIRECTION('',(-0.,-1.,-0.));
#2623=DIRECTION('',(-0.239315664,0.,-0.970941817));
#2624=AXIS2_PLACEMENT_3D('',#2621,#2622,#2623);
#2625=CIRCLE('',#2624,0.1);
#2626=EDGE_CURVE('',#2612,#2620,#2625,.T.);
#2627=ORIENTED_EDGE('',*,*,#2626,.T.);
#2628=CARTESIAN_POINT('',(-1.386392565,1.5,-9.385539066));
#2629=VERTEX_POINT('',#2628);
#2630=CARTESIAN_POINT('',(-0.900921656,1.5,-9.505196898));
#2631=DIRECTION('',(0.,1.,0.));
#2632=DIRECTION('',(-0.239315664,0.,-0.970941817));
#2633=AXIS2_PLACEMENT_3D('',#2630,#2631,#2632);
#2634=CIRCLE('',#2633,0.5);
#2635=EDGE_CURVE('',#2620,#2629,#2634,.T.);
#2636=ORIENTED_EDGE('',*,*,#2635,.T.);
#2637=CARTESIAN_POINT('',(-0.327507465,1.5,-5.089473338));
#2638=DIRECTION('',(-0.239315664,0.,-0.970941817));
#2639=VECTOR('',#2638,4.424637657);
#2640=LINE('',#2637,#2639);
#2641=EDGE_CURVE('',#788,#2629,#2640,.T.);
#2642=ORIENTED_EDGE('',*,*,#2641,.F.);
#2643=ORIENTED_EDGE('',*,*,#817,.F.);
#2644=CARTESIAN_POINT('',(1.386392565,1.5,-9.385539066));
#2645=VERTEX_POINT('',#2644);
#2646=CARTESIAN_POINT('',(1.386392565,1.5,-9.385539066));
#2647=DIRECTION('',(-0.239315664,0.,0.970941817));
#2648=VECTOR('',#2647,4.424637657);
#2649=LINE('',#2646,#2648);
#2650=EDGE_CURVE('',#2645,#805,#2649,.T.);
#2651=ORIENTED_EDGE('',*,*,#2650,.F.);
#2652=CARTESIAN_POINT('',(1.211977271,1.5,-9.896661333));
#2653=VERTEX_POINT('',#2652);
#2654=CARTESIAN_POINT('',(0.900921656,1.5,-9.505196898));
#2655=DIRECTION('',(0.,1.,0.));
#2656=DIRECTION('',(0.239315664,0.,-0.970941817));
#2657=AXIS2_PLACEMENT_3D('',#2654,#2655,#2656);
#2658=CIRCLE('',#2657,0.5);
#2659=EDGE_CURVE('',#2645,#2653,#2658,.T.);
#2660=ORIENTED_EDGE('',*,*,#2659,.T.);
#2661=CARTESIAN_POINT('',(1.177094213,1.5,-9.998885787));
#2662=VERTEX_POINT('',#2661);
#2663=CARTESIAN_POINT('',(1.274188394,1.5,-9.97495422));
#2664=DIRECTION('',(-0.,-1.,-0.));
#2665=DIRECTION('',(0.239315664,0.,-0.970941817));
#2666=AXIS2_PLACEMENT_3D('',#2663,#2664,#2665);
#2667=CIRCLE('',#2666,0.1);
#2668=EDGE_CURVE('',#2653,#2662,#2667,.T.);
#2669=ORIENTED_EDGE('',*,*,#2668,.T.);
#2670=CARTESIAN_POINT('',(1.233054761,1.5,-10.225926655));
#2671=VERTEX_POINT('',#2670);
#2672=CARTESIAN_POINT('',(1.233054761,1.5,-10.225926655));
#2673=DIRECTION('',(-0.239315664,0.,0.970941817));
#2674=VECTOR('',#2673,0.233835709);
#2675=LINE('',#2672,#2674);
#2676=EDGE_CURVE('',#2671,#2662,#2675,.T.);
#2677=ORIENTED_EDGE('',*,*,#2676,.F.);
#2678=CARTESIAN_POINT('',(3.660409304,1.5,-9.627637494));
#2679=VERTEX_POINT('',#2678);
#2680=CARTESIAN_POINT('',(-0.,1.5,0.));
#2681=DIRECTION('',(-0.,1.,0.));
#2682=DIRECTION('',(0.970941817,0.,0.239315664));
#2683=AXIS2_PLACEMENT_3D('',#2680,#2681,#2682);
#2684=CIRCLE('',#2683,10.3);
#2685=EDGE_CURVE('',#2679,#2671,#2684,.T.);
#2686=ORIENTED_EDGE('',*,*,#2685,.F.);
#2687=CARTESIAN_POINT('',(3.604448756,1.5,-9.400596626));
#2688=VERTEX_POINT('',#2687);
#2689=CARTESIAN_POINT('',(3.604448756,1.5,-9.400596626));
#2690=DIRECTION('',(0.239315664,0.,-0.970941817));
#2691=VECTOR('',#2690,0.233835709);
#2692=LINE('',#2689,#2691);
#2693=EDGE_CURVE('',#2688,#2679,#2692,.T.);
#2694=ORIENTED_EDGE('',*,*,#2693,.F.);
#2695=CARTESIAN_POINT('',(3.52605527,1.5,-9.326292333));
#2696=VERTEX_POINT('',#2695);
#2697=CARTESIAN_POINT('',(3.507354575,1.5,-9.424528193));
#2698=DIRECTION('',(-0.,-1.,-0.));
#2699=DIRECTION('',(0.239315664,0.,-0.970941817));
#2700=AXIS2_PLACEMENT_3D('',#2697,#2698,#2699);
#2701=CIRCLE('',#2700,0.1);
#2702=EDGE_CURVE('',#2688,#2696,#2701,.T.);
#2703=ORIENTED_EDGE('',*,*,#2702,.T.);
#2704=CARTESIAN_POINT('',(3.134087836,1.5,-8.95477087));
#2705=VERTEX_POINT('',#2704);
#2706=CARTESIAN_POINT('',(3.619558745,1.5,-8.835113038));
#2707=DIRECTION('',(0.,1.,0.));
#2708=DIRECTION('',(0.239315664,0.,-0.970941817));
#2709=AXIS2_PLACEMENT_3D('',#2706,#2707,#2708);
#2710=CIRCLE('',#2709,0.5);
#2711=EDGE_CURVE('',#2696,#2705,#2710,.T.);
#2712=ORIENTED_EDGE('',*,*,#2711,.T.);
#2713=CARTESIAN_POINT('',(2.075202736,1.5,-4.658705143));
#2714=DIRECTION('',(0.239315664,0.,-0.970941817));
#2715=VECTOR('',#2714,4.424637657);
#2716=LINE('',#2713,#2715);
#2717=EDGE_CURVE('',#830,#2705,#2716,.T.);
#2718=ORIENTED_EDGE('',*,*,#2717,.F.);
#2719=ORIENTED_EDGE('',*,*,#859,.F.);
#2720=CARTESIAN_POINT('',(5.589267136,1.5,-7.66619337));
#2721=VERTEX_POINT('',#2720);
#2722=CARTESIAN_POINT('',(5.589267136,1.5,-7.66619337));
#2723=DIRECTION('',(-0.663122658,0.,0.748510748));
#2724=VECTOR('',#2723,4.424637657);
#2725=LINE('',#2722,#2724);
#2726=EDGE_CURVE('',#2721,#847,#2725,.T.);
#2727=ORIENTED_EDGE('',*,*,#2726,.F.);
#2728=CARTESIAN_POINT('',(5.672360425,1.5,-8.199824489));
#2729=VERTEX_POINT('',#2728);
#2730=CARTESIAN_POINT('',(5.215011762,1.5,-7.997754699));
#2731=DIRECTION('',(0.,1.,0.));
#2732=DIRECTION('',(0.663122658,0.,-0.748510748));
#2733=AXIS2_PLACEMENT_3D('',#2730,#2731,#2732);
#2734=CIRCLE('',#2733,0.5);
#2735=EDGE_CURVE('',#2721,#2729,#2734,.T.);
#2736=ORIENTED_EDGE('',*,*,#2735,.T.);
#2737=CARTESIAN_POINT('',(5.688979083,1.5,-8.306550713));
#2738=VERTEX_POINT('',#2737);
#2739=CARTESIAN_POINT('',(5.763830158,1.5,-8.240238448));
#2740=DIRECTION('',(-0.,-1.,-0.));
#2741=DIRECTION('',(0.663122658,0.,-0.748510748));
#2742=AXIS2_PLACEMENT_3D('',#2739,#2740,#2741);
#2743=CIRCLE('',#2742,0.1);
#2744=EDGE_CURVE('',#2729,#2738,#2743,.T.);
#2745=ORIENTED_EDGE('',*,*,#2744,.T.);
#2746=CARTESIAN_POINT('',(5.84404084,1.5,-8.481579255));
#2747=VERTEX_POINT('',#2746);
#2748=CARTESIAN_POINT('',(5.84404084,1.5,-8.481579255));
#2749=DIRECTION('',(-0.663122658,0.,0.748510748));
#2750=VECTOR('',#2749,0.233835709);
#2751=LINE('',#2748,#2750);
#2752=EDGE_CURVE('',#2747,#2738,#2751,.T.);
#2753=ORIENTED_EDGE('',*,*,#2752,.F.);
#2754=CARTESIAN_POINT('',(7.715317711,1.5,-6.823772609));
#2755=VERTEX_POINT('',#2754);
#2756=CARTESIAN_POINT('',(-0.,1.5,0.));
#2757=DIRECTION('',(-0.,1.,0.));
#2758=DIRECTION('',(0.748510748,0.,0.663122658));
#2759=AXIS2_PLACEMENT_3D('',#2756,#2757,#2758);
#2760=CIRCLE('',#2759,10.3);
#2761=EDGE_CURVE('',#2755,#2747,#2760,.T.);
#2762=ORIENTED_EDGE('',*,*,#2761,.F.);
#2763=CARTESIAN_POINT('',(7.560255954,1.5,-6.648744068));
#2764=VERTEX_POINT('',#2763);
#2765=CARTESIAN_POINT('',(7.560255954,1.5,-6.648744068));
#2766=DIRECTION('',(0.663122658,0.,-0.748510748));
#2767=VECTOR('',#2766,0.233835709);
#2768=LINE('',#2765,#2767);
#2769=EDGE_CURVE('',#2764,#2755,#2768,.T.);
#2770=ORIENTED_EDGE('',*,*,#2769,.F.);
#2771=CARTESIAN_POINT('',(7.456311042,1.5,-6.619382154));
#2772=VERTEX_POINT('',#2771);
#2773=CARTESIAN_POINT('',(7.485404879,1.5,-6.715056334));
#2774=DIRECTION('',(-0.,-1.,-0.));
#2775=DIRECTION('',(0.663122658,0.,-0.748510748));
#2776=AXIS2_PLACEMENT_3D('',#2773,#2774,#2775);
#2777=CIRCLE('',#2776,0.1);
#2778=EDGE_CURVE('',#2764,#2772,#2777,.T.);
#2779=ORIENTED_EDGE('',*,*,#2778,.T.);
#2780=CARTESIAN_POINT('',(6.936586483,1.5,-6.472572585));
#2781=VERTEX_POINT('',#2780);
#2782=CARTESIAN_POINT('',(7.310841857,1.5,-6.141011256));
#2783=DIRECTION('',(0.,1.,0.));
#2784=DIRECTION('',(0.663122658,0.,-0.748510748));
#2785=AXIS2_PLACEMENT_3D('',#2782,#2783,#2784);
#2786=CIRCLE('',#2785,0.5);
#2787=EDGE_CURVE('',#2772,#2781,#2786,.T.);
#2788=ORIENTED_EDGE('',*,*,#2787,.T.);
#2789=CARTESIAN_POINT('',(4.002508998,1.5,-3.160683742));
#2790=VERTEX_POINT('',#2789);
#2791=CARTESIAN_POINT('',(4.002508998,1.5,-3.160683742));
#2792=DIRECTION('',(0.663122658,0.,-0.748510748));
#2793=VECTOR('',#2792,4.424637657);
#2794=LINE('',#2791,#2793);
#2795=EDGE_CURVE('',#2790,#2781,#2794,.T.);
#2796=ORIENTED_EDGE('',*,*,#2795,.F.);
#2797=CARTESIAN_POINT('',(0.,1.5,-0.));
#2798=DIRECTION('',(0.,1.,0.));
#2799=DIRECTION('',(-0.568064747,0.,-0.822983866));
#2800=AXIS2_PLACEMENT_3D('',#2797,#2798,#2799);
#2801=CIRCLE('',#2800,5.1);
#2802=EDGE_CURVE('',#870,#2790,#2801,.T.);
#2803=ORIENTED_EDGE('',*,*,#2802,.F.);
#2804=ORIENTED_EDGE('',*,*,#901,.F.);
#2805=CARTESIAN_POINT('',(8.511707965,1.5,-4.19061516));
#2806=VERTEX_POINT('',#2805);
#2807=CARTESIAN_POINT('',(8.511707965,1.5,-4.19061516));
#2808=DIRECTION('',(-0.935016243,0.,0.354604887));
#2809=VECTOR('',#2808,4.424637657);
#2810=LINE('',#2807,#2809);
#2811=EDGE_CURVE('',#2806,#889,#2810,.T.);
#2812=ORIENTED_EDGE('',*,*,#2811,.F.);
#2813=CARTESIAN_POINT('',(8.833274165,1.5,-4.624506674));
#2814=VERTEX_POINT('',#2813);
#2815=CARTESIAN_POINT('',(8.334405522,1.5,-4.658123281));
#2816=DIRECTION('',(0.,1.,0.));
#2817=DIRECTION('',(0.935016243,0.,-0.354604887));
#2818=AXIS2_PLACEMENT_3D('',#2815,#2816,#2817);
#2819=CIRCLE('',#2818,0.5);
#2820=EDGE_CURVE('',#2806,#2814,#2819,.T.);
#2821=ORIENTED_EDGE('',*,*,#2820,.T.);
#2822=CARTESIAN_POINT('',(8.897587405,1.5,-4.711284976));
#2823=VERTEX_POINT('',#2822);
#2824=CARTESIAN_POINT('',(8.933047894,1.5,-4.617783352));
#2825=DIRECTION('',(-0.,-1.,-0.));
#2826=DIRECTION('',(0.935016243,0.,-0.354604887));
#2827=AXIS2_PLACEMENT_3D('',#2824,#2825,#2826);
#2828=CIRCLE('',#2827,0.1);
#2829=EDGE_CURVE('',#2814,#2823,#2828,.T.);
#2830=ORIENTED_EDGE('',*,*,#2829,.T.);
#2831=CARTESIAN_POINT('',(9.116227591,1.5,-4.794204262));
#2832=VERTEX_POINT('',#2831);
#2833=CARTESIAN_POINT('',(9.116227591,1.5,-4.794204262));
#2834=DIRECTION('',(-0.935016243,0.,0.354604887));
#2835=VECTOR('',#2834,0.233835709);
#2836=LINE('',#2833,#2835);
#2837=EDGE_CURVE('',#2832,#2823,#2836,.T.);
#2838=ORIENTED_EDGE('',*,*,#2837,.F.);
#2839=CARTESIAN_POINT('',(10.002739809,1.5,-2.456663655));
#2840=VERTEX_POINT('',#2839);
#2841=CARTESIAN_POINT('',(-0.,1.5,0.));
#2842=DIRECTION('',(-0.,1.,0.));
#2843=DIRECTION('',(0.354604887,0.,0.935016243));
#2844=AXIS2_PLACEMENT_3D('',#2841,#2842,#2843);
#2845=CIRCLE('',#2844,10.3);
#2846=EDGE_CURVE('',#2840,#2832,#2845,.T.);
#2847=ORIENTED_EDGE('',*,*,#2846,.F.);
#2848=CARTESIAN_POINT('',(9.784099623,1.5,-2.37374437));
#2849=VERTEX_POINT('',#2848);
#2850=CARTESIAN_POINT('',(9.784099623,1.5,-2.37374437));
#2851=DIRECTION('',(0.935016243,0.,-0.354604887));
#2852=VECTOR('',#2851,0.233835709);
#2853=LINE('',#2850,#2852);
#2854=EDGE_CURVE('',#2849,#2840,#2853,.T.);
#2855=ORIENTED_EDGE('',*,*,#2854,.F.);
#2856=CARTESIAN_POINT('',(9.678415813,1.5,-2.396051295));
#2857=VERTEX_POINT('',#2856);
#2858=CARTESIAN_POINT('',(9.748639134,1.5,-2.467245994));
#2859=DIRECTION('',(-0.,-1.,-0.));
#2860=DIRECTION('',(0.935016243,0.,-0.354604887));
#2861=AXIS2_PLACEMENT_3D('',#2858,#2859,#2860);
#2862=CIRCLE('',#2861,0.1);
#2863=EDGE_CURVE('',#2849,#2857,#2862,.T.);
#2864=ORIENTED_EDGE('',*,*,#2863,.T.);
#2865=CARTESIAN_POINT('',(9.149996762,1.5,-2.507585923));
#2866=VERTEX_POINT('',#2865);
#2867=CARTESIAN_POINT('',(9.327299205,1.5,-2.040077802));
#2868=DIRECTION('',(0.,1.,0.));
#2869=DIRECTION('',(0.935016243,0.,-0.354604887));
#2870=AXIS2_PLACEMENT_3D('',#2867,#2868,#2869);
#2871=CIRCLE('',#2870,0.5);
#2872=EDGE_CURVE('',#2857,#2866,#2871,.T.);
#2873=ORIENTED_EDGE('',*,*,#2872,.T.);
#2874=CARTESIAN_POINT('',(5.012888685,1.5,-0.938587787));
#2875=DIRECTION('',(0.935016243,0.,-0.354604887));
#2876=VECTOR('',#2875,4.424637657);
#2877=LINE('',#2874,#2876);
#2878=EDGE_CURVE('',#914,#2866,#2877,.T.);
#2879=ORIENTED_EDGE('',*,*,#2878,.F.);
#2880=ORIENTED_EDGE('',*,*,#943,.F.);
#2881=CARTESIAN_POINT('',(9.484219076,1.5,0.24498248));
#2882=VERTEX_POINT('',#2881);
#2883=CARTESIAN_POINT('',(9.484219076,1.5,0.24498248));
#2884=DIRECTION('',(-0.992708874,0.,-0.12053668));
#2885=VECTOR('',#2884,4.424637657);
#2886=LINE('',#2883,#2885);
#2887=EDGE_CURVE('',#2882,#931,#2886,.T.);
#2888=ORIENTED_EDGE('',*,*,#2887,.F.);
#2889=CARTESIAN_POINT('',(9.970591246,1.5,0.01022989));
#2890=VERTEX_POINT('',#2889);
#2891=CARTESIAN_POINT('',(9.544487416,1.5,-0.251371957));
#2892=DIRECTION('',(-0.,1.,0.));
#2893=DIRECTION('',(0.992708874,0.,0.12053668));
#2894=AXIS2_PLACEMENT_3D('',#2891,#2892,#2893);
#2895=CIRCLE('',#2894,0.5);
#2896=EDGE_CURVE('',#2882,#2890,#2895,.T.);
#2897=ORIENTED_EDGE('',*,*,#2896,.T.);
#2898=CARTESIAN_POINT('',(10.06786568,1.5,-0.036720628));
#2899=VERTEX_POINT('',#2898);
#2900=CARTESIAN_POINT('',(10.055812012,1.5,0.062550259));
#2901=DIRECTION('',(0.,-1.,-0.));
#2902=DIRECTION('',(0.992708874,0.,0.12053668));
#2903=AXIS2_PLACEMENT_3D('',#2900,#2901,#2902);
#2904=CIRCLE('',#2903,0.1);
#2905=EDGE_CURVE('',#2890,#2899,#2904,.T.);
#2906=ORIENTED_EDGE('',*,*,#2905,.T.);
#2907=CARTESIAN_POINT('',(10.299996464,1.5,-0.008534848));
#2908=VERTEX_POINT('',#2907);
#2909=CARTESIAN_POINT('',(10.299996464,1.5,-0.008534848));
#2910=DIRECTION('',(-0.992708874,0.,-0.12053668));
#2911=VECTOR('',#2910,0.233835709);
#2912=LINE('',#2909,#2911);
#2913=EDGE_CURVE('',#2908,#2899,#2912,.T.);
#2914=ORIENTED_EDGE('',*,*,#2913,.F.);
#2915=CARTESIAN_POINT('',(9.998654763,1.5,2.473237337));
#2916=VERTEX_POINT('',#2915);
#2917=CARTESIAN_POINT('',(-0.,1.5,-0.));
#2918=DIRECTION('',(0.,1.,0.));
#2919=DIRECTION('',(-0.12053668,0.,0.992708874));
#2920=AXIS2_PLACEMENT_3D('',#2917,#2918,#2919);
#2921=CIRCLE('',#2920,10.3);
#2922=EDGE_CURVE('',#2916,#2908,#2921,.T.);
#2923=ORIENTED_EDGE('',*,*,#2922,.F.);
#2924=CARTESIAN_POINT('',(9.76652398,1.5,2.445051557));
#2925=VERTEX_POINT('',#2924);
#2926=CARTESIAN_POINT('',(9.76652398,1.5,2.445051557));
#2927=DIRECTION('',(0.992708874,0.,0.12053668));
#2928=VECTOR('',#2927,0.233835709);
#2929=LINE('',#2926,#2928);
#2930=EDGE_CURVE('',#2925,#2916,#2929,.T.);
#2931=ORIENTED_EDGE('',*,*,#2930,.F.);
#2932=CARTESIAN_POINT('',(9.683312158,1.5,2.37618604));
#2933=VERTEX_POINT('',#2932);
#2934=CARTESIAN_POINT('',(9.778577648,1.5,2.345780669));
#2935=DIRECTION('',(0.,-1.,-0.));
#2936=DIRECTION('',(0.992708874,0.,0.12053668));
#2937=AXIS2_PLACEMENT_3D('',#2934,#2935,#2936);
#2938=CIRCLE('',#2937,0.1);
#2939=EDGE_CURVE('',#2925,#2933,#2938,.T.);
#2940=ORIENTED_EDGE('',*,*,#2939,.T.);
#2941=CARTESIAN_POINT('',(9.267253052,1.5,2.031858454));
#2942=VERTEX_POINT('',#2941);
#2943=CARTESIAN_POINT('',(9.206984712,1.5,2.528212891));
#2944=DIRECTION('',(-0.,1.,0.));
#2945=DIRECTION('',(0.992708874,0.,0.12053668));
#2946=AXIS2_PLACEMENT_3D('',#2943,#2944,#2945);
#2947=CIRCLE('',#2946,0.5);
#2948=EDGE_CURVE('',#2933,#2942,#2947,.T.);
#2949=ORIENTED_EDGE('',*,*,#2948,.T.);
#2950=CARTESIAN_POINT('',(4.874875985,1.5,1.498527319));
#2951=DIRECTION('',(0.992708874,0.,0.12053668));
#2952=VECTOR('',#2951,4.424637657);
#2953=LINE('',#2950,#2952);
#2954=EDGE_CURVE('',#956,#2942,#2953,.T.);
#2955=ORIENTED_EDGE('',*,*,#2954,.F.);
#2956=ORIENTED_EDGE('',*,*,#985,.F.);
#2957=CARTESIAN_POINT('',(8.284009894,1.5,4.624457587));
#2958=VERTEX_POINT('',#2957);
#2959=CARTESIAN_POINT('',(8.284009894,1.5,4.624457587));
#2960=DIRECTION('',(-0.822983866,0.,-0.568064747));
#2961=VECTOR('',#2960,4.424637657);
#2962=LINE('',#2959,#2961);
#2963=EDGE_CURVE('',#2958,#973,#2962,.T.);
#2964=ORIENTED_EDGE('',*,*,#2963,.F.);
#2965=CARTESIAN_POINT('',(8.823766032,1.5,4.642622909));
#2966=VERTEX_POINT('',#2965);
#2967=CARTESIAN_POINT('',(8.568042268,1.5,4.212965654));
#2968=DIRECTION('',(-0.,1.,0.));
#2969=DIRECTION('',(0.822983866,0.,0.568064747));
#2970=AXIS2_PLACEMENT_3D('',#2967,#2968,#2969);
#2971=CIRCLE('',#2970,0.5);
#2972=EDGE_CURVE('',#2958,#2966,#2971,.T.);
#2973=ORIENTED_EDGE('',*,*,#2972,.T.);
#2974=CARTESIAN_POINT('',(8.931717259,1.5,4.646255973));
#2975=VERTEX_POINT('',#2974);
#2976=CARTESIAN_POINT('',(8.874910784,1.5,4.72855436));
#2977=DIRECTION('',(0.,-1.,-0.));
#2978=DIRECTION('',(0.822983866,0.,0.568064747));
#2979=AXIS2_PLACEMENT_3D('',#2976,#2977,#2978);
#2980=CIRCLE('',#2979,0.1);
#2981=EDGE_CURVE('',#2966,#2975,#2980,.T.);
#2982=ORIENTED_EDGE('',*,*,#2981,.T.);
#2983=CARTESIAN_POINT('',(9.124160275,1.5,4.779089796));
#2984=VERTEX_POINT('',#2983);
#2985=CARTESIAN_POINT('',(9.124160275,1.5,4.779089796));
#2986=DIRECTION('',(-0.822983866,0.,-0.568064747));
#2987=VECTOR('',#2986,0.233835709);
#2988=LINE('',#2985,#2987);
#2989=EDGE_CURVE('',#2984,#2975,#2988,.T.);
#2990=ORIENTED_EDGE('',*,*,#2989,.F.);
#2991=CARTESIAN_POINT('',(7.703998408,1.5,6.836549461));
#2992=VERTEX_POINT('',#2991);
#2993=CARTESIAN_POINT('',(-0.,1.5,-0.));
#2994=DIRECTION('',(0.,1.,0.));
#2995=DIRECTION('',(-0.568064747,0.,0.822983866));
#2996=AXIS2_PLACEMENT_3D('',#2993,#2994,#2995);
#2997=CIRCLE('',#2996,10.3);
#2998=EDGE_CURVE('',#2992,#2984,#2997,.T.);
#2999=ORIENTED_EDGE('',*,*,#2998,.F.);
#3000=CARTESIAN_POINT('',(7.511555392,1.5,6.703715638));
#3001=VERTEX_POINT('',#3000);
#3002=CARTESIAN_POINT('',(7.511555392,1.5,6.703715638));
#3003=DIRECTION('',(0.822983866,0.,0.568064747));
#3004=VECTOR('',#3003,0.233835709);
#3005=LINE('',#3002,#3004);
#3006=EDGE_CURVE('',#3001,#2992,#3005,.T.);
#3007=ORIENTED_EDGE('',*,*,#3006,.F.);
#3008=CARTESIAN_POINT('',(7.469878385,1.5,6.604067789));
#3009=VERTEX_POINT('',#3008);
#3010=CARTESIAN_POINT('',(7.568361867,1.5,6.621417251));
#3011=DIRECTION('',(0.,-1.,-0.));
#3012=DIRECTION('',(0.822983866,0.,0.568064747));
#3013=AXIS2_PLACEMENT_3D('',#3010,#3011,#3012);
#3014=CIRCLE('',#3013,0.1);
#3015=EDGE_CURVE('',#3001,#3009,#3014,.T.);
#3016=ORIENTED_EDGE('',*,*,#3015,.T.);
#3017=CARTESIAN_POINT('',(7.26149335,1.5,6.105828546));
#3018=VERTEX_POINT('',#3017);
#3019=CARTESIAN_POINT('',(6.977460977,1.5,6.517320478));
#3020=DIRECTION('',(-0.,1.,0.));
#3021=DIRECTION('',(0.822983866,0.,0.568064747));
#3022=AXIS2_PLACEMENT_3D('',#3019,#3020,#3021);
#3023=CIRCLE('',#3022,0.5);
#3024=EDGE_CURVE('',#3009,#3018,#3023,.T.);
#3025=ORIENTED_EDGE('',*,*,#3024,.T.);
#3026=CARTESIAN_POINT('',(3.620087946,1.5,3.592347876));
#3027=DIRECTION('',(0.822983866,0.,0.568064747));
#3028=VECTOR('',#3027,4.424637657);
#3029=LINE('',#3026,#3028);
#3030=EDGE_CURVE('',#998,#3018,#3029,.T.);
#3031=ORIENTED_EDGE('',*,*,#3030,.F.);
#3032=ORIENTED_EDGE('',*,*,#1027,.F.);
#3033=CARTESIAN_POINT('',(5.186033879,1.5,7.944525191));
#3034=VERTEX_POINT('',#3033);
#3035=CARTESIAN_POINT('',(5.186033879,1.5,7.944525191));
#3036=DIRECTION('',(-0.464723172,0.,-0.885456026));
#3037=VECTOR('',#3036,4.424637657);
#3038=LINE('',#3035,#3037);
#3039=EDGE_CURVE('',#3034,#1015,#3038,.T.);
#3040=ORIENTED_EDGE('',*,*,#3039,.F.);
#3041=CARTESIAN_POINT('',(5.655522357,1.5,8.211446969));
#3042=VERTEX_POINT('',#3041);
#3043=CARTESIAN_POINT('',(5.628761892,1.5,7.712163605));
#3044=DIRECTION('',(-0.,1.,0.));
#3045=DIRECTION('',(0.464723172,0.,0.885456026));
#3046=AXIS2_PLACEMENT_3D('',#3043,#3044,#3045);
#3047=CIRCLE('',#3046,0.5);
#3048=EDGE_CURVE('',#3034,#3042,#3047,.T.);
#3049=ORIENTED_EDGE('',*,*,#3048,.T.);
#3050=CARTESIAN_POINT('',(5.749420053,1.5,8.264831325));
#3051=VERTEX_POINT('',#3050);
#3052=CARTESIAN_POINT('',(5.66087445,1.5,8.311303642));
#3053=DIRECTION('',(0.,-1.,-0.));
#3054=DIRECTION('',(0.464723172,0.,0.885456026));
#3055=AXIS2_PLACEMENT_3D('',#3052,#3053,#3054);
#3056=CIRCLE('',#3055,0.1);
#3057=EDGE_CURVE('',#3042,#3051,#3056,.T.);
#3058=ORIENTED_EDGE('',*,*,#3057,.T.);
#3059=CARTESIAN_POINT('',(5.858088925,1.5,8.471882562));
#3060=VERTEX_POINT('',#3059);
#3061=CARTESIAN_POINT('',(5.858088925,1.5,8.471882562));
#3062=DIRECTION('',(-0.464723172,0.,-0.885456026));
#3063=VECTOR('',#3062,0.233835709);
#3064=LINE('',#3061,#3063);
#3065=EDGE_CURVE('',#3060,#3051,#3064,.T.);
#3066=ORIENTED_EDGE('',*,*,#3065,.F.);
#3067=CARTESIAN_POINT('',(3.644448861,1.5,9.633690492));
#3068=VERTEX_POINT('',#3067);
#3069=CARTESIAN_POINT('',(-0.,1.5,-0.));
#3070=DIRECTION('',(0.,1.,0.));
#3071=DIRECTION('',(-0.885456026,0.,0.464723172));
#3072=AXIS2_PLACEMENT_3D('',#3069,#3070,#3071);
#3073=CIRCLE('',#3072,10.3);
#3074=EDGE_CURVE('',#3068,#3060,#3073,.T.);
#3075=ORIENTED_EDGE('',*,*,#3074,.F.);
#3076=CARTESIAN_POINT('',(3.535779988,1.5,9.426639255));
#3077=VERTEX_POINT('',#3076);
#3078=CARTESIAN_POINT('',(3.535779988,1.5,9.426639255));
#3079=DIRECTION('',(0.464723172,0.,0.885456026));
#3080=VECTOR('',#3079,0.233835709);
#3081=LINE('',#3078,#3080);
#3082=EDGE_CURVE('',#3077,#3068,#3081,.T.);
#3083=ORIENTED_EDGE('',*,*,#3082,.F.);
#3084=CARTESIAN_POINT('',(3.545185496,1.5,9.319037196));
#3085=VERTEX_POINT('',#3084);
#3086=CARTESIAN_POINT('',(3.624325591,1.5,9.380166937));
#3087=DIRECTION('',(0.,-1.,-0.));
#3088=DIRECTION('',(0.464723172,0.,0.885456026));
#3089=AXIS2_PLACEMENT_3D('',#3086,#3087,#3088);
#3090=CIRCLE('',#3089,0.1);
#3091=EDGE_CURVE('',#3077,#3085,#3090,.T.);
#3092=ORIENTED_EDGE('',*,*,#3091,.T.);
#3093=CARTESIAN_POINT('',(3.592213033,1.5,8.781026901));
#3094=VERTEX_POINT('',#3093);
#3095=CARTESIAN_POINT('',(3.14948502,1.5,9.013388487));
#3096=DIRECTION('',(-0.,1.,0.));
#3097=DIRECTION('',(0.464723172,0.,0.885456026));
#3098=AXIS2_PLACEMENT_3D('',#3095,#3096,#3097);
#3099=CIRCLE('',#3098,0.5);
#3100=EDGE_CURVE('',#3085,#3094,#3099,.T.);
#3101=ORIENTED_EDGE('',*,*,#3100,.T.);
#3102=CARTESIAN_POINT('',(1.535981386,1.5,4.863204826));
#3103=DIRECTION('',(0.464723172,0.,0.885456026));
#3104=VECTOR('',#3103,4.424637657);
#3105=LINE('',#3102,#3104);
#3106=EDGE_CURVE('',#1040,#3094,#3105,.T.);
#3107=ORIENTED_EDGE('',*,*,#3106,.F.);
#3108=ORIENTED_EDGE('',*,*,#1069,.F.);
#3109=CARTESIAN_POINT('',(0.9,1.5,9.444597816));
#3110=VERTEX_POINT('',#3109);
#3111=CARTESIAN_POINT('',(0.9,1.5,9.444597816));
#3112=DIRECTION('',(-0.,0.,-1.));
#3113=VECTOR('',#3112,4.424637657);
#3114=LINE('',#3111,#3113);
#3115=EDGE_CURVE('',#3110,#1057,#3114,.T.);
#3116=ORIENTED_EDGE('',*,*,#3115,.F.);
#3117=CARTESIAN_POINT('',(1.191666667,1.5,9.899127487));
#3118=VERTEX_POINT('',#3117);
#3119=CARTESIAN_POINT('',(1.4,1.5,9.444597816));
#3120=DIRECTION('',(0.,1.,0.));
#3121=DIRECTION('',(0.,-0.,1.));
#3122=AXIS2_PLACEMENT_3D('',#3119,#3120,#3121);
#3123=CIRCLE('',#3122,0.5);
#3124=EDGE_CURVE('',#3110,#3118,#3123,.T.);
#3125=ORIENTED_EDGE('',*,*,#3124,.T.);
#3126=CARTESIAN_POINT('',(1.25,1.5,9.990033422));
#3127=VERTEX_POINT('',#3126);
#3128=CARTESIAN_POINT('',(1.15,1.5,9.990033422));
#3129=DIRECTION('',(-0.,-1.,-0.));
#3130=DIRECTION('',(0.,-0.,1.));
#3131=AXIS2_PLACEMENT_3D('',#3128,#3129,#3130);
#3132=CIRCLE('',#3131,0.1);
#3133=EDGE_CURVE('',#3118,#3127,#3132,.T.);
#3134=ORIENTED_EDGE('',*,*,#3133,.T.);
#3135=CARTESIAN_POINT('',(1.25,1.5,10.223869131));
#3136=VERTEX_POINT('',#3135);
#3137=CARTESIAN_POINT('',(1.25,1.5,10.223869131));
#3138=DIRECTION('',(0.,0.,-1.));
#3139=VECTOR('',#3138,0.233835709);
#3140=LINE('',#3137,#3139);
#3141=EDGE_CURVE('',#3136,#3127,#3140,.T.);
#3142=ORIENTED_EDGE('',*,*,#3141,.F.);
#3143=CARTESIAN_POINT('',(-1.25,1.5,10.223869131));
#3144=VERTEX_POINT('',#3143);
#3145=CARTESIAN_POINT('',(0.,1.5,-0.));
#3146=DIRECTION('',(0.,1.,0.));
#3147=DIRECTION('',(-1.,0.,0.));
#3148=AXIS2_PLACEMENT_3D('',#3145,#3146,#3147);
#3149=CIRCLE('',#3148,10.3);
#3150=EDGE_CURVE('',#3144,#3136,#3149,.T.);
#3151=ORIENTED_EDGE('',*,*,#3150,.F.);
#3152=CARTESIAN_POINT('',(-1.25,1.5,9.990033422));
#3153=VERTEX_POINT('',#3152);
#3154=CARTESIAN_POINT('',(-1.25,1.5,9.990033422));
#3155=DIRECTION('',(0.,0.,1.));
#3156=VECTOR('',#3155,0.233835709);
#3157=LINE('',#3154,#3156);
#3158=EDGE_CURVE('',#3153,#3144,#3157,.T.);
#3159=ORIENTED_EDGE('',*,*,#3158,.F.);
#3160=CARTESIAN_POINT('',(-1.191666667,1.5,9.899127487));
#3161=VERTEX_POINT('',#3160);
#3162=CARTESIAN_POINT('',(-1.15,1.5,9.990033422));
#3163=DIRECTION('',(-0.,-1.,-0.));
#3164=DIRECTION('',(0.,-0.,1.));
#3165=AXIS2_PLACEMENT_3D('',#3162,#3163,#3164);
#3166=CIRCLE('',#3165,0.1);
#3167=EDGE_CURVE('',#3153,#3161,#3166,.T.);
#3168=ORIENTED_EDGE('',*,*,#3167,.T.);
#3169=CARTESIAN_POINT('',(-0.9,1.5,9.444597816));
#3170=VERTEX_POINT('',#3169);
#3171=CARTESIAN_POINT('',(-1.4,1.5,9.444597816));
#3172=DIRECTION('',(0.,1.,0.));
#3173=DIRECTION('',(0.,-0.,1.));
#3174=AXIS2_PLACEMENT_3D('',#3171,#3172,#3173);
#3175=CIRCLE('',#3174,0.5);
#3176=EDGE_CURVE('',#3161,#3170,#3175,.T.);
#3177=ORIENTED_EDGE('',*,*,#3176,.T.);
#3178=CARTESIAN_POINT('',(-0.9,1.5,5.019960159));
#3179=DIRECTION('',(-0.,0.,1.));
#3180=VECTOR('',#3179,4.424637657);
#3181=LINE('',#3178,#3180);
#3182=EDGE_CURVE('',#1082,#3170,#3181,.T.);
#3183=ORIENTED_EDGE('',*,*,#3182,.F.);
#3184=ORIENTED_EDGE('',*,*,#1111,.F.);
#3185=CARTESIAN_POINT('',(-3.592213033,1.5,8.781026901));
#3186=VERTEX_POINT('',#3185);
#3187=CARTESIAN_POINT('',(-3.592213033,1.5,8.781026901));
#3188=DIRECTION('',(0.464723172,0.,-0.885456026));
#3189=VECTOR('',#3188,4.424637657);
#3190=LINE('',#3187,#3189);
#3191=EDGE_CURVE('',#3186,#1099,#3190,.T.);
#3192=ORIENTED_EDGE('',*,*,#3191,.F.);
#3193=CARTESIAN_POINT('',(-3.545185496,1.5,9.319037196));
#3194=VERTEX_POINT('',#3193);
#3195=CARTESIAN_POINT('',(-3.14948502,1.5,9.013388487));
#3196=DIRECTION('',(0.,1.,0.));
#3197=DIRECTION('',(-0.464723172,0.,0.885456026));
#3198=AXIS2_PLACEMENT_3D('',#3195,#3196,#3197);
#3199=CIRCLE('',#3198,0.5);
#3200=EDGE_CURVE('',#3186,#3194,#3199,.T.);
#3201=ORIENTED_EDGE('',*,*,#3200,.T.);
#3202=CARTESIAN_POINT('',(-3.535779988,1.5,9.426639255));
#3203=VERTEX_POINT('',#3202);
#3204=CARTESIAN_POINT('',(-3.624325591,1.5,9.380166937));
#3205=DIRECTION('',(-0.,-1.,-0.));
#3206=DIRECTION('',(-0.464723172,0.,0.885456026));
#3207=AXIS2_PLACEMENT_3D('',#3204,#3205,#3206);
#3208=CIRCLE('',#3207,0.1);
#3209=EDGE_CURVE('',#3194,#3203,#3208,.T.);
#3210=ORIENTED_EDGE('',*,*,#3209,.T.);
#3211=CARTESIAN_POINT('',(-3.644448861,1.5,9.633690492));
#3212=VERTEX_POINT('',#3211);
#3213=CARTESIAN_POINT('',(-3.644448861,1.5,9.633690492));
#3214=DIRECTION('',(0.464723172,0.,-0.885456026));
#3215=VECTOR('',#3214,0.233835709);
#3216=LINE('',#3213,#3215);
#3217=EDGE_CURVE('',#3212,#3203,#3216,.T.);
#3218=ORIENTED_EDGE('',*,*,#3217,.F.);
#3219=CARTESIAN_POINT('',(-5.858088925,1.5,8.471882562));
#3220=VERTEX_POINT('',#3219);
#3221=CARTESIAN_POINT('',(0.,1.5,-0.));
#3222=DIRECTION('',(0.,1.,0.));
#3223=DIRECTION('',(-0.885456026,0.,-0.464723172));
#3224=AXIS2_PLACEMENT_3D('',#3221,#3222,#3223);
#3225=CIRCLE('',#3224,10.3);
#3226=EDGE_CURVE('',#3220,#3212,#3225,.T.);
#3227=ORIENTED_EDGE('',*,*,#3226,.F.);
#3228=CARTESIAN_POINT('',(-5.749420053,1.5,8.264831325));
#3229=VERTEX_POINT('',#3228);
#3230=CARTESIAN_POINT('',(-5.749420053,1.5,8.264831325));
#3231=DIRECTION('',(-0.464723172,0.,0.885456026));
#3232=VECTOR('',#3231,0.233835709);
#3233=LINE('',#3230,#3232);
#3234=EDGE_CURVE('',#3229,#3220,#3233,.T.);
#3235=ORIENTED_EDGE('',*,*,#3234,.F.);
#3236=CARTESIAN_POINT('',(-5.655522357,1.5,8.211446969));
#3237=VERTEX_POINT('',#3236);
#3238=CARTESIAN_POINT('',(-5.66087445,1.5,8.311303642));
#3239=DIRECTION('',(-0.,-1.,-0.));
#3240=DIRECTION('',(-0.464723172,0.,0.885456026));
#3241=AXIS2_PLACEMENT_3D('',#3238,#3239,#3240);
#3242=CIRCLE('',#3241,0.1);
#3243=EDGE_CURVE('',#3229,#3237,#3242,.T.);
#3244=ORIENTED_EDGE('',*,*,#3243,.T.);
#3245=CARTESIAN_POINT('',(-5.186033879,1.5,7.944525191));
#3246=VERTEX_POINT('',#3245);
#3247=CARTESIAN_POINT('',(-5.628761892,1.5,7.712163605));
#3248=DIRECTION('',(0.,1.,0.));
#3249=DIRECTION('',(-0.464723172,0.,0.885456026));
#3250=AXIS2_PLACEMENT_3D('',#3247,#3248,#3249);
#3251=CIRCLE('',#3250,0.5);
#3252=EDGE_CURVE('',#3237,#3246,#3251,.T.);
#3253=ORIENTED_EDGE('',*,*,#3252,.T.);
#3254=CARTESIAN_POINT('',(-3.129802232,1.5,4.026703117));
#3255=DIRECTION('',(-0.464723172,0.,0.885456026));
#3256=VECTOR('',#3255,4.424637657);
#3257=LINE('',#3254,#3256);
#3258=EDGE_CURVE('',#1124,#3246,#3257,.T.);
#3259=ORIENTED_EDGE('',*,*,#3258,.F.);
#3260=ORIENTED_EDGE('',*,*,#1153,.F.);
#3261=ORIENTED_EDGE('',*,*,#1223,.F.);
#3262=CARTESIAN_POINT('',(-7.469878385,1.5,6.604067789));
#3263=VERTEX_POINT('',#3262);
#3264=CARTESIAN_POINT('',(-6.977460977,1.5,6.517320478));
#3265=DIRECTION('',(0.,1.,0.));
#3266=DIRECTION('',(-0.822983866,0.,0.568064747));
#3267=AXIS2_PLACEMENT_3D('',#3264,#3265,#3266);
#3268=CIRCLE('',#3267,0.5);
#3269=EDGE_CURVE('',#1212,#3263,#3268,.T.);
#3270=ORIENTED_EDGE('',*,*,#3269,.T.);
#3271=CARTESIAN_POINT('',(-7.568361867,1.5,6.621417251));
#3272=DIRECTION('',(-0.,-1.,-0.));
#3273=DIRECTION('',(-0.822983866,0.,0.568064747));
#3274=AXIS2_PLACEMENT_3D('',#3271,#3272,#3273);
#3275=CIRCLE('',#3274,0.1);
#3276=EDGE_CURVE('',#3263,#1166,#3275,.T.);
#3277=ORIENTED_EDGE('',*,*,#3276,.T.);
#3278=ORIENTED_EDGE('',*,*,#1171,.F.);
#3279=ORIENTED_EDGE('',*,*,#1352,.F.);
#3280=ORIENTED_EDGE('',*,*,#1331,.F.);
#3281=CARTESIAN_POINT('',(-8.823766032,1.5,4.642622909));
#3282=VERTEX_POINT('',#3281);
#3283=CARTESIAN_POINT('',(-8.874910784,1.5,4.72855436));
#3284=DIRECTION('',(-0.,-1.,-0.));
#3285=DIRECTION('',(-0.822983866,0.,0.568064747));
#3286=AXIS2_PLACEMENT_3D('',#3283,#3284,#3285);
#3287=CIRCLE('',#3286,0.1);
#3288=EDGE_CURVE('',#1318,#3282,#3287,.T.);
#3289=ORIENTED_EDGE('',*,*,#3288,.T.);
#3290=CARTESIAN_POINT('',(-8.568042268,1.5,4.212965654));
#3291=DIRECTION('',(0.,1.,0.));
#3292=DIRECTION('',(-0.822983866,0.,0.568064747));
#3293=AXIS2_PLACEMENT_3D('',#3290,#3291,#3292);
#3294=CIRCLE('',#3293,0.5);
#3295=EDGE_CURVE('',#3282,#1277,#3294,.T.);
#3296=ORIENTED_EDGE('',*,*,#3295,.T.);
#3297=EDGE_LOOP('',(#2338,#2339,#2347,#2356,#2365,#2373,#2382,#2390,#2399,#2408,#2414,#2415,#2423,#2432,#2441,#2449,#2458,#2466,#2475,#2484,#2490,#2491,#2499,#2508,#2517,#2525,
#2534,#2542,#2551,#2560,#2566,#2567,#2575,#2584,#2593,#2601,#2610,#2618,#2627,#2636,#2642,#2643,#2651,#2660,#2669,#2677,#2686,#2694,#2703,#2712,#2718,
#2719,#2727,#2736,#2745,#2753,#2762,#2770,#2779,#2788,#2796,#2803,#2804,#2812,#2821,#2830,#2838,#2847,#2855,#2864,#2873,#2879,#2880,#2888,#2897,#2906,
#2914,#2923,#2931,#2940,#2949,#2955,#2956,#2964,#2973,#2982,#2990,#2999,#3007,#3016,#3025,#3031,#3032,#3040,#3049,#3058,#3066,#3075,#3083,#3092,#3101,
#3107,#3108,#3116,#3125,#3134,#3142,#3151,#3159,#3168,#3177,#3183,#3184,#3192,#3201,#3210,#3218,#3227,#3235,#3244,#3253,#3259,#3260,#3261,#3270,#3277,
#3278,#3279,#3280,#3289,#3296));
#3298=FACE_BOUND('',#3297,.T.);
#3299=ADVANCED_FACE('',(#3298),#2337,.F.);
#3300=CARTESIAN_POINT('',(-6.977460977,36.5,6.517320478));
#3301=DIRECTION('',(0.,-1.,0.));
#3302=DIRECTION('',(0.822983866,0.,-0.568064747));
#3303=AXIS2_PLACEMENT_3D('',#3300,#3301,#3302);
#3304=CYLINDRICAL_SURFACE('',#3303,0.5);
#3305=ORIENTED_EDGE('',*,*,#2328,.F.);
#3306=CARTESIAN_POINT('',(-7.469878385,36.5,6.604067789));
#3307=DIRECTION('',(0.,-1.,0.));
#3308=VECTOR('',#3307,35.);
#3309=LINE('',#3306,#3308);
#3310=EDGE_CURVE('',#2315,#3263,#3309,.T.);
#3311=ORIENTED_EDGE('',*,*,#3310,.T.);
#3312=ORIENTED_EDGE('',*,*,#3269,.F.);
#3313=ORIENTED_EDGE('',*,*,#1217,.F.);
#3314=EDGE_LOOP('',(#3305,#3311,#3312,#3313));
#3315=FACE_BOUND('',#3314,.T.);
#3316=ADVANCED_FACE('',(#3315),#3304,.F.);
#3317=CARTESIAN_POINT('',(-7.568361867,36.5,6.621417251));
#3318=DIRECTION('',(0.,-1.,0.));
#3319=DIRECTION('',(0.822983866,0.,-0.568064747));
#3320=AXIS2_PLACEMENT_3D('',#3317,#3318,#3319);
#3321=CYLINDRICAL_SURFACE('',#3320,0.1);
#3322=ORIENTED_EDGE('',*,*,#2321,.F.);
#3323=ORIENTED_EDGE('',*,*,#1179,.F.);
#3324=ORIENTED_EDGE('',*,*,#3276,.F.);
#3325=ORIENTED_EDGE('',*,*,#3310,.F.);
#3326=EDGE_LOOP('',(#3322,#3323,#3324,#3325));
#3327=FACE_BOUND('',#3326,.T.);
#3328=ADVANCED_FACE('',(#3327),#3321,.T.);
#3329=CARTESIAN_POINT('',(-8.568042268,36.5,4.212965654));
#3330=DIRECTION('',(0.,-1.,0.));
#3331=DIRECTION('',(0.822983866,0.,-0.568064747));
#3332=AXIS2_PLACEMENT_3D('',#3329,#3330,#3331);
#3333=CYLINDRICAL_SURFACE('',#3332,0.5);
#3334=ORIENTED_EDGE('',*,*,#3295,.F.);
#3335=CARTESIAN_POINT('',(-8.823766032,1.5,4.642622909));
#3336=DIRECTION('',(-0.,1.,-0.));
#3337=VECTOR('',#3336,35.);
#3338=LINE('',#3335,#3337);
#3339=EDGE_CURVE('',#3282,#2296,#3338,.T.);
#3340=ORIENTED_EDGE('',*,*,#3339,.T.);
#3341=ORIENTED_EDGE('',*,*,#2302,.F.);
#3342=ORIENTED_EDGE('',*,*,#1290,.F.);
#3343=EDGE_LOOP('',(#3334,#3340,#3341,#3342));
#3344=FACE_BOUND('',#3343,.T.);
#3345=ADVANCED_FACE('',(#3344),#3333,.F.);
#3346=CARTESIAN_POINT('',(-8.874910784,36.5,4.72855436));
#3347=DIRECTION('',(0.,-1.,0.));
#3348=DIRECTION('',(0.822983866,0.,-0.568064747));
#3349=AXIS2_PLACEMENT_3D('',#3346,#3347,#3348);
#3350=CYLINDRICAL_SURFACE('',#3349,0.1);
#3351=ORIENTED_EDGE('',*,*,#2309,.F.);
#3352=ORIENTED_EDGE('',*,*,#3339,.F.);
#3353=ORIENTED_EDGE('',*,*,#3288,.F.);
#3354=ORIENTED_EDGE('',*,*,#1323,.F.);
#3355=EDGE_LOOP('',(#3351,#3352,#3353,#3354));
#3356=FACE_BOUND('',#3355,.T.);
#3357=ADVANCED_FACE('',(#3356),#3350,.T.);
#3358=CARTESIAN_POINT('',(-1.4,36.5,9.444597816));
#3359=DIRECTION('',(0.,-1.,0.));
#3360=DIRECTION('',(0.,0.,-1.));
#3361=AXIS2_PLACEMENT_3D('',#3358,#3359,#3360);
#3362=CYLINDRICAL_SURFACE('',#3361,0.5);
#3363=ORIENTED_EDGE('',*,*,#3176,.F.);
#3364=CARTESIAN_POINT('',(-1.191666667,1.5,9.899127487));
#3365=DIRECTION('',(-0.,1.,-0.));
#3366=VECTOR('',#3365,35.);
#3367=LINE('',#3364,#3366);
#3368=EDGE_CURVE('',#3161,#1458,#3367,.T.);
#3369=ORIENTED_EDGE('',*,*,#3368,.T.);
#3370=ORIENTED_EDGE('',*,*,#1464,.F.);
#3371=CARTESIAN_POINT('',(-0.9,1.5,9.444597816));
#3372=DIRECTION('',(-0.,1.,-0.));
#3373=VECTOR('',#3372,35.);
#3374=LINE('',#3371,#3373);
#3375=EDGE_CURVE('',#3170,#1450,#3374,.T.);
#3376=ORIENTED_EDGE('',*,*,#3375,.F.);
#3377=EDGE_LOOP('',(#3363,#3369,#3370,#3376));
#3378=FACE_BOUND('',#3377,.T.);
#3379=ADVANCED_FACE('',(#3378),#3362,.F.);
#3380=CARTESIAN_POINT('',(-1.15,36.5,9.990033422));
#3381=DIRECTION('',(0.,-1.,0.));
#3382=DIRECTION('',(0.,0.,-1.));
#3383=AXIS2_PLACEMENT_3D('',#3380,#3381,#3382);
#3384=CYLINDRICAL_SURFACE('',#3383,0.1);
#3385=ORIENTED_EDGE('',*,*,#1473,.F.);
#3386=ORIENTED_EDGE('',*,*,#3368,.F.);
#3387=ORIENTED_EDGE('',*,*,#3167,.F.);
#3388=CARTESIAN_POINT('',(-1.25,36.5,9.990033422));
#3389=DIRECTION('',(0.,-1.,0.));
#3390=VECTOR('',#3389,35.);
#3391=LINE('',#3388,#3390);
#3392=EDGE_CURVE('',#1467,#3153,#3391,.T.);
#3393=ORIENTED_EDGE('',*,*,#3392,.F.);
#3394=EDGE_LOOP('',(#3385,#3386,#3387,#3393));
#3395=FACE_BOUND('',#3394,.T.);
#3396=ADVANCED_FACE('',(#3395),#3384,.T.);
#3397=CARTESIAN_POINT('',(-1.25,36.5,10.223869131));
#3398=DIRECTION('',(1.,0.,0.));
#3399=DIRECTION('',(0.,0.,-1.));
#3400=AXIS2_PLACEMENT_3D('',#3397,#3398,#3399);
#3401=PLANE('',#3400);
#3402=ORIENTED_EDGE('',*,*,#1481,.F.);
#3403=ORIENTED_EDGE('',*,*,#3392,.T.);
#3404=ORIENTED_EDGE('',*,*,#3158,.T.);
#3405=CARTESIAN_POINT('',(-1.25,36.5,10.223869131));
#3406=DIRECTION('',(0.,-1.,0.));
#3407=VECTOR('',#3406,35.);
#3408=LINE('',#3405,#3407);
#3409=EDGE_CURVE('',#1476,#3144,#3408,.T.);
#3410=ORIENTED_EDGE('',*,*,#3409,.F.);
#3411=EDGE_LOOP('',(#3402,#3403,#3404,#3410));
#3412=FACE_BOUND('',#3411,.T.);
#3413=ADVANCED_FACE('',(#3412),#3401,.F.);
#3414=CARTESIAN_POINT('',(0.,36.5,-0.));
#3415=DIRECTION('',(0.,-1.,0.));
#3416=DIRECTION('',(0.,0.,-1.));
#3417=AXIS2_PLACEMENT_3D('',#3414,#3415,#3416);
#3418=CYLINDRICAL_SURFACE('',#3417,10.3);
#3419=ORIENTED_EDGE('',*,*,#3150,.T.);
#3420=CARTESIAN_POINT('',(1.25,36.5,10.223869131));
#3421=DIRECTION('',(0.,-1.,0.));
#3422=VECTOR('',#3421,35.);
#3423=LINE('',#3420,#3422);
#3424=EDGE_CURVE('',#1484,#3136,#3423,.T.);
#3425=ORIENTED_EDGE('',*,*,#3424,.F.);
#3426=ORIENTED_EDGE('',*,*,#1490,.F.);
#3427=ORIENTED_EDGE('',*,*,#3409,.T.);
#3428=EDGE_LOOP('',(#3419,#3425,#3426,#3427));
#3429=FACE_BOUND('',#3428,.T.);
#3430=ADVANCED_FACE('',(#3429),#3418,.T.);
#3431=CARTESIAN_POINT('',(1.25,36.5,10.223869131));
#3432=DIRECTION('',(-1.,0.,0.));
#3433=DIRECTION('',(0.,0.,1.));
#3434=AXIS2_PLACEMENT_3D('',#3431,#3432,#3433);
#3435=PLANE('',#3434);
#3436=ORIENTED_EDGE('',*,*,#3141,.T.);
#3437=CARTESIAN_POINT('',(1.25,1.5,9.990033422));
#3438=DIRECTION('',(-0.,1.,-0.));
#3439=VECTOR('',#3438,35.);
#3440=LINE('',#3437,#3439);
#3441=EDGE_CURVE('',#3127,#1493,#3440,.T.);
#3442=ORIENTED_EDGE('',*,*,#3441,.T.);
#3443=ORIENTED_EDGE('',*,*,#1498,.F.);
#3444=ORIENTED_EDGE('',*,*,#3424,.T.);
#3445=EDGE_LOOP('',(#3436,#3442,#3443,#3444));
#3446=FACE_BOUND('',#3445,.T.);
#3447=ADVANCED_FACE('',(#3446),#3435,.F.);
#3448=CARTESIAN_POINT('',(1.15,36.5,9.990033422));
#3449=DIRECTION('',(0.,-1.,0.));
#3450=DIRECTION('',(0.,0.,-1.));
#3451=AXIS2_PLACEMENT_3D('',#3448,#3449,#3450);
#3452=CYLINDRICAL_SURFACE('',#3451,0.1);
#3453=ORIENTED_EDGE('',*,*,#1507,.F.);
#3454=ORIENTED_EDGE('',*,*,#3441,.F.);
#3455=ORIENTED_EDGE('',*,*,#3133,.F.);
#3456=CARTESIAN_POINT('',(1.191666667,36.5,9.899127487));
#3457=DIRECTION('',(0.,-1.,0.));
#3458=VECTOR('',#3457,35.);
#3459=LINE('',#3456,#3458);
#3460=EDGE_CURVE('',#1501,#3118,#3459,.T.);
#3461=ORIENTED_EDGE('',*,*,#3460,.F.);
#3462=EDGE_LOOP('',(#3453,#3454,#3455,#3461));
#3463=FACE_BOUND('',#3462,.T.);
#3464=ADVANCED_FACE('',(#3463),#3452,.T.);
#3465=CARTESIAN_POINT('',(1.4,36.5,9.444597816));
#3466=DIRECTION('',(0.,-1.,0.));
#3467=DIRECTION('',(0.,0.,-1.));
#3468=AXIS2_PLACEMENT_3D('',#3465,#3466,#3467);
#3469=CYLINDRICAL_SURFACE('',#3468,0.5);
#3470=ORIENTED_EDGE('',*,*,#1516,.F.);
#3471=ORIENTED_EDGE('',*,*,#3460,.T.);
#3472=ORIENTED_EDGE('',*,*,#3124,.F.);
#3473=CARTESIAN_POINT('',(0.9,36.5,9.444597816));
#3474=DIRECTION('',(0.,-1.,0.));
#3475=VECTOR('',#3474,35.);
#3476=LINE('',#3473,#3475);
#3477=EDGE_CURVE('',#1510,#3110,#3476,.T.);
#3478=ORIENTED_EDGE('',*,*,#3477,.F.);
#3479=EDGE_LOOP('',(#3470,#3471,#3472,#3478));
#3480=FACE_BOUND('',#3479,.T.);
#3481=ADVANCED_FACE('',(#3480),#3469,.F.);
#3482=CARTESIAN_POINT('',(-0.9,36.5,9.959417654));
#3483=DIRECTION('',(1.,0.,0.));
#3484=DIRECTION('',(0.,0.,-1.));
#3485=AXIS2_PLACEMENT_3D('',#3482,#3483,#3484);
#3486=PLANE('',#3485);
#3487=ORIENTED_EDGE('',*,*,#3182,.T.);
#3488=ORIENTED_EDGE('',*,*,#3375,.T.);
#3489=ORIENTED_EDGE('',*,*,#1455,.F.);
#3490=ORIENTED_EDGE('',*,*,#1087,.T.);
#3491=EDGE_LOOP('',(#3487,#3488,#3489,#3490));
#3492=FACE_BOUND('',#3491,.T.);
#3493=ADVANCED_FACE('',(#3492),#3486,.F.);
#3494=CARTESIAN_POINT('',(0.9,36.5,9.959417654));
#3495=DIRECTION('',(-1.,0.,0.));
#3496=DIRECTION('',(0.,0.,1.));
#3497=AXIS2_PLACEMENT_3D('',#3494,#3495,#3496);
#3498=PLANE('',#3497);
#3499=ORIENTED_EDGE('',*,*,#1522,.F.);
#3500=ORIENTED_EDGE('',*,*,#3477,.T.);
#3501=ORIENTED_EDGE('',*,*,#3115,.T.);
#3502=ORIENTED_EDGE('',*,*,#1062,.F.);
#3503=EDGE_LOOP('',(#3499,#3500,#3501,#3502));
#3504=FACE_BOUND('',#3503,.T.);
#3505=ADVANCED_FACE('',(#3504),#3498,.F.);
#3506=CARTESIAN_POINT('',(-5.628761892,36.5,7.712163605));
#3507=DIRECTION('',(0.,-1.,0.));
#3508=DIRECTION('',(0.464723172,0.,-0.885456026));
#3509=AXIS2_PLACEMENT_3D('',#3506,#3507,#3508);
#3510=CYLINDRICAL_SURFACE('',#3509,0.5);
#3511=ORIENTED_EDGE('',*,*,#3252,.F.);
#3512=CARTESIAN_POINT('',(-5.655522357,1.5,8.211446969));
#3513=DIRECTION('',(-0.,1.,-0.));
#3514=VECTOR('',#3513,35.);
#3515=LINE('',#3512,#3514);
#3516=EDGE_CURVE('',#3237,#1382,#3515,.T.);
#3517=ORIENTED_EDGE('',*,*,#3516,.T.);
#3518=ORIENTED_EDGE('',*,*,#1388,.F.);
#3519=CARTESIAN_POINT('',(-5.186033879,1.5,7.944525191));
#3520=DIRECTION('',(-0.,1.,-0.));
#3521=VECTOR('',#3520,35.);
#3522=LINE('',#3519,#3521);
#3523=EDGE_CURVE('',#3246,#1374,#3522,.T.);
#3524=ORIENTED_EDGE('',*,*,#3523,.F.);
#3525=EDGE_LOOP('',(#3511,#3517,#3518,#3524));
#3526=FACE_BOUND('',#3525,.T.);
#3527=ADVANCED_FACE('',(#3526),#3510,.F.);
#3528=CARTESIAN_POINT('',(-5.66087445,36.5,8.311303642));
#3529=DIRECTION('',(0.,-1.,0.));
#3530=DIRECTION('',(0.464723172,0.,-0.885456026));
#3531=AXIS2_PLACEMENT_3D('',#3528,#3529,#3530);
#3532=CYLINDRICAL_SURFACE('',#3531,0.1);
#3533=ORIENTED_EDGE('',*,*,#1397,.F.);
#3534=ORIENTED_EDGE('',*,*,#3516,.F.);
#3535=ORIENTED_EDGE('',*,*,#3243,.F.);
#3536=CARTESIAN_POINT('',(-5.749420053,36.5,8.264831325));
#3537=DIRECTION('',(0.,-1.,0.));
#3538=VECTOR('',#3537,35.);
#3539=LINE('',#3536,#3538);
#3540=EDGE_CURVE('',#1391,#3229,#3539,.T.);
#3541=ORIENTED_EDGE('',*,*,#3540,.F.);
#3542=EDGE_LOOP('',(#3533,#3534,#3535,#3541));
#3543=FACE_BOUND('',#3542,.T.);
#3544=ADVANCED_FACE('',(#3543),#3532,.T.);
#3545=CARTESIAN_POINT('',(-5.858088925,36.5,8.471882562));
#3546=DIRECTION('',(0.885456026,0.,0.464723172));
#3547=DIRECTION('',(0.464723172,0.,-0.885456026));
#3548=AXIS2_PLACEMENT_3D('',#3545,#3546,#3547);
#3549=PLANE('',#3548);
#3550=ORIENTED_EDGE('',*,*,#1405,.F.);
#3551=ORIENTED_EDGE('',*,*,#3540,.T.);
#3552=ORIENTED_EDGE('',*,*,#3234,.T.);
#3553=CARTESIAN_POINT('',(-5.858088925,36.5,8.471882562));
#3554=DIRECTION('',(0.,-1.,0.));
#3555=VECTOR('',#3554,35.);
#3556=LINE('',#3553,#3555);
#3557=EDGE_CURVE('',#1400,#3220,#3556,.T.);
#3558=ORIENTED_EDGE('',*,*,#3557,.F.);
#3559=EDGE_LOOP('',(#3550,#3551,#3552,#3558));
#3560=FACE_BOUND('',#3559,.T.);
#3561=ADVANCED_FACE('',(#3560),#3549,.F.);
#3562=CARTESIAN_POINT('',(0.,36.5,-0.));
#3563=DIRECTION('',(0.,-1.,0.));
#3564=DIRECTION('',(0.464723172,0.,-0.885456026));
#3565=AXIS2_PLACEMENT_3D('',#3562,#3563,#3564);
#3566=CYLINDRICAL_SURFACE('',#3565,10.3);
#3567=ORIENTED_EDGE('',*,*,#3226,.T.);
#3568=CARTESIAN_POINT('',(-3.644448861,36.5,9.633690492));
#3569=DIRECTION('',(0.,-1.,0.));
#3570=VECTOR('',#3569,35.);
#3571=LINE('',#3568,#3570);
#3572=EDGE_CURVE('',#1408,#3212,#3571,.T.);
#3573=ORIENTED_EDGE('',*,*,#3572,.F.);
#3574=ORIENTED_EDGE('',*,*,#1414,.F.);
#3575=ORIENTED_EDGE('',*,*,#3557,.T.);
#3576=EDGE_LOOP('',(#3567,#3573,#3574,#3575));
#3577=FACE_BOUND('',#3576,.T.);
#3578=ADVANCED_FACE('',(#3577),#3566,.T.);
#3579=CARTESIAN_POINT('',(-3.644448861,36.5,9.633690492));
#3580=DIRECTION('',(-0.885456026,0.,-0.464723172));
#3581=DIRECTION('',(-0.464723172,0.,0.885456026));
#3582=AXIS2_PLACEMENT_3D('',#3579,#3580,#3581);
#3583=PLANE('',#3582);
#3584=ORIENTED_EDGE('',*,*,#3217,.T.);
#3585=CARTESIAN_POINT('',(-3.535779988,1.5,9.426639255));
#3586=DIRECTION('',(-0.,1.,-0.));
#3587=VECTOR('',#3586,35.);
#3588=LINE('',#3585,#3587);
#3589=EDGE_CURVE('',#3203,#1417,#3588,.T.);
#3590=ORIENTED_EDGE('',*,*,#3589,.T.);
#3591=ORIENTED_EDGE('',*,*,#1422,.F.);
#3592=ORIENTED_EDGE('',*,*,#3572,.T.);
#3593=EDGE_LOOP('',(#3584,#3590,#3591,#3592));
#3594=FACE_BOUND('',#3593,.T.);
#3595=ADVANCED_FACE('',(#3594),#3583,.F.);
#3596=CARTESIAN_POINT('',(-3.624325591,36.5,9.380166937));
#3597=DIRECTION('',(0.,-1.,0.));
#3598=DIRECTION('',(0.464723172,0.,-0.885456026));
#3599=AXIS2_PLACEMENT_3D('',#3596,#3597,#3598);
#3600=CYLINDRICAL_SURFACE('',#3599,0.1);
#3601=ORIENTED_EDGE('',*,*,#1431,.F.);
#3602=ORIENTED_EDGE('',*,*,#3589,.F.);
#3603=ORIENTED_EDGE('',*,*,#3209,.F.);
#3604=CARTESIAN_POINT('',(-3.545185496,36.5,9.319037196));
#3605=DIRECTION('',(0.,-1.,0.));
#3606=VECTOR('',#3605,35.);
#3607=LINE('',#3604,#3606);
#3608=EDGE_CURVE('',#1425,#3194,#3607,.T.);
#3609=ORIENTED_EDGE('',*,*,#3608,.F.);
#3610=EDGE_LOOP('',(#3601,#3602,#3603,#3609));
#3611=FACE_BOUND('',#3610,.T.);
#3612=ADVANCED_FACE('',(#3611),#3600,.T.);
#3613=CARTESIAN_POINT('',(-3.14948502,36.5,9.013388487));
#3614=DIRECTION('',(0.,-1.,0.));
#3615=DIRECTION('',(0.464723172,0.,-0.885456026));
#3616=AXIS2_PLACEMENT_3D('',#3613,#3614,#3615);
#3617=CYLINDRICAL_SURFACE('',#3616,0.5);
#3618=ORIENTED_EDGE('',*,*,#1440,.F.);
#3619=ORIENTED_EDGE('',*,*,#3608,.T.);
#3620=ORIENTED_EDGE('',*,*,#3200,.F.);
#3621=CARTESIAN_POINT('',(-3.592213033,36.5,8.781026901));
#3622=DIRECTION('',(0.,-1.,0.));
#3623=VECTOR('',#3622,35.);
#3624=LINE('',#3621,#3623);
#3625=EDGE_CURVE('',#1434,#3186,#3624,.T.);
#3626=ORIENTED_EDGE('',*,*,#3625,.F.);
#3627=EDGE_LOOP('',(#3618,#3619,#3620,#3626));
#3628=FACE_BOUND('',#3627,.T.);
#3629=ADVANCED_FACE('',(#3628),#3617,.F.);
#3630=CARTESIAN_POINT('',(-5.425282587,36.5,8.400375519));
#3631=DIRECTION('',(0.885456026,0.,0.464723172));
#3632=DIRECTION('',(0.464723172,0.,-0.885456026));
#3633=AXIS2_PLACEMENT_3D('',#3630,#3631,#3632);
#3634=PLANE('',#3633);
#3635=ORIENTED_EDGE('',*,*,#3258,.T.);
#3636=ORIENTED_EDGE('',*,*,#3523,.T.);
#3637=ORIENTED_EDGE('',*,*,#1379,.F.);
#3638=ORIENTED_EDGE('',*,*,#1129,.T.);
#3639=EDGE_LOOP('',(#3635,#3636,#3637,#3638));
#3640=FACE_BOUND('',#3639,.T.);
#3641=ADVANCED_FACE('',(#3640),#3634,.F.);
#3642=CARTESIAN_POINT('',(-3.831461741,36.5,9.236877228));
#3643=DIRECTION('',(-0.885456026,0.,-0.464723172));
#3644=DIRECTION('',(-0.464723172,0.,0.885456026));
#3645=AXIS2_PLACEMENT_3D('',#3642,#3643,#3644);
#3646=PLANE('',#3645);
#3647=ORIENTED_EDGE('',*,*,#1446,.F.);
#3648=ORIENTED_EDGE('',*,*,#3625,.T.);
#3649=ORIENTED_EDGE('',*,*,#3191,.T.);
#3650=ORIENTED_EDGE('',*,*,#1104,.F.);
#3651=EDGE_LOOP('',(#3647,#3648,#3649,#3650));
#3652=FACE_BOUND('',#3651,.T.);
#3653=ADVANCED_FACE('',(#3652),#3646,.F.);
#3654=CARTESIAN_POINT('',(-9.544487416,36.5,-0.251371957));
#3655=DIRECTION('',(0.,-1.,0.));
#3656=DIRECTION('',(0.992708874,0.,-0.12053668));
#3657=AXIS2_PLACEMENT_3D('',#3654,#3655,#3656);
#3658=CYLINDRICAL_SURFACE('',#3657,0.5);
#3659=ORIENTED_EDGE('',*,*,#2407,.F.);
#3660=CARTESIAN_POINT('',(-9.970591246,1.5,0.01022989));
#3661=DIRECTION('',(-0.,1.,-0.));
#3662=VECTOR('',#3661,35.);
#3663=LINE('',#3660,#3662);
#3664=EDGE_CURVE('',#2392,#2227,#3663,.T.);
#3665=ORIENTED_EDGE('',*,*,#3664,.T.);
#3666=ORIENTED_EDGE('',*,*,#2233,.F.);
#3667=CARTESIAN_POINT('',(-9.484219076,1.5,0.24498248));
#3668=DIRECTION('',(-0.,1.,-0.));
#3669=VECTOR('',#3668,35.);
#3670=LINE('',#3667,#3669);
#3671=EDGE_CURVE('',#2401,#2219,#3670,.T.);
#3672=ORIENTED_EDGE('',*,*,#3671,.F.);
#3673=EDGE_LOOP('',(#3659,#3665,#3666,#3672));
#3674=FACE_BOUND('',#3673,.T.);
#3675=ADVANCED_FACE('',(#3674),#3658,.F.);
#3676=CARTESIAN_POINT('',(-10.055812012,36.5,0.062550259));
#3677=DIRECTION('',(0.,-1.,0.));
#3678=DIRECTION('',(0.992708874,0.,-0.12053668));
#3679=AXIS2_PLACEMENT_3D('',#3676,#3677,#3678);
#3680=CYLINDRICAL_SURFACE('',#3679,0.1);
#3681=ORIENTED_EDGE('',*,*,#2242,.F.);
#3682=ORIENTED_EDGE('',*,*,#3664,.F.);
#3683=ORIENTED_EDGE('',*,*,#2398,.F.);
#3684=CARTESIAN_POINT('',(-10.06786568,36.5,-0.036720628));
#3685=DIRECTION('',(0.,-1.,0.));
#3686=VECTOR('',#3685,35.);
#3687=LINE('',#3684,#3686);
#3688=EDGE_CURVE('',#2236,#2384,#3687,.T.);
#3689=ORIENTED_EDGE('',*,*,#3688,.F.);
#3690=EDGE_LOOP('',(#3681,#3682,#3683,#3689));
#3691=FACE_BOUND('',#3690,.T.);
#3692=ADVANCED_FACE('',(#3691),#3680,.T.);
#3693=CARTESIAN_POINT('',(-10.299996464,36.5,-0.008534848));
#3694=DIRECTION('',(0.12053668,0.,0.992708874));
#3695=DIRECTION('',(0.992708874,0.,-0.12053668));
#3696=AXIS2_PLACEMENT_3D('',#3693,#3694,#3695);
#3697=PLANE('',#3696);
#3698=ORIENTED_EDGE('',*,*,#2250,.F.);
#3699=ORIENTED_EDGE('',*,*,#3688,.T.);
#3700=ORIENTED_EDGE('',*,*,#2389,.T.);
#3701=CARTESIAN_POINT('',(-10.299996464,36.5,-0.008534848));
#3702=DIRECTION('',(0.,-1.,0.));
#3703=VECTOR('',#3702,35.);
#3704=LINE('',#3701,#3703);
#3705=EDGE_CURVE('',#2245,#2375,#3704,.T.);
#3706=ORIENTED_EDGE('',*,*,#3705,.F.);
#3707=EDGE_LOOP('',(#3698,#3699,#3700,#3706));
#3708=FACE_BOUND('',#3707,.T.);
#3709=ADVANCED_FACE('',(#3708),#3697,.F.);
#3710=CARTESIAN_POINT('',(0.,36.5,0.));
#3711=DIRECTION('',(0.,-1.,0.));
#3712=DIRECTION('',(0.992708874,0.,-0.12053668));
#3713=AXIS2_PLACEMENT_3D('',#3710,#3711,#3712);
#3714=CYLINDRICAL_SURFACE('',#3713,10.3);
#3715=ORIENTED_EDGE('',*,*,#2381,.T.);
#3716=CARTESIAN_POINT('',(-9.998654763,36.5,2.473237337));
#3717=DIRECTION('',(0.,-1.,0.));
#3718=VECTOR('',#3717,35.);
#3719=LINE('',#3716,#3718);
#3720=EDGE_CURVE('',#2253,#2367,#3719,.T.);
#3721=ORIENTED_EDGE('',*,*,#3720,.F.);
#3722=ORIENTED_EDGE('',*,*,#2259,.F.);
#3723=ORIENTED_EDGE('',*,*,#3705,.T.);
#3724=EDGE_LOOP('',(#3715,#3721,#3722,#3723));
#3725=FACE_BOUND('',#3724,.T.);
#3726=ADVANCED_FACE('',(#3725),#3714,.T.);
#3727=CARTESIAN_POINT('',(-9.998654763,36.5,2.473237337));
#3728=DIRECTION('',(-0.12053668,0.,-0.992708874));
#3729=DIRECTION('',(-0.992708874,0.,0.12053668));
#3730=AXIS2_PLACEMENT_3D('',#3727,#3728,#3729);
#3731=PLANE('',#3730);
#3732=ORIENTED_EDGE('',*,*,#2372,.T.);
#3733=CARTESIAN_POINT('',(-9.76652398,1.5,2.445051557));
#3734=DIRECTION('',(-0.,1.,-0.));
#3735=VECTOR('',#3734,35.);
#3736=LINE('',#3733,#3735);
#3737=EDGE_CURVE('',#2358,#2262,#3736,.T.);
#3738=ORIENTED_EDGE('',*,*,#3737,.T.);
#3739=ORIENTED_EDGE('',*,*,#2267,.F.);
#3740=ORIENTED_EDGE('',*,*,#3720,.T.);
#3741=EDGE_LOOP('',(#3732,#3738,#3739,#3740));
#3742=FACE_BOUND('',#3741,.T.);
#3743=ADVANCED_FACE('',(#3742),#3731,.F.);
#3744=CARTESIAN_POINT('',(-9.778577648,36.5,2.345780669));
#3745=DIRECTION('',(0.,-1.,0.));
#3746=DIRECTION('',(0.992708874,0.,-0.12053668));
#3747=AXIS2_PLACEMENT_3D('',#3744,#3745,#3746);
#3748=CYLINDRICAL_SURFACE('',#3747,0.1);
#3749=ORIENTED_EDGE('',*,*,#2276,.F.);
#3750=ORIENTED_EDGE('',*,*,#3737,.F.);
#3751=ORIENTED_EDGE('',*,*,#2364,.F.);
#3752=CARTESIAN_POINT('',(-9.683312158,36.5,2.37618604));
#3753=DIRECTION('',(0.,-1.,0.));
#3754=VECTOR('',#3753,35.);
#3755=LINE('',#3752,#3754);
#3756=EDGE_CURVE('',#2270,#2349,#3755,.T.);
#3757=ORIENTED_EDGE('',*,*,#3756,.F.);
#3758=EDGE_LOOP('',(#3749,#3750,#3751,#3757));
#3759=FACE_BOUND('',#3758,.T.);
#3760=ADVANCED_FACE('',(#3759),#3748,.T.);
#3761=CARTESIAN_POINT('',(-9.206984712,36.5,2.528212891));
#3762=DIRECTION('',(0.,-1.,0.));
#3763=DIRECTION('',(0.992708874,0.,-0.12053668));
#3764=AXIS2_PLACEMENT_3D('',#3761,#3762,#3763);
#3765=CYLINDRICAL_SURFACE('',#3764,0.5);
#3766=ORIENTED_EDGE('',*,*,#2285,.F.);
#3767=ORIENTED_EDGE('',*,*,#3756,.T.);
#3768=ORIENTED_EDGE('',*,*,#2355,.F.);
#3769=CARTESIAN_POINT('',(-9.267253052,36.5,2.031858454));
#3770=DIRECTION('',(0.,-1.,0.));
#3771=VECTOR('',#3770,35.);
#3772=LINE('',#3769,#3771);
#3773=EDGE_CURVE('',#2279,#2341,#3772,.T.);
#3774=ORIENTED_EDGE('',*,*,#3773,.F.);
#3775=EDGE_LOOP('',(#3766,#3767,#3768,#3774));
#3776=FACE_BOUND('',#3775,.T.);
#3777=ADVANCED_FACE('',(#3776),#3765,.F.);
#3778=CARTESIAN_POINT('',(-9.778319273,36.5,2.093913128));
#3779=DIRECTION('',(-0.12053668,0.,-0.992708874));
#3780=DIRECTION('',(-0.992708874,0.,0.12053668));
#3781=AXIS2_PLACEMENT_3D('',#3778,#3779,#3780);
#3782=PLANE('',#3781);
#3783=ORIENTED_EDGE('',*,*,#2291,.F.);
#3784=ORIENTED_EDGE('',*,*,#3773,.T.);
#3785=ORIENTED_EDGE('',*,*,#2346,.T.);
#3786=ORIENTED_EDGE('',*,*,#1251,.F.);
#3787=EDGE_LOOP('',(#3783,#3784,#3785,#3786));
#3788=FACE_BOUND('',#3787,.T.);
#3789=ADVANCED_FACE('',(#3788),#3782,.F.);
#3790=CARTESIAN_POINT('',(-9.995285298,36.5,0.307037155));
#3791=DIRECTION('',(0.12053668,0.,0.992708874));
#3792=DIRECTION('',(0.992708874,0.,-0.12053668));
#3793=AXIS2_PLACEMENT_3D('',#3790,#3791,#3792);
#3794=PLANE('',#3793);
#3795=ORIENTED_EDGE('',*,*,#2413,.T.);
#3796=ORIENTED_EDGE('',*,*,#3671,.T.);
#3797=ORIENTED_EDGE('',*,*,#2224,.F.);
#3798=ORIENTED_EDGE('',*,*,#667,.T.);
#3799=EDGE_LOOP('',(#3795,#3796,#3797,#3798));
#3800=FACE_BOUND('',#3799,.T.);
#3801=ADVANCED_FACE('',(#3800),#3794,.F.);
#3802=CARTESIAN_POINT('',(-8.334405522,36.5,-4.658123281));
#3803=DIRECTION('',(0.,-1.,0.));
#3804=DIRECTION('',(0.935016243,0.,0.354604887));
#3805=AXIS2_PLACEMENT_3D('',#3802,#3803,#3804);
#3806=CYLINDRICAL_SURFACE('',#3805,0.5);
#3807=ORIENTED_EDGE('',*,*,#2483,.F.);
#3808=CARTESIAN_POINT('',(-8.833274165,1.5,-4.624506674));
#3809=DIRECTION('',(-0.,1.,-0.));
#3810=VECTOR('',#3809,35.);
#3811=LINE('',#3808,#3810);
#3812=EDGE_CURVE('',#2468,#2151,#3811,.T.);
#3813=ORIENTED_EDGE('',*,*,#3812,.T.);
#3814=ORIENTED_EDGE('',*,*,#2157,.F.);
#3815=CARTESIAN_POINT('',(-8.511707965,1.5,-4.19061516));
#3816=DIRECTION('',(-0.,1.,-0.));
#3817=VECTOR('',#3816,35.);
#3818=LINE('',#3815,#3817);
#3819=EDGE_CURVE('',#2477,#2143,#3818,.T.);
#3820=ORIENTED_EDGE('',*,*,#3819,.F.);
#3821=EDGE_LOOP('',(#3807,#3813,#3814,#3820));
#3822=FACE_BOUND('',#3821,.T.);
#3823=ADVANCED_FACE('',(#3822),#3806,.F.);
#3824=CARTESIAN_POINT('',(-8.933047894,36.5,-4.617783352));
#3825=DIRECTION('',(0.,-1.,0.));
#3826=DIRECTION('',(0.935016243,0.,0.354604887));
#3827=AXIS2_PLACEMENT_3D('',#3824,#3825,#3826);
#3828=CYLINDRICAL_SURFACE('',#3827,0.1);
#3829=ORIENTED_EDGE('',*,*,#2166,.F.);
#3830=ORIENTED_EDGE('',*,*,#3812,.F.);
#3831=ORIENTED_EDGE('',*,*,#2474,.F.);
#3832=CARTESIAN_POINT('',(-8.897587405,36.5,-4.711284976));
#3833=DIRECTION('',(0.,-1.,0.));
#3834=VECTOR('',#3833,35.);
#3835=LINE('',#3832,#3834);
#3836=EDGE_CURVE('',#2160,#2460,#3835,.T.);
#3837=ORIENTED_EDGE('',*,*,#3836,.F.);
#3838=EDGE_LOOP('',(#3829,#3830,#3831,#3837));
#3839=FACE_BOUND('',#3838,.T.);
#3840=ADVANCED_FACE('',(#3839),#3828,.T.);
#3841=CARTESIAN_POINT('',(-9.116227591,36.5,-4.794204262));
#3842=DIRECTION('',(-0.354604887,0.,0.935016243));
#3843=DIRECTION('',(0.935016243,0.,0.354604887));
#3844=AXIS2_PLACEMENT_3D('',#3841,#3842,#3843);
#3845=PLANE('',#3844);
#3846=ORIENTED_EDGE('',*,*,#2174,.F.);
#3847=ORIENTED_EDGE('',*,*,#3836,.T.);
#3848=ORIENTED_EDGE('',*,*,#2465,.T.);
#3849=CARTESIAN_POINT('',(-9.116227591,36.5,-4.794204262));
#3850=DIRECTION('',(0.,-1.,0.));
#3851=VECTOR('',#3850,35.);
#3852=LINE('',#3849,#3851);
#3853=EDGE_CURVE('',#2169,#2451,#3852,.T.);
#3854=ORIENTED_EDGE('',*,*,#3853,.F.);
#3855=EDGE_LOOP('',(#3846,#3847,#3848,#3854));
#3856=FACE_BOUND('',#3855,.T.);
#3857=ADVANCED_FACE('',(#3856),#3845,.F.);
#3858=CARTESIAN_POINT('',(0.,36.5,0.));
#3859=DIRECTION('',(0.,-1.,0.));
#3860=DIRECTION('',(0.935016243,0.,0.354604887));
#3861=AXIS2_PLACEMENT_3D('',#3858,#3859,#3860);
#3862=CYLINDRICAL_SURFACE('',#3861,10.3);
#3863=ORIENTED_EDGE('',*,*,#2457,.T.);
#3864=CARTESIAN_POINT('',(-10.002739809,36.5,-2.456663655));
#3865=DIRECTION('',(0.,-1.,0.));
#3866=VECTOR('',#3865,35.);
#3867=LINE('',#3864,#3866);
#3868=EDGE_CURVE('',#2177,#2443,#3867,.T.);
#3869=ORIENTED_EDGE('',*,*,#3868,.F.);
#3870=ORIENTED_EDGE('',*,*,#2183,.F.);
#3871=ORIENTED_EDGE('',*,*,#3853,.T.);
#3872=EDGE_LOOP('',(#3863,#3869,#3870,#3871));
#3873=FACE_BOUND('',#3872,.T.);
#3874=ADVANCED_FACE('',(#3873),#3862,.T.);
#3875=CARTESIAN_POINT('',(-10.002739809,36.5,-2.456663655));
#3876=DIRECTION('',(0.354604887,0.,-0.935016243));
#3877=DIRECTION('',(-0.935016243,0.,-0.354604887));
#3878=AXIS2_PLACEMENT_3D('',#3875,#3876,#3877);
#3879=PLANE('',#3878);
#3880=ORIENTED_EDGE('',*,*,#2448,.T.);
#3881=CARTESIAN_POINT('',(-9.784099623,1.5,-2.37374437));
#3882=DIRECTION('',(-0.,1.,-0.));
#3883=VECTOR('',#3882,35.);
#3884=LINE('',#3881,#3883);
#3885=EDGE_CURVE('',#2434,#2186,#3884,.T.);
#3886=ORIENTED_EDGE('',*,*,#3885,.T.);
#3887=ORIENTED_EDGE('',*,*,#2191,.F.);
#3888=ORIENTED_EDGE('',*,*,#3868,.T.);
#3889=EDGE_LOOP('',(#3880,#3886,#3887,#3888));
#3890=FACE_BOUND('',#3889,.T.);
#3891=ADVANCED_FACE('',(#3890),#3879,.F.);
#3892=CARTESIAN_POINT('',(-9.748639134,36.5,-2.467245994));
#3893=DIRECTION('',(0.,-1.,0.));
#3894=DIRECTION('',(0.935016243,0.,0.354604887));
#3895=AXIS2_PLACEMENT_3D('',#3892,#3893,#3894);
#3896=CYLINDRICAL_SURFACE('',#3895,0.1);
#3897=ORIENTED_EDGE('',*,*,#2200,.F.);
#3898=ORIENTED_EDGE('',*,*,#3885,.F.);
#3899=ORIENTED_EDGE('',*,*,#2440,.F.);
#3900=CARTESIAN_POINT('',(-9.678415813,36.5,-2.396051295));
#3901=DIRECTION('',(0.,-1.,0.));
#3902=VECTOR('',#3901,35.);
#3903=LINE('',#3900,#3902);
#3904=EDGE_CURVE('',#2194,#2425,#3903,.T.);
#3905=ORIENTED_EDGE('',*,*,#3904,.F.);
#3906=EDGE_LOOP('',(#3897,#3898,#3899,#3905));
#3907=FACE_BOUND('',#3906,.T.);
#3908=ADVANCED_FACE('',(#3907),#3896,.T.);
#3909=CARTESIAN_POINT('',(-9.327299205,36.5,-2.040077802));
#3910=DIRECTION('',(0.,-1.,0.));
#3911=DIRECTION('',(0.935016243,0.,0.354604887));
#3912=AXIS2_PLACEMENT_3D('',#3909,#3910,#3911);
#3913=CYLINDRICAL_SURFACE('',#3912,0.5);
#3914=ORIENTED_EDGE('',*,*,#2209,.F.);
#3915=ORIENTED_EDGE('',*,*,#3904,.T.);
#3916=ORIENTED_EDGE('',*,*,#2431,.F.);
#3917=CARTESIAN_POINT('',(-9.149996762,36.5,-2.507585923));
#3918=DIRECTION('',(0.,-1.,0.));
#3919=VECTOR('',#3918,35.);
#3920=LINE('',#3917,#3919);
#3921=EDGE_CURVE('',#2203,#2417,#3920,.T.);
#3922=ORIENTED_EDGE('',*,*,#3921,.F.);
#3923=EDGE_LOOP('',(#3914,#3915,#3916,#3922));
#3924=FACE_BOUND('',#3923,.T.);
#3925=ADVANCED_FACE('',(#3924),#3913,.F.);
#3926=CARTESIAN_POINT('',(-8.993072876,36.5,-4.373172791));
#3927=DIRECTION('',(-0.354604887,0.,0.935016243));
#3928=DIRECTION('',(0.935016243,0.,0.354604887));
#3929=AXIS2_PLACEMENT_3D('',#3926,#3927,#3928);
#3930=PLANE('',#3929);
#3931=ORIENTED_EDGE('',*,*,#2489,.T.);
#3932=ORIENTED_EDGE('',*,*,#3819,.T.);
#3933=ORIENTED_EDGE('',*,*,#2148,.F.);
#3934=ORIENTED_EDGE('',*,*,#709,.T.);
#3935=EDGE_LOOP('',(#3931,#3932,#3933,#3934));
#3936=FACE_BOUND('',#3935,.T.);
#3937=ADVANCED_FACE('',(#3936),#3930,.F.);
#3938=CARTESIAN_POINT('',(-9.631361672,36.5,-2.690143554));
#3939=DIRECTION('',(0.354604887,0.,-0.935016243));
#3940=DIRECTION('',(-0.935016243,0.,-0.354604887));
#3941=AXIS2_PLACEMENT_3D('',#3938,#3939,#3940);
#3942=PLANE('',#3941);
#3943=ORIENTED_EDGE('',*,*,#2215,.F.);
#3944=ORIENTED_EDGE('',*,*,#3921,.T.);
#3945=ORIENTED_EDGE('',*,*,#2422,.T.);
#3946=ORIENTED_EDGE('',*,*,#684,.F.);
#3947=EDGE_LOOP('',(#3943,#3944,#3945,#3946));
#3948=FACE_BOUND('',#3947,.T.);
#3949=ADVANCED_FACE('',(#3948),#3942,.F.);
#3950=CARTESIAN_POINT('',(-5.215011762,36.5,-7.997754699));
#3951=DIRECTION('',(0.,-1.,0.));
#3952=DIRECTION('',(0.663122658,0.,0.748510748));
#3953=AXIS2_PLACEMENT_3D('',#3950,#3951,#3952);
#3954=CYLINDRICAL_SURFACE('',#3953,0.5);
#3955=ORIENTED_EDGE('',*,*,#2559,.F.);
#3956=CARTESIAN_POINT('',(-5.672360425,1.5,-8.199824489));
#3957=DIRECTION('',(-0.,1.,-0.));
#3958=VECTOR('',#3957,35.);
#3959=LINE('',#3956,#3958);
#3960=EDGE_CURVE('',#2544,#2075,#3959,.T.);
#3961=ORIENTED_EDGE('',*,*,#3960,.T.);
#3962=ORIENTED_EDGE('',*,*,#2081,.F.);
#3963=CARTESIAN_POINT('',(-5.589267136,1.5,-7.66619337));
#3964=DIRECTION('',(-0.,1.,-0.));
#3965=VECTOR('',#3964,35.);
#3966=LINE('',#3963,#3965);
#3967=EDGE_CURVE('',#2553,#2067,#3966,.T.);
#3968=ORIENTED_EDGE('',*,*,#3967,.F.);
#3969=EDGE_LOOP('',(#3955,#3961,#3962,#3968));
#3970=FACE_BOUND('',#3969,.T.);
#3971=ADVANCED_FACE('',(#3970),#3954,.F.);
#3972=CARTESIAN_POINT('',(-5.763830158,36.5,-8.240238448));
#3973=DIRECTION('',(0.,-1.,0.));
#3974=DIRECTION('',(0.663122658,0.,0.748510748));
#3975=AXIS2_PLACEMENT_3D('',#3972,#3973,#3974);
#3976=CYLINDRICAL_SURFACE('',#3975,0.1);
#3977=ORIENTED_EDGE('',*,*,#2090,.F.);
#3978=ORIENTED_EDGE('',*,*,#3960,.F.);
#3979=ORIENTED_EDGE('',*,*,#2550,.F.);
#3980=CARTESIAN_POINT('',(-5.688979083,36.5,-8.306550713));
#3981=DIRECTION('',(0.,-1.,0.));
#3982=VECTOR('',#3981,35.);
#3983=LINE('',#3980,#3982);
#3984=EDGE_CURVE('',#2084,#2536,#3983,.T.);
#3985=ORIENTED_EDGE('',*,*,#3984,.F.);
#3986=EDGE_LOOP('',(#3977,#3978,#3979,#3985));
#3987=FACE_BOUND('',#3986,.T.);
#3988=ADVANCED_FACE('',(#3987),#3976,.T.);
#3989=CARTESIAN_POINT('',(-5.84404084,36.5,-8.481579255));
#3990=DIRECTION('',(-0.748510748,0.,0.663122658));
#3991=DIRECTION('',(0.663122658,0.,0.748510748));
#3992=AXIS2_PLACEMENT_3D('',#3989,#3990,#3991);
#3993=PLANE('',#3992);
#3994=ORIENTED_EDGE('',*,*,#2098,.F.);
#3995=ORIENTED_EDGE('',*,*,#3984,.T.);
#3996=ORIENTED_EDGE('',*,*,#2541,.T.);
#3997=CARTESIAN_POINT('',(-5.84404084,36.5,-8.481579255));
#3998=DIRECTION('',(0.,-1.,0.));
#3999=VECTOR('',#3998,35.);
#4000=LINE('',#3997,#3999);
#4001=EDGE_CURVE('',#2093,#2527,#4000,.T.);
#4002=ORIENTED_EDGE('',*,*,#4001,.F.);
#4003=EDGE_LOOP('',(#3994,#3995,#3996,#4002));
#4004=FACE_BOUND('',#4003,.T.);
#4005=ADVANCED_FACE('',(#4004),#3993,.F.);
#4006=CARTESIAN_POINT('',(0.,36.5,0.));
#4007=DIRECTION('',(0.,-1.,0.));
#4008=DIRECTION('',(0.663122658,0.,0.748510748));
#4009=AXIS2_PLACEMENT_3D('',#4006,#4007,#4008);
#4010=CYLINDRICAL_SURFACE('',#4009,10.3);
#4011=ORIENTED_EDGE('',*,*,#2533,.T.);
#4012=CARTESIAN_POINT('',(-7.715317711,36.5,-6.823772609));
#4013=DIRECTION('',(0.,-1.,0.));
#4014=VECTOR('',#4013,35.);
#4015=LINE('',#4012,#4014);
#4016=EDGE_CURVE('',#2101,#2519,#4015,.T.);
#4017=ORIENTED_EDGE('',*,*,#4016,.F.);
#4018=ORIENTED_EDGE('',*,*,#2107,.F.);
#4019=ORIENTED_EDGE('',*,*,#4001,.T.);
#4020=EDGE_LOOP('',(#4011,#4017,#4018,#4019));
#4021=FACE_BOUND('',#4020,.T.);
#4022=ADVANCED_FACE('',(#4021),#4010,.T.);
#4023=CARTESIAN_POINT('',(-7.715317711,36.5,-6.823772609));
#4024=DIRECTION('',(0.748510748,0.,-0.663122658));
#4025=DIRECTION('',(-0.663122658,0.,-0.748510748));
#4026=AXIS2_PLACEMENT_3D('',#4023,#4024,#4025);
#4027=PLANE('',#4026);
#4028=ORIENTED_EDGE('',*,*,#2524,.T.);
#4029=CARTESIAN_POINT('',(-7.560255954,1.5,-6.648744068));
#4030=DIRECTION('',(-0.,1.,-0.));
#4031=VECTOR('',#4030,35.);
#4032=LINE('',#4029,#4031);
#4033=EDGE_CURVE('',#2510,#2110,#4032,.T.);
#4034=ORIENTED_EDGE('',*,*,#4033,.T.);
#4035=ORIENTED_EDGE('',*,*,#2115,.F.);
#4036=ORIENTED_EDGE('',*,*,#4016,.T.);
#4037=EDGE_LOOP('',(#4028,#4034,#4035,#4036));
#4038=FACE_BOUND('',#4037,.T.);
#4039=ADVANCED_FACE('',(#4038),#4027,.F.);
#4040=CARTESIAN_POINT('',(-7.485404879,36.5,-6.715056334));
#4041=DIRECTION('',(0.,-1.,0.));
#4042=DIRECTION('',(0.663122658,0.,0.748510748));
#4043=AXIS2_PLACEMENT_3D('',#4040,#4041,#4042);
#4044=CYLINDRICAL_SURFACE('',#4043,0.1);
#4045=ORIENTED_EDGE('',*,*,#2124,.F.);
#4046=ORIENTED_EDGE('',*,*,#4033,.F.);
#4047=ORIENTED_EDGE('',*,*,#2516,.F.);
#4048=CARTESIAN_POINT('',(-7.456311042,36.5,-6.619382154));
#4049=DIRECTION('',(0.,-1.,0.));
#4050=VECTOR('',#4049,35.);
#4051=LINE('',#4048,#4050);
#4052=EDGE_CURVE('',#2118,#2501,#4051,.T.);
#4053=ORIENTED_EDGE('',*,*,#4052,.F.);
#4054=EDGE_LOOP('',(#4045,#4046,#4047,#4053));
#4055=FACE_BOUND('',#4054,.T.);
#4056=ADVANCED_FACE('',(#4055),#4044,.T.);
#4057=CARTESIAN_POINT('',(-7.310841857,36.5,-6.141011256));
#4058=DIRECTION('',(0.,-1.,0.));
#4059=DIRECTION('',(0.663122658,0.,0.748510748));
#4060=AXIS2_PLACEMENT_3D('',#4057,#4058,#4059);
#4061=CYLINDRICAL_SURFACE('',#4060,0.5);
#4062=ORIENTED_EDGE('',*,*,#2133,.F.);
#4063=ORIENTED_EDGE('',*,*,#4052,.T.);
#4064=ORIENTED_EDGE('',*,*,#2507,.F.);
#4065=CARTESIAN_POINT('',(-6.936586483,36.5,-6.472572585));
#4066=DIRECTION('',(0.,-1.,0.));
#4067=VECTOR('',#4066,35.);
#4068=LINE('',#4065,#4067);
#4069=EDGE_CURVE('',#2127,#2493,#4068,.T.);
#4070=ORIENTED_EDGE('',*,*,#4069,.F.);
#4071=EDGE_LOOP('',(#4062,#4063,#4064,#4070));
#4072=FACE_BOUND('',#4071,.T.);
#4073=ADVANCED_FACE('',(#4072),#4061,.F.);
#4074=CARTESIAN_POINT('',(-5.930655836,36.5,-8.051541552));
#4075=DIRECTION('',(-0.748510748,0.,0.663122658));
#4076=DIRECTION('',(0.663122658,0.,0.748510748));
#4077=AXIS2_PLACEMENT_3D('',#4074,#4075,#4076);
#4078=PLANE('',#4077);
#4079=ORIENTED_EDGE('',*,*,#2565,.T.);
#4080=ORIENTED_EDGE('',*,*,#3967,.T.);
#4081=ORIENTED_EDGE('',*,*,#2072,.F.);
#4082=ORIENTED_EDGE('',*,*,#751,.T.);
#4083=EDGE_LOOP('',(#4079,#4080,#4081,#4082));
#4084=FACE_BOUND('',#4083,.T.);
#4085=ADVANCED_FACE('',(#4084),#4078,.F.);
#4086=CARTESIAN_POINT('',(-7.277975182,36.5,-6.857920767));
#4087=DIRECTION('',(0.748510748,0.,-0.663122658));
#4088=DIRECTION('',(-0.663122658,0.,-0.748510748));
#4089=AXIS2_PLACEMENT_3D('',#4086,#4087,#4088);
#4090=PLANE('',#4089);
#4091=ORIENTED_EDGE('',*,*,#2139,.F.);
#4092=ORIENTED_EDGE('',*,*,#4069,.T.);
#4093=ORIENTED_EDGE('',*,*,#2498,.T.);
#4094=ORIENTED_EDGE('',*,*,#726,.F.);
#4095=EDGE_LOOP('',(#4091,#4092,#4093,#4094));
#4096=FACE_BOUND('',#4095,.T.);
#4097=ADVANCED_FACE('',(#4096),#4090,.F.);
#4098=CARTESIAN_POINT('',(-0.900921656,36.5,-9.505196898));
#4099=DIRECTION('',(0.,-1.,0.));
#4100=DIRECTION('',(0.239315664,0.,0.970941817));
#4101=AXIS2_PLACEMENT_3D('',#4098,#4099,#4100);
#4102=CYLINDRICAL_SURFACE('',#4101,0.5);
#4103=ORIENTED_EDGE('',*,*,#2635,.F.);
#4104=CARTESIAN_POINT('',(-1.211977271,1.5,-9.896661333));
#4105=DIRECTION('',(-0.,1.,-0.));
#4106=VECTOR('',#4105,35.);
#4107=LINE('',#4104,#4106);
#4108=EDGE_CURVE('',#2620,#1999,#4107,.T.);
#4109=ORIENTED_EDGE('',*,*,#4108,.T.);
#4110=ORIENTED_EDGE('',*,*,#2005,.F.);
#4111=CARTESIAN_POINT('',(-1.386392565,1.5,-9.385539066));
#4112=DIRECTION('',(-0.,1.,-0.));
#4113=VECTOR('',#4112,35.);
#4114=LINE('',#4111,#4113);
#4115=EDGE_CURVE('',#2629,#1991,#4114,.T.);
#4116=ORIENTED_EDGE('',*,*,#4115,.F.);
#4117=EDGE_LOOP('',(#4103,#4109,#4110,#4116));
#4118=FACE_BOUND('',#4117,.T.);
#4119=ADVANCED_FACE('',(#4118),#4102,.F.);
#4120=CARTESIAN_POINT('',(-1.274188394,36.5,-9.97495422));
#4121=DIRECTION('',(0.,-1.,0.));
#4122=DIRECTION('',(0.239315664,0.,0.970941817));
#4123=AXIS2_PLACEMENT_3D('',#4120,#4121,#4122);
#4124=CYLINDRICAL_SURFACE('',#4123,0.1);
#4125=ORIENTED_EDGE('',*,*,#2014,.F.);
#4126=ORIENTED_EDGE('',*,*,#4108,.F.);
#4127=ORIENTED_EDGE('',*,*,#2626,.F.);
#4128=CARTESIAN_POINT('',(-1.177094213,36.5,-9.998885787));
#4129=DIRECTION('',(0.,-1.,0.));
#4130=VECTOR('',#4129,35.);
#4131=LINE('',#4128,#4130);
#4132=EDGE_CURVE('',#2008,#2612,#4131,.T.);
#4133=ORIENTED_EDGE('',*,*,#4132,.F.);
#4134=EDGE_LOOP('',(#4125,#4126,#4127,#4133));
#4135=FACE_BOUND('',#4134,.T.);
#4136=ADVANCED_FACE('',(#4135),#4124,.T.);
#4137=CARTESIAN_POINT('',(-1.233054761,36.5,-10.225926655));
#4138=DIRECTION('',(-0.970941817,0.,0.239315664));
#4139=DIRECTION('',(0.239315664,0.,0.970941817));
#4140=AXIS2_PLACEMENT_3D('',#4137,#4138,#4139);
#4141=PLANE('',#4140);
#4142=ORIENTED_EDGE('',*,*,#2022,.F.);
#4143=ORIENTED_EDGE('',*,*,#4132,.T.);
#4144=ORIENTED_EDGE('',*,*,#2617,.T.);
#4145=CARTESIAN_POINT('',(-1.233054761,36.5,-10.225926655));
#4146=DIRECTION('',(0.,-1.,0.));
#4147=VECTOR('',#4146,35.);
#4148=LINE('',#4145,#4147);
#4149=EDGE_CURVE('',#2017,#2603,#4148,.T.);
#4150=ORIENTED_EDGE('',*,*,#4149,.F.);
#4151=EDGE_LOOP('',(#4142,#4143,#4144,#4150));
#4152=FACE_BOUND('',#4151,.T.);
#4153=ADVANCED_FACE('',(#4152),#4141,.F.);
#4154=CARTESIAN_POINT('',(-0.,36.5,0.));
#4155=DIRECTION('',(0.,-1.,0.));
#4156=DIRECTION('',(0.239315664,0.,0.970941817));
#4157=AXIS2_PLACEMENT_3D('',#4154,#4155,#4156);
#4158=CYLINDRICAL_SURFACE('',#4157,10.3);
#4159=ORIENTED_EDGE('',*,*,#2609,.T.);
#4160=CARTESIAN_POINT('',(-3.660409304,36.5,-9.627637494));
#4161=DIRECTION('',(0.,-1.,0.));
#4162=VECTOR('',#4161,35.);
#4163=LINE('',#4160,#4162);
#4164=EDGE_CURVE('',#2025,#2595,#4163,.T.);
#4165=ORIENTED_EDGE('',*,*,#4164,.F.);
#4166=ORIENTED_EDGE('',*,*,#2031,.F.);
#4167=ORIENTED_EDGE('',*,*,#4149,.T.);
#4168=EDGE_LOOP('',(#4159,#4165,#4166,#4167));
#4169=FACE_BOUND('',#4168,.T.);
#4170=ADVANCED_FACE('',(#4169),#4158,.T.);
#4171=CARTESIAN_POINT('',(-3.660409304,36.5,-9.627637494));
#4172=DIRECTION('',(0.970941817,0.,-0.239315664));
#4173=DIRECTION('',(-0.239315664,0.,-0.970941817));
#4174=AXIS2_PLACEMENT_3D('',#4171,#4172,#4173);
#4175=PLANE('',#4174);
#4176=ORIENTED_EDGE('',*,*,#2600,.T.);
#4177=CARTESIAN_POINT('',(-3.604448756,1.5,-9.400596626));
#4178=DIRECTION('',(-0.,1.,-0.));
#4179=VECTOR('',#4178,35.);
#4180=LINE('',#4177,#4179);
#4181=EDGE_CURVE('',#2586,#2034,#4180,.T.);
#4182=ORIENTED_EDGE('',*,*,#4181,.T.);
#4183=ORIENTED_EDGE('',*,*,#2039,.F.);
#4184=ORIENTED_EDGE('',*,*,#4164,.T.);
#4185=EDGE_LOOP('',(#4176,#4182,#4183,#4184));
#4186=FACE_BOUND('',#4185,.T.);
#4187=ADVANCED_FACE('',(#4186),#4175,.F.);
#4188=CARTESIAN_POINT('',(-3.507354575,36.5,-9.424528193));
#4189=DIRECTION('',(0.,-1.,0.));
#4190=DIRECTION('',(0.239315664,0.,0.970941817));
#4191=AXIS2_PLACEMENT_3D('',#4188,#4189,#4190);
#4192=CYLINDRICAL_SURFACE('',#4191,0.1);
#4193=ORIENTED_EDGE('',*,*,#2048,.F.);
#4194=ORIENTED_EDGE('',*,*,#4181,.F.);
#4195=ORIENTED_EDGE('',*,*,#2592,.F.);
#4196=CARTESIAN_POINT('',(-3.52605527,36.5,-9.326292333));
#4197=DIRECTION('',(0.,-1.,0.));
#4198=VECTOR('',#4197,35.);
#4199=LINE('',#4196,#4198);
#4200=EDGE_CURVE('',#2042,#2577,#4199,.T.);
#4201=ORIENTED_EDGE('',*,*,#4200,.F.);
#4202=EDGE_LOOP('',(#4193,#4194,#4195,#4201));
#4203=FACE_BOUND('',#4202,.T.);
#4204=ADVANCED_FACE('',(#4203),#4192,.T.);
#4205=CARTESIAN_POINT('',(-3.619558745,36.5,-8.835113038));
#4206=DIRECTION('',(0.,-1.,0.));
#4207=DIRECTION('',(0.239315664,0.,0.970941817));
#4208=AXIS2_PLACEMENT_3D('',#4205,#4206,#4207);
#4209=CYLINDRICAL_SURFACE('',#4208,0.5);
#4210=ORIENTED_EDGE('',*,*,#2057,.F.);
#4211=ORIENTED_EDGE('',*,*,#4200,.T.);
#4212=ORIENTED_EDGE('',*,*,#2583,.F.);
#4213=CARTESIAN_POINT('',(-3.134087836,36.5,-8.95477087));
#4214=DIRECTION('',(0.,-1.,0.));
#4215=VECTOR('',#4214,35.);
#4216=LINE('',#4213,#4215);
#4217=EDGE_CURVE('',#2051,#2569,#4216,.T.);
#4218=ORIENTED_EDGE('',*,*,#4217,.F.);
#4219=EDGE_LOOP('',(#4210,#4211,#4212,#4218));
#4220=FACE_BOUND('',#4219,.T.);
#4221=ADVANCED_FACE('',(#4220),#4209,.F.);
#4222=CARTESIAN_POINT('',(-1.509597016,36.5,-9.885399175));
#4223=DIRECTION('',(-0.970941817,0.,0.239315664));
#4224=DIRECTION('',(0.239315664,0.,0.970941817));
#4225=AXIS2_PLACEMENT_3D('',#4222,#4223,#4224);
#4226=PLANE('',#4225);
#4227=ORIENTED_EDGE('',*,*,#2641,.T.);
#4228=ORIENTED_EDGE('',*,*,#4115,.T.);
#4229=ORIENTED_EDGE('',*,*,#1996,.F.);
#4230=ORIENTED_EDGE('',*,*,#793,.T.);
#4231=EDGE_LOOP('',(#4227,#4228,#4229,#4230));
#4232=FACE_BOUND('',#4231,.T.);
#4233=ADVANCED_FACE('',(#4232),#4226,.F.);
#4234=CARTESIAN_POINT('',(-3.257292287,36.5,-9.454630979));
#4235=DIRECTION('',(0.970941817,0.,-0.239315664));
#4236=DIRECTION('',(-0.239315664,0.,-0.970941817));
#4237=AXIS2_PLACEMENT_3D('',#4234,#4235,#4236);
#4238=PLANE('',#4237);
#4239=ORIENTED_EDGE('',*,*,#2063,.F.);
#4240=ORIENTED_EDGE('',*,*,#4217,.T.);
#4241=ORIENTED_EDGE('',*,*,#2574,.T.);
#4242=ORIENTED_EDGE('',*,*,#768,.F.);
#4243=EDGE_LOOP('',(#4239,#4240,#4241,#4242));
#4244=FACE_BOUND('',#4243,.T.);
#4245=ADVANCED_FACE('',(#4244),#4238,.F.);
#4246=CARTESIAN_POINT('',(3.619558745,36.5,-8.835113038));
#4247=DIRECTION('',(0.,-1.,0.));
#4248=DIRECTION('',(-0.239315664,0.,0.970941817));
#4249=AXIS2_PLACEMENT_3D('',#4246,#4247,#4248);
#4250=CYLINDRICAL_SURFACE('',#4249,0.5);
#4251=ORIENTED_EDGE('',*,*,#2711,.F.);
#4252=CARTESIAN_POINT('',(3.52605527,1.5,-9.326292333));
#4253=DIRECTION('',(-0.,1.,-0.));
#4254=VECTOR('',#4253,35.);
#4255=LINE('',#4252,#4254);
#4256=EDGE_CURVE('',#2696,#1923,#4255,.T.);
#4257=ORIENTED_EDGE('',*,*,#4256,.T.);
#4258=ORIENTED_EDGE('',*,*,#1929,.F.);
#4259=CARTESIAN_POINT('',(3.134087836,1.5,-8.95477087));
#4260=DIRECTION('',(-0.,1.,-0.));
#4261=VECTOR('',#4260,35.);
#4262=LINE('',#4259,#4261);
#4263=EDGE_CURVE('',#2705,#1915,#4262,.T.);
#4264=ORIENTED_EDGE('',*,*,#4263,.F.);
#4265=EDGE_LOOP('',(#4251,#4257,#4258,#4264));
#4266=FACE_BOUND('',#4265,.T.);
#4267=ADVANCED_FACE('',(#4266),#4250,.F.);
#4268=CARTESIAN_POINT('',(3.507354575,36.5,-9.424528193));
#4269=DIRECTION('',(0.,-1.,0.));
#4270=DIRECTION('',(-0.239315664,0.,0.970941817));
#4271=AXIS2_PLACEMENT_3D('',#4268,#4269,#4270);
#4272=CYLINDRICAL_SURFACE('',#4271,0.1);
#4273=ORIENTED_EDGE('',*,*,#1938,.F.);
#4274=ORIENTED_EDGE('',*,*,#4256,.F.);
#4275=ORIENTED_EDGE('',*,*,#2702,.F.);
#4276=CARTESIAN_POINT('',(3.604448756,36.5,-9.400596626));
#4277=DIRECTION('',(0.,-1.,0.));
#4278=VECTOR('',#4277,35.);
#4279=LINE('',#4276,#4278);
#4280=EDGE_CURVE('',#1932,#2688,#4279,.T.);
#4281=ORIENTED_EDGE('',*,*,#4280,.F.);
#4282=EDGE_LOOP('',(#4273,#4274,#4275,#4281));
#4283=FACE_BOUND('',#4282,.T.);
#4284=ADVANCED_FACE('',(#4283),#4272,.T.);
#4285=CARTESIAN_POINT('',(3.660409304,36.5,-9.627637494));
#4286=DIRECTION('',(-0.970941817,0.,-0.239315664));
#4287=DIRECTION('',(-0.239315664,0.,0.970941817));
#4288=AXIS2_PLACEMENT_3D('',#4285,#4286,#4287);
#4289=PLANE('',#4288);
#4290=ORIENTED_EDGE('',*,*,#1946,.F.);
#4291=ORIENTED_EDGE('',*,*,#4280,.T.);
#4292=ORIENTED_EDGE('',*,*,#2693,.T.);
#4293=CARTESIAN_POINT('',(3.660409304,36.5,-9.627637494));
#4294=DIRECTION('',(0.,-1.,0.));
#4295=VECTOR('',#4294,35.);
#4296=LINE('',#4293,#4295);
#4297=EDGE_CURVE('',#1941,#2679,#4296,.T.);
#4298=ORIENTED_EDGE('',*,*,#4297,.F.);
#4299=EDGE_LOOP('',(#4290,#4291,#4292,#4298));
#4300=FACE_BOUND('',#4299,.T.);
#4301=ADVANCED_FACE('',(#4300),#4289,.F.);
#4302=CARTESIAN_POINT('',(-0.,36.5,0.));
#4303=DIRECTION('',(0.,-1.,0.));
#4304=DIRECTION('',(-0.239315664,0.,0.970941817));
#4305=AXIS2_PLACEMENT_3D('',#4302,#4303,#4304);
#4306=CYLINDRICAL_SURFACE('',#4305,10.3);
#4307=ORIENTED_EDGE('',*,*,#2685,.T.);
#4308=CARTESIAN_POINT('',(1.233054761,36.5,-10.225926655));
#4309=DIRECTION('',(0.,-1.,0.));
#4310=VECTOR('',#4309,35.);
#4311=LINE('',#4308,#4310);
#4312=EDGE_CURVE('',#1949,#2671,#4311,.T.);
#4313=ORIENTED_EDGE('',*,*,#4312,.F.);
#4314=ORIENTED_EDGE('',*,*,#1955,.F.);
#4315=ORIENTED_EDGE('',*,*,#4297,.T.);
#4316=EDGE_LOOP('',(#4307,#4313,#4314,#4315));
#4317=FACE_BOUND('',#4316,.T.);
#4318=ADVANCED_FACE('',(#4317),#4306,.T.);
#4319=CARTESIAN_POINT('',(1.233054761,36.5,-10.225926655));
#4320=DIRECTION('',(0.970941817,0.,0.239315664));
#4321=DIRECTION('',(0.239315664,0.,-0.970941817));
#4322=AXIS2_PLACEMENT_3D('',#4319,#4320,#4321);
#4323=PLANE('',#4322);
#4324=ORIENTED_EDGE('',*,*,#2676,.T.);
#4325=CARTESIAN_POINT('',(1.177094213,1.5,-9.998885787));
#4326=DIRECTION('',(-0.,1.,-0.));
#4327=VECTOR('',#4326,35.);
#4328=LINE('',#4325,#4327);
#4329=EDGE_CURVE('',#2662,#1958,#4328,.T.);
#4330=ORIENTED_EDGE('',*,*,#4329,.T.);
#4331=ORIENTED_EDGE('',*,*,#1963,.F.);
#4332=ORIENTED_EDGE('',*,*,#4312,.T.);
#4333=EDGE_LOOP('',(#4324,#4330,#4331,#4332));
#4334=FACE_BOUND('',#4333,.T.);
#4335=ADVANCED_FACE('',(#4334),#4323,.F.);
#4336=CARTESIAN_POINT('',(1.274188394,36.5,-9.97495422));
#4337=DIRECTION('',(0.,-1.,0.));
#4338=DIRECTION('',(-0.239315664,0.,0.970941817));
#4339=AXIS2_PLACEMENT_3D('',#4336,#4337,#4338);
#4340=CYLINDRICAL_SURFACE('',#4339,0.1);
#4341=ORIENTED_EDGE('',*,*,#1972,.F.);
#4342=ORIENTED_EDGE('',*,*,#4329,.F.);
#4343=ORIENTED_EDGE('',*,*,#2668,.F.);
#4344=CARTESIAN_POINT('',(1.211977271,36.5,-9.896661333));
#4345=DIRECTION('',(0.,-1.,0.));
#4346=VECTOR('',#4345,35.);
#4347=LINE('',#4344,#4346);
#4348=EDGE_CURVE('',#1966,#2653,#4347,.T.);
#4349=ORIENTED_EDGE('',*,*,#4348,.F.);
#4350=EDGE_LOOP('',(#4341,#4342,#4343,#4349));
#4351=FACE_BOUND('',#4350,.T.);
#4352=ADVANCED_FACE('',(#4351),#4340,.T.);
#4353=CARTESIAN_POINT('',(0.900921656,36.5,-9.505196898));
#4354=DIRECTION('',(0.,-1.,0.));
#4355=DIRECTION('',(-0.239315664,0.,0.970941817));
#4356=AXIS2_PLACEMENT_3D('',#4353,#4354,#4355);
#4357=CYLINDRICAL_SURFACE('',#4356,0.5);
#4358=ORIENTED_EDGE('',*,*,#1981,.F.);
#4359=ORIENTED_EDGE('',*,*,#4348,.T.);
#4360=ORIENTED_EDGE('',*,*,#2659,.F.);
#4361=CARTESIAN_POINT('',(1.386392565,36.5,-9.385539066));
#4362=DIRECTION('',(0.,-1.,0.));
#4363=VECTOR('',#4362,35.);
#4364=LINE('',#4361,#4363);
#4365=EDGE_CURVE('',#1975,#2645,#4364,.T.);
#4366=ORIENTED_EDGE('',*,*,#4365,.F.);
#4367=EDGE_LOOP('',(#4358,#4359,#4360,#4366));
#4368=FACE_BOUND('',#4367,.T.);
#4369=ADVANCED_FACE('',(#4368),#4357,.F.);
#4370=CARTESIAN_POINT('',(3.257292287,36.5,-9.454630979));
#4371=DIRECTION('',(-0.970941817,0.,-0.239315664));
#4372=DIRECTION('',(-0.239315664,0.,0.970941817));
#4373=AXIS2_PLACEMENT_3D('',#4370,#4371,#4372);
#4374=PLANE('',#4373);
#4375=ORIENTED_EDGE('',*,*,#2717,.T.);
#4376=ORIENTED_EDGE('',*,*,#4263,.T.);
#4377=ORIENTED_EDGE('',*,*,#1920,.F.);
#4378=ORIENTED_EDGE('',*,*,#835,.T.);
#4379=EDGE_LOOP('',(#4375,#4376,#4377,#4378));
#4380=FACE_BOUND('',#4379,.T.);
#4381=ADVANCED_FACE('',(#4380),#4374,.F.);
#4382=CARTESIAN_POINT('',(1.509597016,36.5,-9.885399175));
#4383=DIRECTION('',(0.970941817,0.,0.239315664));
#4384=DIRECTION('',(0.239315664,0.,-0.970941817));
#4385=AXIS2_PLACEMENT_3D('',#4382,#4383,#4384);
#4386=PLANE('',#4385);
#4387=ORIENTED_EDGE('',*,*,#1987,.F.);
#4388=ORIENTED_EDGE('',*,*,#4365,.T.);
#4389=ORIENTED_EDGE('',*,*,#2650,.T.);
#4390=ORIENTED_EDGE('',*,*,#810,.F.);
#4391=EDGE_LOOP('',(#4387,#4388,#4389,#4390));
#4392=FACE_BOUND('',#4391,.T.);
#4393=ADVANCED_FACE('',(#4392),#4386,.F.);
#4394=CARTESIAN_POINT('',(7.310841857,36.5,-6.141011256));
#4395=DIRECTION('',(0.,-1.,0.));
#4396=DIRECTION('',(-0.663122658,0.,0.748510748));
#4397=AXIS2_PLACEMENT_3D('',#4394,#4395,#4396);
#4398=CYLINDRICAL_SURFACE('',#4397,0.5);
#4399=ORIENTED_EDGE('',*,*,#2787,.F.);
#4400=CARTESIAN_POINT('',(7.456311042,1.5,-6.619382154));
#4401=DIRECTION('',(-0.,1.,-0.));
#4402=VECTOR('',#4401,35.);
#4403=LINE('',#4400,#4402);
#4404=EDGE_CURVE('',#2772,#1847,#4403,.T.);
#4405=ORIENTED_EDGE('',*,*,#4404,.T.);
#4406=ORIENTED_EDGE('',*,*,#1853,.F.);
#4407=CARTESIAN_POINT('',(6.936586483,1.5,-6.472572585));
#4408=DIRECTION('',(-0.,1.,-0.));
#4409=VECTOR('',#4408,35.);
#4410=LINE('',#4407,#4409);
#4411=EDGE_CURVE('',#2781,#1839,#4410,.T.);
#4412=ORIENTED_EDGE('',*,*,#4411,.F.);
#4413=EDGE_LOOP('',(#4399,#4405,#4406,#4412));
#4414=FACE_BOUND('',#4413,.T.);
#4415=ADVANCED_FACE('',(#4414),#4398,.F.);
#4416=CARTESIAN_POINT('',(7.485404879,36.5,-6.715056334));
#4417=DIRECTION('',(0.,-1.,0.));
#4418=DIRECTION('',(-0.663122658,0.,0.748510748));
#4419=AXIS2_PLACEMENT_3D('',#4416,#4417,#4418);
#4420=CYLINDRICAL_SURFACE('',#4419,0.1);
#4421=ORIENTED_EDGE('',*,*,#1862,.F.);
#4422=ORIENTED_EDGE('',*,*,#4404,.F.);
#4423=ORIENTED_EDGE('',*,*,#2778,.F.);
#4424=CARTESIAN_POINT('',(7.560255954,36.5,-6.648744068));
#4425=DIRECTION('',(0.,-1.,0.));
#4426=VECTOR('',#4425,35.);
#4427=LINE('',#4424,#4426);
#4428=EDGE_CURVE('',#1856,#2764,#4427,.T.);
#4429=ORIENTED_EDGE('',*,*,#4428,.F.);
#4430=EDGE_LOOP('',(#4421,#4422,#4423,#4429));
#4431=FACE_BOUND('',#4430,.T.);
#4432=ADVANCED_FACE('',(#4431),#4420,.T.);
#4433=CARTESIAN_POINT('',(7.715317711,36.5,-6.823772609));
#4434=DIRECTION('',(-0.748510748,0.,-0.663122658));
#4435=DIRECTION('',(-0.663122658,0.,0.748510748));
#4436=AXIS2_PLACEMENT_3D('',#4433,#4434,#4435);
#4437=PLANE('',#4436);
#4438=ORIENTED_EDGE('',*,*,#1870,.F.);
#4439=ORIENTED_EDGE('',*,*,#4428,.T.);
#4440=ORIENTED_EDGE('',*,*,#2769,.T.);
#4441=CARTESIAN_POINT('',(7.715317711,36.5,-6.823772609));
#4442=DIRECTION('',(0.,-1.,0.));
#4443=VECTOR('',#4442,35.);
#4444=LINE('',#4441,#4443);
#4445=EDGE_CURVE('',#1865,#2755,#4444,.T.);
#4446=ORIENTED_EDGE('',*,*,#4445,.F.);
#4447=EDGE_LOOP('',(#4438,#4439,#4440,#4446));
#4448=FACE_BOUND('',#4447,.T.);
#4449=ADVANCED_FACE('',(#4448),#4437,.F.);
#4450=CARTESIAN_POINT('',(-0.,36.5,0.));
#4451=DIRECTION('',(0.,-1.,0.));
#4452=DIRECTION('',(-0.663122658,0.,0.748510748));
#4453=AXIS2_PLACEMENT_3D('',#4450,#4451,#4452);
#4454=CYLINDRICAL_SURFACE('',#4453,10.3);
#4455=ORIENTED_EDGE('',*,*,#2761,.T.);
#4456=CARTESIAN_POINT('',(5.84404084,36.5,-8.481579255));
#4457=DIRECTION('',(0.,-1.,0.));
#4458=VECTOR('',#4457,35.);
#4459=LINE('',#4456,#4458);
#4460=EDGE_CURVE('',#1873,#2747,#4459,.T.);
#4461=ORIENTED_EDGE('',*,*,#4460,.F.);
#4462=ORIENTED_EDGE('',*,*,#1879,.F.);
#4463=ORIENTED_EDGE('',*,*,#4445,.T.);
#4464=EDGE_LOOP('',(#4455,#4461,#4462,#4463));
#4465=FACE_BOUND('',#4464,.T.);
#4466=ADVANCED_FACE('',(#4465),#4454,.T.);
#4467=CARTESIAN_POINT('',(5.84404084,36.5,-8.481579255));
#4468=DIRECTION('',(0.748510748,0.,0.663122658));
#4469=DIRECTION('',(0.663122658,0.,-0.748510748));
#4470=AXIS2_PLACEMENT_3D('',#4467,#4468,#4469);
#4471=PLANE('',#4470);
#4472=ORIENTED_EDGE('',*,*,#2752,.T.);
#4473=CARTESIAN_POINT('',(5.688979083,1.5,-8.306550713));
#4474=DIRECTION('',(-0.,1.,-0.));
#4475=VECTOR('',#4474,35.);
#4476=LINE('',#4473,#4475);
#4477=EDGE_CURVE('',#2738,#1882,#4476,.T.);
#4478=ORIENTED_EDGE('',*,*,#4477,.T.);
#4479=ORIENTED_EDGE('',*,*,#1887,.F.);
#4480=ORIENTED_EDGE('',*,*,#4460,.T.);
#4481=EDGE_LOOP('',(#4472,#4478,#4479,#4480));
#4482=FACE_BOUND('',#4481,.T.);
#4483=ADVANCED_FACE('',(#4482),#4471,.F.);
#4484=CARTESIAN_POINT('',(5.763830158,36.5,-8.240238448));
#4485=DIRECTION('',(0.,-1.,0.));
#4486=DIRECTION('',(-0.663122658,0.,0.748510748));
#4487=AXIS2_PLACEMENT_3D('',#4484,#4485,#4486);
#4488=CYLINDRICAL_SURFACE('',#4487,0.1);
#4489=ORIENTED_EDGE('',*,*,#1896,.F.);
#4490=ORIENTED_EDGE('',*,*,#4477,.F.);
#4491=ORIENTED_EDGE('',*,*,#2744,.F.);
#4492=CARTESIAN_POINT('',(5.672360425,36.5,-8.199824489));
#4493=DIRECTION('',(0.,-1.,0.));
#4494=VECTOR('',#4493,35.);
#4495=LINE('',#4492,#4494);
#4496=EDGE_CURVE('',#1890,#2729,#4495,.T.);
#4497=ORIENTED_EDGE('',*,*,#4496,.F.);
#4498=EDGE_LOOP('',(#4489,#4490,#4491,#4497));
#4499=FACE_BOUND('',#4498,.T.);
#4500=ADVANCED_FACE('',(#4499),#4488,.T.);
#4501=CARTESIAN_POINT('',(5.215011762,36.5,-7.997754699));
#4502=DIRECTION('',(0.,-1.,0.));
#4503=DIRECTION('',(-0.663122658,0.,0.748510748));
#4504=AXIS2_PLACEMENT_3D('',#4501,#4502,#4503);
#4505=CYLINDRICAL_SURFACE('',#4504,0.5);
#4506=ORIENTED_EDGE('',*,*,#1905,.F.);
#4507=ORIENTED_EDGE('',*,*,#4496,.T.);
#4508=ORIENTED_EDGE('',*,*,#2735,.F.);
#4509=CARTESIAN_POINT('',(5.589267136,36.5,-7.66619337));
#4510=DIRECTION('',(0.,-1.,0.));
#4511=VECTOR('',#4510,35.);
#4512=LINE('',#4509,#4511);
#4513=EDGE_CURVE('',#1899,#2721,#4512,.T.);
#4514=ORIENTED_EDGE('',*,*,#4513,.F.);
#4515=EDGE_LOOP('',(#4506,#4507,#4508,#4514));
#4516=FACE_BOUND('',#4515,.T.);
#4517=ADVANCED_FACE('',(#4516),#4505,.F.);
#4518=CARTESIAN_POINT('',(7.277975182,36.5,-6.857920767));
#4519=DIRECTION('',(-0.748510748,0.,-0.663122658));
#4520=DIRECTION('',(-0.663122658,0.,0.748510748));
#4521=AXIS2_PLACEMENT_3D('',#4518,#4519,#4520);
#4522=PLANE('',#4521);
#4523=ORIENTED_EDGE('',*,*,#2795,.T.);
#4524=ORIENTED_EDGE('',*,*,#4411,.T.);
#4525=ORIENTED_EDGE('',*,*,#1844,.F.);
#4526=CARTESIAN_POINT('',(4.002508998,36.5,-3.160683742));
#4527=DIRECTION('',(0.,-1.,0.));
#4528=VECTOR('',#4527,35.);
#4529=LINE('',#4526,#4528);
#4530=EDGE_CURVE('',#1830,#2790,#4529,.T.);
#4531=ORIENTED_EDGE('',*,*,#4530,.T.);
#4532=EDGE_LOOP('',(#4523,#4524,#4525,#4531));
#4533=FACE_BOUND('',#4532,.T.);
#4534=ADVANCED_FACE('',(#4533),#4522,.F.);
#4535=CARTESIAN_POINT('',(5.930655836,36.5,-8.051541552));
#4536=DIRECTION('',(0.748510748,0.,0.663122658));
#4537=DIRECTION('',(0.663122658,0.,-0.748510748));
#4538=AXIS2_PLACEMENT_3D('',#4535,#4536,#4537);
#4539=PLANE('',#4538);
#4540=ORIENTED_EDGE('',*,*,#1911,.F.);
#4541=ORIENTED_EDGE('',*,*,#4513,.T.);
#4542=ORIENTED_EDGE('',*,*,#2726,.T.);
#4543=ORIENTED_EDGE('',*,*,#852,.F.);
#4544=EDGE_LOOP('',(#4540,#4541,#4542,#4543));
#4545=FACE_BOUND('',#4544,.T.);
#4546=ADVANCED_FACE('',(#4545),#4539,.F.);
#4547=CARTESIAN_POINT('',(9.327299205,36.5,-2.040077802));
#4548=DIRECTION('',(0.,-1.,0.));
#4549=DIRECTION('',(-0.935016243,0.,0.354604887));
#4550=AXIS2_PLACEMENT_3D('',#4547,#4548,#4549);
#4551=CYLINDRICAL_SURFACE('',#4550,0.5);
#4552=ORIENTED_EDGE('',*,*,#2872,.F.);
#4553=CARTESIAN_POINT('',(9.678415813,1.5,-2.396051295));
#4554=DIRECTION('',(-0.,1.,-0.));
#4555=VECTOR('',#4554,35.);
#4556=LINE('',#4553,#4555);
#4557=EDGE_CURVE('',#2857,#1762,#4556,.T.);
#4558=ORIENTED_EDGE('',*,*,#4557,.T.);
#4559=ORIENTED_EDGE('',*,*,#1768,.F.);
#4560=CARTESIAN_POINT('',(9.149996762,1.5,-2.507585923));
#4561=DIRECTION('',(-0.,1.,-0.));
#4562=VECTOR('',#4561,35.);
#4563=LINE('',#4560,#4562);
#4564=EDGE_CURVE('',#2866,#1754,#4563,.T.);
#4565=ORIENTED_EDGE('',*,*,#4564,.F.);
#4566=EDGE_LOOP('',(#4552,#4558,#4559,#4565));
#4567=FACE_BOUND('',#4566,.T.);
#4568=ADVANCED_FACE('',(#4567),#4551,.F.);
#4569=CARTESIAN_POINT('',(9.748639134,36.5,-2.467245994));
#4570=DIRECTION('',(0.,-1.,0.));
#4571=DIRECTION('',(-0.935016243,0.,0.354604887));
#4572=AXIS2_PLACEMENT_3D('',#4569,#4570,#4571);
#4573=CYLINDRICAL_SURFACE('',#4572,0.1);
#4574=ORIENTED_EDGE('',*,*,#1777,.F.);
#4575=ORIENTED_EDGE('',*,*,#4557,.F.);
#4576=ORIENTED_EDGE('',*,*,#2863,.F.);
#4577=CARTESIAN_POINT('',(9.784099623,36.5,-2.37374437));
#4578=DIRECTION('',(0.,-1.,0.));
#4579=VECTOR('',#4578,35.);
#4580=LINE('',#4577,#4579);
#4581=EDGE_CURVE('',#1771,#2849,#4580,.T.);
#4582=ORIENTED_EDGE('',*,*,#4581,.F.);
#4583=EDGE_LOOP('',(#4574,#4575,#4576,#4582));
#4584=FACE_BOUND('',#4583,.T.);
#4585=ADVANCED_FACE('',(#4584),#4573,.T.);
#4586=CARTESIAN_POINT('',(10.002739809,36.5,-2.456663655));
#4587=DIRECTION('',(-0.354604887,0.,-0.935016243));
#4588=DIRECTION('',(-0.935016243,0.,0.354604887));
#4589=AXIS2_PLACEMENT_3D('',#4586,#4587,#4588);
#4590=PLANE('',#4589);
#4591=ORIENTED_EDGE('',*,*,#1785,.F.);
#4592=ORIENTED_EDGE('',*,*,#4581,.T.);
#4593=ORIENTED_EDGE('',*,*,#2854,.T.);
#4594=CARTESIAN_POINT('',(10.002739809,36.5,-2.456663655));
#4595=DIRECTION('',(0.,-1.,0.));
#4596=VECTOR('',#4595,35.);
#4597=LINE('',#4594,#4596);
#4598=EDGE_CURVE('',#1780,#2840,#4597,.T.);
#4599=ORIENTED_EDGE('',*,*,#4598,.F.);
#4600=EDGE_LOOP('',(#4591,#4592,#4593,#4599));
#4601=FACE_BOUND('',#4600,.T.);
#4602=ADVANCED_FACE('',(#4601),#4590,.F.);
#4603=CARTESIAN_POINT('',(-0.,36.5,0.));
#4604=DIRECTION('',(0.,-1.,0.));
#4605=DIRECTION('',(-0.935016243,0.,0.354604887));
#4606=AXIS2_PLACEMENT_3D('',#4603,#4604,#4605);
#4607=CYLINDRICAL_SURFACE('',#4606,10.3);
#4608=ORIENTED_EDGE('',*,*,#2846,.T.);
#4609=CARTESIAN_POINT('',(9.116227591,36.5,-4.794204262));
#4610=DIRECTION('',(0.,-1.,0.));
#4611=VECTOR('',#4610,35.);
#4612=LINE('',#4609,#4611);
#4613=EDGE_CURVE('',#1788,#2832,#4612,.T.);
#4614=ORIENTED_EDGE('',*,*,#4613,.F.);
#4615=ORIENTED_EDGE('',*,*,#1794,.F.);
#4616=ORIENTED_EDGE('',*,*,#4598,.T.);
#4617=EDGE_LOOP('',(#4608,#4614,#4615,#4616));
#4618=FACE_BOUND('',#4617,.T.);
#4619=ADVANCED_FACE('',(#4618),#4607,.T.);
#4620=CARTESIAN_POINT('',(9.116227591,36.5,-4.794204262));
#4621=DIRECTION('',(0.354604887,0.,0.935016243));
#4622=DIRECTION('',(0.935016243,0.,-0.354604887));
#4623=AXIS2_PLACEMENT_3D('',#4620,#4621,#4622);
#4624=PLANE('',#4623);
#4625=ORIENTED_EDGE('',*,*,#2837,.T.);
#4626=CARTESIAN_POINT('',(8.897587405,1.5,-4.711284976));
#4627=DIRECTION('',(-0.,1.,-0.));
#4628=VECTOR('',#4627,35.);
#4629=LINE('',#4626,#4628);
#4630=EDGE_CURVE('',#2823,#1797,#4629,.T.);
#4631=ORIENTED_EDGE('',*,*,#4630,.T.);
#4632=ORIENTED_EDGE('',*,*,#1802,.F.);
#4633=ORIENTED_EDGE('',*,*,#4613,.T.);
#4634=EDGE_LOOP('',(#4625,#4631,#4632,#4633));
#4635=FACE_BOUND('',#4634,.T.);
#4636=ADVANCED_FACE('',(#4635),#4624,.F.);
#4637=CARTESIAN_POINT('',(8.933047894,36.5,-4.617783352));
#4638=DIRECTION('',(0.,-1.,0.));
#4639=DIRECTION('',(-0.935016243,0.,0.354604887));
#4640=AXIS2_PLACEMENT_3D('',#4637,#4638,#4639);
#4641=CYLINDRICAL_SURFACE('',#4640,0.1);
#4642=ORIENTED_EDGE('',*,*,#1811,.F.);
#4643=ORIENTED_EDGE('',*,*,#4630,.F.);
#4644=ORIENTED_EDGE('',*,*,#2829,.F.);
#4645=CARTESIAN_POINT('',(8.833274165,36.5,-4.624506674));
#4646=DIRECTION('',(0.,-1.,0.));
#4647=VECTOR('',#4646,35.);
#4648=LINE('',#4645,#4647);
#4649=EDGE_CURVE('',#1805,#2814,#4648,.T.);
#4650=ORIENTED_EDGE('',*,*,#4649,.F.);
#4651=EDGE_LOOP('',(#4642,#4643,#4644,#4650));
#4652=FACE_BOUND('',#4651,.T.);
#4653=ADVANCED_FACE('',(#4652),#4641,.T.);
#4654=CARTESIAN_POINT('',(8.334405522,36.5,-4.658123281));
#4655=DIRECTION('',(0.,-1.,0.));
#4656=DIRECTION('',(-0.935016243,0.,0.354604887));
#4657=AXIS2_PLACEMENT_3D('',#4654,#4655,#4656);
#4658=CYLINDRICAL_SURFACE('',#4657,0.5);
#4659=ORIENTED_EDGE('',*,*,#1820,.F.);
#4660=ORIENTED_EDGE('',*,*,#4649,.T.);
#4661=ORIENTED_EDGE('',*,*,#2820,.F.);
#4662=CARTESIAN_POINT('',(8.511707965,36.5,-4.19061516));
#4663=DIRECTION('',(0.,-1.,0.));
#4664=VECTOR('',#4663,35.);
#4665=LINE('',#4662,#4664);
#4666=EDGE_CURVE('',#1814,#2806,#4665,.T.);
#4667=ORIENTED_EDGE('',*,*,#4666,.F.);
#4668=EDGE_LOOP('',(#4659,#4660,#4661,#4667));
#4669=FACE_BOUND('',#4668,.T.);
#4670=ADVANCED_FACE('',(#4669),#4658,.F.);
#4671=CARTESIAN_POINT('',(9.631361672,36.5,-2.690143554));
#4672=DIRECTION('',(-0.354604887,0.,-0.935016243));
#4673=DIRECTION('',(-0.935016243,0.,0.354604887));
#4674=AXIS2_PLACEMENT_3D('',#4671,#4672,#4673);
#4675=PLANE('',#4674);
#4676=ORIENTED_EDGE('',*,*,#2878,.T.);
#4677=ORIENTED_EDGE('',*,*,#4564,.T.);
#4678=ORIENTED_EDGE('',*,*,#1759,.F.);
#4679=ORIENTED_EDGE('',*,*,#919,.T.);
#4680=EDGE_LOOP('',(#4676,#4677,#4678,#4679));
#4681=FACE_BOUND('',#4680,.T.);
#4682=ADVANCED_FACE('',(#4681),#4675,.F.);
#4683=CARTESIAN_POINT('',(8.993072876,36.5,-4.373172791));
#4684=DIRECTION('',(0.354604887,0.,0.935016243));
#4685=DIRECTION('',(0.935016243,0.,-0.354604887));
#4686=AXIS2_PLACEMENT_3D('',#4683,#4684,#4685);
#4687=PLANE('',#4686);
#4688=ORIENTED_EDGE('',*,*,#1826,.F.);
#4689=ORIENTED_EDGE('',*,*,#4666,.T.);
#4690=ORIENTED_EDGE('',*,*,#2811,.T.);
#4691=ORIENTED_EDGE('',*,*,#894,.F.);
#4692=EDGE_LOOP('',(#4688,#4689,#4690,#4691));
#4693=FACE_BOUND('',#4692,.T.);
#4694=ADVANCED_FACE('',(#4693),#4687,.F.);
#4695=CARTESIAN_POINT('',(9.206984712,36.5,2.528212891));
#4696=DIRECTION('',(0.,-1.,-0.));
#4697=DIRECTION('',(-0.992708874,0.,-0.12053668));
#4698=AXIS2_PLACEMENT_3D('',#4695,#4696,#4697);
#4699=CYLINDRICAL_SURFACE('',#4698,0.5);
#4700=ORIENTED_EDGE('',*,*,#2948,.F.);
#4701=CARTESIAN_POINT('',(9.683312158,1.5,2.37618604));
#4702=DIRECTION('',(-0.,1.,-0.));
#4703=VECTOR('',#4702,35.);
#4704=LINE('',#4701,#4703);
#4705=EDGE_CURVE('',#2933,#1686,#4704,.T.);
#4706=ORIENTED_EDGE('',*,*,#4705,.T.);
#4707=ORIENTED_EDGE('',*,*,#1692,.F.);
#4708=CARTESIAN_POINT('',(9.267253052,1.5,2.031858454));
#4709=DIRECTION('',(-0.,1.,-0.));
#4710=VECTOR('',#4709,35.);
#4711=LINE('',#4708,#4710);
#4712=EDGE_CURVE('',#2942,#1678,#4711,.T.);
#4713=ORIENTED_EDGE('',*,*,#4712,.F.);
#4714=EDGE_LOOP('',(#4700,#4706,#4707,#4713));
#4715=FACE_BOUND('',#4714,.T.);
#4716=ADVANCED_FACE('',(#4715),#4699,.F.);
#4717=CARTESIAN_POINT('',(9.778577648,36.5,2.345780669));
#4718=DIRECTION('',(0.,-1.,-0.));
#4719=DIRECTION('',(-0.992708874,0.,-0.12053668));
#4720=AXIS2_PLACEMENT_3D('',#4717,#4718,#4719);
#4721=CYLINDRICAL_SURFACE('',#4720,0.1);
#4722=ORIENTED_EDGE('',*,*,#1701,.F.);
#4723=ORIENTED_EDGE('',*,*,#4705,.F.);
#4724=ORIENTED_EDGE('',*,*,#2939,.F.);
#4725=CARTESIAN_POINT('',(9.76652398,36.5,2.445051557));
#4726=DIRECTION('',(0.,-1.,0.));
#4727=VECTOR('',#4726,35.);
#4728=LINE('',#4725,#4727);
#4729=EDGE_CURVE('',#1695,#2925,#4728,.T.);
#4730=ORIENTED_EDGE('',*,*,#4729,.F.);
#4731=EDGE_LOOP('',(#4722,#4723,#4724,#4730));
#4732=FACE_BOUND('',#4731,.T.);
#4733=ADVANCED_FACE('',(#4732),#4721,.T.);
#4734=CARTESIAN_POINT('',(9.998654763,36.5,2.473237337));
#4735=DIRECTION('',(0.12053668,0.,-0.992708874));
#4736=DIRECTION('',(-0.992708874,0.,-0.12053668));
#4737=AXIS2_PLACEMENT_3D('',#4734,#4735,#4736);
#4738=PLANE('',#4737);
#4739=ORIENTED_EDGE('',*,*,#1709,.F.);
#4740=ORIENTED_EDGE('',*,*,#4729,.T.);
#4741=ORIENTED_EDGE('',*,*,#2930,.T.);
#4742=CARTESIAN_POINT('',(9.998654763,36.5,2.473237337));
#4743=DIRECTION('',(0.,-1.,0.));
#4744=VECTOR('',#4743,35.);
#4745=LINE('',#4742,#4744);
#4746=EDGE_CURVE('',#1704,#2916,#4745,.T.);
#4747=ORIENTED_EDGE('',*,*,#4746,.F.);
#4748=EDGE_LOOP('',(#4739,#4740,#4741,#4747));
#4749=FACE_BOUND('',#4748,.T.);
#4750=ADVANCED_FACE('',(#4749),#4738,.F.);
#4751=CARTESIAN_POINT('',(-0.,36.5,-0.));
#4752=DIRECTION('',(0.,-1.,-0.));
#4753=DIRECTION('',(-0.992708874,0.,-0.12053668));
#4754=AXIS2_PLACEMENT_3D('',#4751,#4752,#4753);
#4755=CYLINDRICAL_SURFACE('',#4754,10.3);
#4756=ORIENTED_EDGE('',*,*,#2922,.T.);
#4757=CARTESIAN_POINT('',(10.299996464,36.5,-0.008534848));
#4758=DIRECTION('',(0.,-1.,0.));
#4759=VECTOR('',#4758,35.);
#4760=LINE('',#4757,#4759);
#4761=EDGE_CURVE('',#1712,#2908,#4760,.T.);
#4762=ORIENTED_EDGE('',*,*,#4761,.F.);
#4763=ORIENTED_EDGE('',*,*,#1718,.F.);
#4764=ORIENTED_EDGE('',*,*,#4746,.T.);
#4765=EDGE_LOOP('',(#4756,#4762,#4763,#4764));
#4766=FACE_BOUND('',#4765,.T.);
#4767=ADVANCED_FACE('',(#4766),#4755,.T.);
#4768=CARTESIAN_POINT('',(10.299996464,36.5,-0.008534848));
#4769=DIRECTION('',(-0.12053668,0.,0.992708874));
#4770=DIRECTION('',(0.992708874,0.,0.12053668));
#4771=AXIS2_PLACEMENT_3D('',#4768,#4769,#4770);
#4772=PLANE('',#4771);
#4773=ORIENTED_EDGE('',*,*,#2913,.T.);
#4774=CARTESIAN_POINT('',(10.06786568,1.5,-0.036720628));
#4775=DIRECTION('',(-0.,1.,-0.));
#4776=VECTOR('',#4775,35.);
#4777=LINE('',#4774,#4776);
#4778=EDGE_CURVE('',#2899,#1721,#4777,.T.);
#4779=ORIENTED_EDGE('',*,*,#4778,.T.);
#4780=ORIENTED_EDGE('',*,*,#1726,.F.);
#4781=ORIENTED_EDGE('',*,*,#4761,.T.);
#4782=EDGE_LOOP('',(#4773,#4779,#4780,#4781));
#4783=FACE_BOUND('',#4782,.T.);
#4784=ADVANCED_FACE('',(#4783),#4772,.F.);
#4785=CARTESIAN_POINT('',(10.055812012,36.5,0.062550259));
#4786=DIRECTION('',(0.,-1.,-0.));
#4787=DIRECTION('',(-0.992708874,0.,-0.12053668));
#4788=AXIS2_PLACEMENT_3D('',#4785,#4786,#4787);
#4789=CYLINDRICAL_SURFACE('',#4788,0.1);
#4790=ORIENTED_EDGE('',*,*,#1735,.F.);
#4791=ORIENTED_EDGE('',*,*,#4778,.F.);
#4792=ORIENTED_EDGE('',*,*,#2905,.F.);
#4793=CARTESIAN_POINT('',(9.970591246,36.5,0.01022989));
#4794=DIRECTION('',(0.,-1.,0.));
#4795=VECTOR('',#4794,35.);
#4796=LINE('',#4793,#4795);
#4797=EDGE_CURVE('',#1729,#2890,#4796,.T.);
#4798=ORIENTED_EDGE('',*,*,#4797,.F.);
#4799=EDGE_LOOP('',(#4790,#4791,#4792,#4798));
#4800=FACE_BOUND('',#4799,.T.);
#4801=ADVANCED_FACE('',(#4800),#4789,.T.);
#4802=CARTESIAN_POINT('',(9.544487416,36.5,-0.251371957));
#4803=DIRECTION('',(0.,-1.,-0.));
#4804=DIRECTION('',(-0.992708874,0.,-0.12053668));
#4805=AXIS2_PLACEMENT_3D('',#4802,#4803,#4804);
#4806=CYLINDRICAL_SURFACE('',#4805,0.5);
#4807=ORIENTED_EDGE('',*,*,#1744,.F.);
#4808=ORIENTED_EDGE('',*,*,#4797,.T.);
#4809=ORIENTED_EDGE('',*,*,#2896,.F.);
#4810=CARTESIAN_POINT('',(9.484219076,36.5,0.24498248));
#4811=DIRECTION('',(0.,-1.,0.));
#4812=VECTOR('',#4811,35.);
#4813=LINE('',#4810,#4812);
#4814=EDGE_CURVE('',#1738,#2882,#4813,.T.);
#4815=ORIENTED_EDGE('',*,*,#4814,.F.);
#4816=EDGE_LOOP('',(#4807,#4808,#4809,#4815));
#4817=FACE_BOUND('',#4816,.T.);
#4818=ADVANCED_FACE('',(#4817),#4806,.F.);
#4819=CARTESIAN_POINT('',(9.778319273,36.5,2.093913128));
#4820=DIRECTION('',(0.12053668,0.,-0.992708874));
#4821=DIRECTION('',(-0.992708874,0.,-0.12053668));
#4822=AXIS2_PLACEMENT_3D('',#4819,#4820,#4821);
#4823=PLANE('',#4822);
#4824=ORIENTED_EDGE('',*,*,#2954,.T.);
#4825=ORIENTED_EDGE('',*,*,#4712,.T.);
#4826=ORIENTED_EDGE('',*,*,#1683,.F.);
#4827=ORIENTED_EDGE('',*,*,#961,.T.);
#4828=EDGE_LOOP('',(#4824,#4825,#4826,#4827));
#4829=FACE_BOUND('',#4828,.T.);
#4830=ADVANCED_FACE('',(#4829),#4823,.F.);
#4831=CARTESIAN_POINT('',(9.995285298,36.5,0.307037155));
#4832=DIRECTION('',(-0.12053668,0.,0.992708874));
#4833=DIRECTION('',(0.992708874,0.,0.12053668));
#4834=AXIS2_PLACEMENT_3D('',#4831,#4832,#4833);
#4835=PLANE('',#4834);
#4836=ORIENTED_EDGE('',*,*,#1750,.F.);
#4837=ORIENTED_EDGE('',*,*,#4814,.T.);
#4838=ORIENTED_EDGE('',*,*,#2887,.T.);
#4839=ORIENTED_EDGE('',*,*,#936,.F.);
#4840=EDGE_LOOP('',(#4836,#4837,#4838,#4839));
#4841=FACE_BOUND('',#4840,.T.);
#4842=ADVANCED_FACE('',(#4841),#4835,.F.);
#4843=CARTESIAN_POINT('',(6.977460977,36.5,6.517320478));
#4844=DIRECTION('',(0.,-1.,-0.));
#4845=DIRECTION('',(-0.822983866,0.,-0.568064747));
#4846=AXIS2_PLACEMENT_3D('',#4843,#4844,#4845);
#4847=CYLINDRICAL_SURFACE('',#4846,0.5);
#4848=ORIENTED_EDGE('',*,*,#3024,.F.);
#4849=CARTESIAN_POINT('',(7.469878385,1.5,6.604067789));
#4850=DIRECTION('',(-0.,1.,-0.));
#4851=VECTOR('',#4850,35.);
#4852=LINE('',#4849,#4851);
#4853=EDGE_CURVE('',#3009,#1610,#4852,.T.);
#4854=ORIENTED_EDGE('',*,*,#4853,.T.);
#4855=ORIENTED_EDGE('',*,*,#1616,.F.);
#4856=CARTESIAN_POINT('',(7.26149335,1.5,6.105828546));
#4857=DIRECTION('',(-0.,1.,-0.));
#4858=VECTOR('',#4857,35.);
#4859=LINE('',#4856,#4858);
#4860=EDGE_CURVE('',#3018,#1602,#4859,.T.);
#4861=ORIENTED_EDGE('',*,*,#4860,.F.);
#4862=EDGE_LOOP('',(#4848,#4854,#4855,#4861));
#4863=FACE_BOUND('',#4862,.T.);
#4864=ADVANCED_FACE('',(#4863),#4847,.F.);
#4865=CARTESIAN_POINT('',(7.568361867,36.5,6.621417251));
#4866=DIRECTION('',(0.,-1.,-0.));
#4867=DIRECTION('',(-0.822983866,0.,-0.568064747));
#4868=AXIS2_PLACEMENT_3D('',#4865,#4866,#4867);
#4869=CYLINDRICAL_SURFACE('',#4868,0.1);
#4870=ORIENTED_EDGE('',*,*,#1625,.F.);
#4871=ORIENTED_EDGE('',*,*,#4853,.F.);
#4872=ORIENTED_EDGE('',*,*,#3015,.F.);
#4873=CARTESIAN_POINT('',(7.511555392,36.5,6.703715638));
#4874=DIRECTION('',(0.,-1.,0.));
#4875=VECTOR('',#4874,35.);
#4876=LINE('',#4873,#4875);
#4877=EDGE_CURVE('',#1619,#3001,#4876,.T.);
#4878=ORIENTED_EDGE('',*,*,#4877,.F.);
#4879=EDGE_LOOP('',(#4870,#4871,#4872,#4878));
#4880=FACE_BOUND('',#4879,.T.);
#4881=ADVANCED_FACE('',(#4880),#4869,.T.);
#4882=CARTESIAN_POINT('',(7.703998408,36.5,6.836549461));
#4883=DIRECTION('',(0.568064747,0.,-0.822983866));
#4884=DIRECTION('',(-0.822983866,0.,-0.568064747));
#4885=AXIS2_PLACEMENT_3D('',#4882,#4883,#4884);
#4886=PLANE('',#4885);
#4887=ORIENTED_EDGE('',*,*,#1633,.F.);
#4888=ORIENTED_EDGE('',*,*,#4877,.T.);
#4889=ORIENTED_EDGE('',*,*,#3006,.T.);
#4890=CARTESIAN_POINT('',(7.703998408,36.5,6.836549461));
#4891=DIRECTION('',(0.,-1.,0.));
#4892=VECTOR('',#4891,35.);
#4893=LINE('',#4890,#4892);
#4894=EDGE_CURVE('',#1628,#2992,#4893,.T.);
#4895=ORIENTED_EDGE('',*,*,#4894,.F.);
#4896=EDGE_LOOP('',(#4887,#4888,#4889,#4895));
#4897=FACE_BOUND('',#4896,.T.);
#4898=ADVANCED_FACE('',(#4897),#4886,.F.);
#4899=CARTESIAN_POINT('',(-0.,36.5,-0.));
#4900=DIRECTION('',(0.,-1.,-0.));
#4901=DIRECTION('',(-0.822983866,0.,-0.568064747));
#4902=AXIS2_PLACEMENT_3D('',#4899,#4900,#4901);
#4903=CYLINDRICAL_SURFACE('',#4902,10.3);
#4904=ORIENTED_EDGE('',*,*,#2998,.T.);
#4905=CARTESIAN_POINT('',(9.124160275,36.5,4.779089796));
#4906=DIRECTION('',(0.,-1.,0.));
#4907=VECTOR('',#4906,35.);
#4908=LINE('',#4905,#4907);
#4909=EDGE_CURVE('',#1636,#2984,#4908,.T.);
#4910=ORIENTED_EDGE('',*,*,#4909,.F.);
#4911=ORIENTED_EDGE('',*,*,#1642,.F.);
#4912=ORIENTED_EDGE('',*,*,#4894,.T.);
#4913=EDGE_LOOP('',(#4904,#4910,#4911,#4912));
#4914=FACE_BOUND('',#4913,.T.);
#4915=ADVANCED_FACE('',(#4914),#4903,.T.);
#4916=CARTESIAN_POINT('',(9.124160275,36.5,4.779089796));
#4917=DIRECTION('',(-0.568064747,0.,0.822983866));
#4918=DIRECTION('',(0.822983866,0.,0.568064747));
#4919=AXIS2_PLACEMENT_3D('',#4916,#4917,#4918);
#4920=PLANE('',#4919);
#4921=ORIENTED_EDGE('',*,*,#2989,.T.);
#4922=CARTESIAN_POINT('',(8.931717259,1.5,4.646255973));
#4923=DIRECTION('',(-0.,1.,-0.));
#4924=VECTOR('',#4923,35.);
#4925=LINE('',#4922,#4924);
#4926=EDGE_CURVE('',#2975,#1645,#4925,.T.);
#4927=ORIENTED_EDGE('',*,*,#4926,.T.);
#4928=ORIENTED_EDGE('',*,*,#1650,.F.);
#4929=ORIENTED_EDGE('',*,*,#4909,.T.);
#4930=EDGE_LOOP('',(#4921,#4927,#4928,#4929));
#4931=FACE_BOUND('',#4930,.T.);
#4932=ADVANCED_FACE('',(#4931),#4920,.F.);
#4933=CARTESIAN_POINT('',(8.874910784,36.5,4.72855436));
#4934=DIRECTION('',(0.,-1.,-0.));
#4935=DIRECTION('',(-0.822983866,0.,-0.568064747));
#4936=AXIS2_PLACEMENT_3D('',#4933,#4934,#4935);
#4937=CYLINDRICAL_SURFACE('',#4936,0.1);
#4938=ORIENTED_EDGE('',*,*,#1659,.F.);
#4939=ORIENTED_EDGE('',*,*,#4926,.F.);
#4940=ORIENTED_EDGE('',*,*,#2981,.F.);
#4941=CARTESIAN_POINT('',(8.823766032,36.5,4.642622909));
#4942=DIRECTION('',(0.,-1.,0.));
#4943=VECTOR('',#4942,35.);
#4944=LINE('',#4941,#4943);
#4945=EDGE_CURVE('',#1653,#2966,#4944,.T.);
#4946=ORIENTED_EDGE('',*,*,#4945,.F.);
#4947=EDGE_LOOP('',(#4938,#4939,#4940,#4946));
#4948=FACE_BOUND('',#4947,.T.);
#4949=ADVANCED_FACE('',(#4948),#4937,.T.);
#4950=CARTESIAN_POINT('',(8.568042268,36.5,4.212965654));
#4951=DIRECTION('',(0.,-1.,-0.));
#4952=DIRECTION('',(-0.822983866,0.,-0.568064747));
#4953=AXIS2_PLACEMENT_3D('',#4950,#4951,#4952);
#4954=CYLINDRICAL_SURFACE('',#4953,0.5);
#4955=ORIENTED_EDGE('',*,*,#1668,.F.);
#4956=ORIENTED_EDGE('',*,*,#4945,.T.);
#4957=ORIENTED_EDGE('',*,*,#2972,.F.);
#4958=CARTESIAN_POINT('',(8.284009894,36.5,4.624457587));
#4959=DIRECTION('',(0.,-1.,0.));
#4960=VECTOR('',#4959,35.);
#4961=LINE('',#4958,#4960);
#4962=EDGE_CURVE('',#1662,#2958,#4961,.T.);
#4963=ORIENTED_EDGE('',*,*,#4962,.F.);
#4964=EDGE_LOOP('',(#4955,#4956,#4957,#4963));
#4965=FACE_BOUND('',#4964,.T.);
#4966=ADVANCED_FACE('',(#4965),#4954,.F.);
#4967=CARTESIAN_POINT('',(7.685181771,36.5,6.398279546));
#4968=DIRECTION('',(0.568064747,0.,-0.822983866));
#4969=DIRECTION('',(-0.822983866,0.,-0.568064747));
#4970=AXIS2_PLACEMENT_3D('',#4967,#4968,#4969);
#4971=PLANE('',#4970);
#4972=ORIENTED_EDGE('',*,*,#3030,.T.);
#4973=ORIENTED_EDGE('',*,*,#4860,.T.);
#4974=ORIENTED_EDGE('',*,*,#1607,.F.);
#4975=ORIENTED_EDGE('',*,*,#1003,.T.);
#4976=EDGE_LOOP('',(#4972,#4973,#4974,#4975));
#4977=FACE_BOUND('',#4976,.T.);
#4978=ADVANCED_FACE('',(#4977),#4971,.F.);
#4979=CARTESIAN_POINT('',(8.707698315,36.5,4.916908588));
#4980=DIRECTION('',(-0.568064747,0.,0.822983866));
#4981=DIRECTION('',(0.822983866,0.,0.568064747));
#4982=AXIS2_PLACEMENT_3D('',#4979,#4980,#4981);
#4983=PLANE('',#4982);
#4984=ORIENTED_EDGE('',*,*,#1674,.F.);
#4985=ORIENTED_EDGE('',*,*,#4962,.T.);
#4986=ORIENTED_EDGE('',*,*,#2963,.T.);
#4987=ORIENTED_EDGE('',*,*,#978,.F.);
#4988=EDGE_LOOP('',(#4984,#4985,#4986,#4987));
#4989=FACE_BOUND('',#4988,.T.);
#4990=ADVANCED_FACE('',(#4989),#4983,.F.);
#4991=CARTESIAN_POINT('',(5.858088925,36.5,8.471882562));
#4992=DIRECTION('',(-0.885456026,0.,0.464723172));
#4993=DIRECTION('',(0.464723172,0.,0.885456026));
#4994=AXIS2_PLACEMENT_3D('',#4991,#4992,#4993);
#4995=PLANE('',#4994);
#4996=ORIENTED_EDGE('',*,*,#3065,.T.);
#4997=CARTESIAN_POINT('',(5.749420053,1.5,8.264831325));
#4998=DIRECTION('',(-0.,1.,-0.));
#4999=VECTOR('',#4998,35.);
#5000=LINE('',#4997,#4999);
#5001=EDGE_CURVE('',#3051,#1569,#5000,.T.);
#5002=ORIENTED_EDGE('',*,*,#5001,.T.);
#5003=ORIENTED_EDGE('',*,*,#1574,.F.);
#5004=CARTESIAN_POINT('',(5.858088925,36.5,8.471882562));
#5005=DIRECTION('',(0.,-1.,0.));
#5006=VECTOR('',#5005,35.);
#5007=LINE('',#5004,#5006);
#5008=EDGE_CURVE('',#1560,#3060,#5007,.T.);
#5009=ORIENTED_EDGE('',*,*,#5008,.T.);
#5010=EDGE_LOOP('',(#4996,#5002,#5003,#5009));
#5011=FACE_BOUND('',#5010,.T.);
#5012=ADVANCED_FACE('',(#5011),#4995,.F.);
#5013=CARTESIAN_POINT('',(5.425282587,36.5,8.400375519));
#5014=DIRECTION('',(-0.885456026,0.,0.464723172));
#5015=DIRECTION('',(0.464723172,0.,0.885456026));
#5016=AXIS2_PLACEMENT_3D('',#5013,#5014,#5015);
#5017=PLANE('',#5016);
#5018=ORIENTED_EDGE('',*,*,#1598,.F.);
#5019=CARTESIAN_POINT('',(5.186033879,36.5,7.944525191));
#5020=DIRECTION('',(0.,-1.,0.));
#5021=VECTOR('',#5020,35.);
#5022=LINE('',#5019,#5021);
#5023=EDGE_CURVE('',#1586,#3034,#5022,.T.);
#5024=ORIENTED_EDGE('',*,*,#5023,.T.);
#5025=ORIENTED_EDGE('',*,*,#3039,.T.);
#5026=ORIENTED_EDGE('',*,*,#1020,.F.);
#5027=EDGE_LOOP('',(#5018,#5024,#5025,#5026));
#5028=FACE_BOUND('',#5027,.T.);
#5029=ADVANCED_FACE('',(#5028),#5017,.F.);
#5030=CARTESIAN_POINT('',(3.831461741,36.5,9.236877228));
#5031=DIRECTION('',(0.885456026,0.,-0.464723172));
#5032=DIRECTION('',(-0.464723172,0.,-0.885456026));
#5033=AXIS2_PLACEMENT_3D('',#5030,#5031,#5032);
#5034=PLANE('',#5033);
#5035=ORIENTED_EDGE('',*,*,#3106,.T.);
#5036=CARTESIAN_POINT('',(3.592213033,1.5,8.781026901));
#5037=DIRECTION('',(-0.,1.,-0.));
#5038=VECTOR('',#5037,35.);
#5039=LINE('',#5036,#5038);
#5040=EDGE_CURVE('',#3094,#1526,#5039,.T.);
#5041=ORIENTED_EDGE('',*,*,#5040,.T.);
#5042=ORIENTED_EDGE('',*,*,#1531,.F.);
#5043=ORIENTED_EDGE('',*,*,#1045,.T.);
#5044=EDGE_LOOP('',(#5035,#5041,#5042,#5043));
#5045=FACE_BOUND('',#5044,.T.);
#5046=ADVANCED_FACE('',(#5045),#5034,.F.);
#5047=CARTESIAN_POINT('',(3.644448861,36.5,9.633690492));
#5048=DIRECTION('',(0.885456026,0.,-0.464723172));
#5049=DIRECTION('',(-0.464723172,0.,-0.885456026));
#5050=AXIS2_PLACEMENT_3D('',#5047,#5048,#5049);
#5051=PLANE('',#5050);
#5052=ORIENTED_EDGE('',*,*,#1557,.F.);
#5053=CARTESIAN_POINT('',(3.535779988,36.5,9.426639255));
#5054=DIRECTION('',(0.,-1.,0.));
#5055=VECTOR('',#5054,35.);
#5056=LINE('',#5053,#5055);
#5057=EDGE_CURVE('',#1543,#3077,#5056,.T.);
#5058=ORIENTED_EDGE('',*,*,#5057,.T.);
#5059=ORIENTED_EDGE('',*,*,#3082,.T.);
#5060=CARTESIAN_POINT('',(3.644448861,36.5,9.633690492));
#5061=DIRECTION('',(0.,-1.,0.));
#5062=VECTOR('',#5061,35.);
#5063=LINE('',#5060,#5062);
#5064=EDGE_CURVE('',#1552,#3068,#5063,.T.);
#5065=ORIENTED_EDGE('',*,*,#5064,.F.);
#5066=EDGE_LOOP('',(#5052,#5058,#5059,#5065));
#5067=FACE_BOUND('',#5066,.T.);
#5068=ADVANCED_FACE('',(#5067),#5051,.F.);
#5069=CARTESIAN_POINT('',(-0.,36.5,-0.));
#5070=DIRECTION('',(0.,-1.,-0.));
#5071=DIRECTION('',(-0.464723172,0.,-0.885456026));
#5072=AXIS2_PLACEMENT_3D('',#5069,#5070,#5071);
#5073=CYLINDRICAL_SURFACE('',#5072,10.3);
#5074=ORIENTED_EDGE('',*,*,#3074,.T.);
#5075=ORIENTED_EDGE('',*,*,#5008,.F.);
#5076=ORIENTED_EDGE('',*,*,#1566,.F.);
#5077=ORIENTED_EDGE('',*,*,#5064,.T.);
#5078=EDGE_LOOP('',(#5074,#5075,#5076,#5077));
#5079=FACE_BOUND('',#5078,.T.);
#5080=ADVANCED_FACE('',(#5079),#5073,.T.);
#5081=CARTESIAN_POINT('',(5.628761892,36.5,7.712163605));
#5082=DIRECTION('',(0.,-1.,-0.));
#5083=DIRECTION('',(-0.464723172,0.,-0.885456026));
#5084=AXIS2_PLACEMENT_3D('',#5081,#5082,#5083);
#5085=CYLINDRICAL_SURFACE('',#5084,0.5);
#5086=ORIENTED_EDGE('',*,*,#1592,.F.);
#5087=CARTESIAN_POINT('',(5.655522357,36.5,8.211446969));
#5088=DIRECTION('',(0.,-1.,0.));
#5089=VECTOR('',#5088,35.);
#5090=LINE('',#5087,#5089);
#5091=EDGE_CURVE('',#1577,#3042,#5090,.T.);
#5092=ORIENTED_EDGE('',*,*,#5091,.T.);
#5093=ORIENTED_EDGE('',*,*,#3048,.F.);
#5094=ORIENTED_EDGE('',*,*,#5023,.F.);
#5095=EDGE_LOOP('',(#5086,#5092,#5093,#5094));
#5096=FACE_BOUND('',#5095,.T.);
#5097=ADVANCED_FACE('',(#5096),#5085,.F.);
#5098=CARTESIAN_POINT('',(5.66087445,36.5,8.311303642));
#5099=DIRECTION('',(0.,-1.,-0.));
#5100=DIRECTION('',(-0.464723172,0.,-0.885456026));
#5101=AXIS2_PLACEMENT_3D('',#5098,#5099,#5100);
#5102=CYLINDRICAL_SURFACE('',#5101,0.1);
#5103=ORIENTED_EDGE('',*,*,#1583,.F.);
#5104=ORIENTED_EDGE('',*,*,#5001,.F.);
#5105=ORIENTED_EDGE('',*,*,#3057,.F.);
#5106=ORIENTED_EDGE('',*,*,#5091,.F.);
#5107=EDGE_LOOP('',(#5103,#5104,#5105,#5106));
#5108=FACE_BOUND('',#5107,.T.);
#5109=ADVANCED_FACE('',(#5108),#5102,.T.);
#5110=CARTESIAN_POINT('',(3.14948502,36.5,9.013388487));
#5111=DIRECTION('',(0.,-1.,-0.));
#5112=DIRECTION('',(-0.464723172,0.,-0.885456026));
#5113=AXIS2_PLACEMENT_3D('',#5110,#5111,#5112);
#5114=CYLINDRICAL_SURFACE('',#5113,0.5);
#5115=ORIENTED_EDGE('',*,*,#3100,.F.);
#5116=CARTESIAN_POINT('',(3.545185496,1.5,9.319037196));
#5117=DIRECTION('',(-0.,1.,-0.));
#5118=VECTOR('',#5117,35.);
#5119=LINE('',#5116,#5118);
#5120=EDGE_CURVE('',#3085,#1534,#5119,.T.);
#5121=ORIENTED_EDGE('',*,*,#5120,.T.);
#5122=ORIENTED_EDGE('',*,*,#1540,.F.);
#5123=ORIENTED_EDGE('',*,*,#5040,.F.);
#5124=EDGE_LOOP('',(#5115,#5121,#5122,#5123));
#5125=FACE_BOUND('',#5124,.T.);
#5126=ADVANCED_FACE('',(#5125),#5114,.F.);
#5127=CARTESIAN_POINT('',(3.624325591,36.5,9.380166937));
#5128=DIRECTION('',(0.,-1.,-0.));
#5129=DIRECTION('',(-0.464723172,0.,-0.885456026));
#5130=AXIS2_PLACEMENT_3D('',#5127,#5128,#5129);
#5131=CYLINDRICAL_SURFACE('',#5130,0.1);
#5132=ORIENTED_EDGE('',*,*,#1549,.F.);
#5133=ORIENTED_EDGE('',*,*,#5120,.F.);
#5134=ORIENTED_EDGE('',*,*,#3091,.F.);
#5135=ORIENTED_EDGE('',*,*,#5057,.F.);
#5136=EDGE_LOOP('',(#5132,#5133,#5134,#5135));
#5137=FACE_BOUND('',#5136,.T.);
#5138=ADVANCED_FACE('',(#5137),#5131,.T.);
#5139=CARTESIAN_POINT('',(0.,36.5,-0.));
#5140=DIRECTION('',(0.,-1.,0.));
#5141=DIRECTION('',(0.822983866,0.,-0.568064747));
#5142=AXIS2_PLACEMENT_3D('',#5139,#5140,#5141);
#5143=CYLINDRICAL_SURFACE('',#5142,5.1);
#5144=ORIENTED_EDGE('',*,*,#877,.F.);
#5145=ORIENTED_EDGE('',*,*,#2802,.T.);
#5146=ORIENTED_EDGE('',*,*,#4530,.F.);
#5147=ORIENTED_EDGE('',*,*,#1836,.F.);
#5148=EDGE_LOOP('',(#5144,#5145,#5146,#5147));
#5149=FACE_BOUND('',#5148,.T.);
#5150=ADVANCED_FACE('',(#5149),#5143,.T.);
#5151=CLOSED_SHELL('',(#695,#737,#779,#821,#863,#905,#947,#989,#1031,#1073,#1115,#1157,#1197,#1228,#1270,#1301,#1341,#1365,#2332,#3299,#3316,#3328,#3345,#3357,#3379,#3396,
#3413,#3430,#3447,#3464,#3481,#3493,#3505,#3527,#3544,#3561,#3578,#3595,#3612,#3629,#3641,#3653,#3675,#3692,#3709,#3726,#3743,#3760,#3777,#3789,#3801,
#3823,#3840,#3857,#3874,#3891,#3908,#3925,#3937,#3949,#3971,#3988,#4005,#4022,#4039,#4056,#4073,#4085,#4097,#4119,#4136,#4153,#4170,#4187,#4204,#4221,
#4233,#4245,#4267,#4284,#4301,#4318,#4335,#4352,#4369,#4381,#4393,#4415,#4432,#4449,#4466,#4483,#4500,#4517,#4534,#4546,#4568,#4585,#4602,#4619,#4636,
#4653,#4670,#4682,#4694,#4716,#4733,#4750,#4767,#4784,#4801,#4818,#4830,#4842,#4864,#4881,#4898,#4915,#4932,#4949,#4966,#4978,#4990,#5012,#5029,#5046,
#5068,#5080,#5097,#5109,#5126,#5138,#5150));
#5152=MANIFOLD_SOLID_BREP('\X2\04220435043B043E\X0\_2 - 3D \X2\0444044004300433043C0435043D0442\X0\_2:1',#5151);
#653=STYLED_ITEM('',(#187),#5152);
#5154=CARTESIAN_POINT('',(0.,-19.05,0.));
#5155=DIRECTION('',(0.,-1.,0.));
#5156=DIRECTION('',(0.,0.,-1.));
#5157=AXIS2_PLACEMENT_3D('',#5154,#5155,#5156);
#5158=CYLINDRICAL_SURFACE('',#5157,16.);
#5159=CARTESIAN_POINT('',(-0.,-4.,-16.));
#5160=VERTEX_POINT('',#5159);
#5161=CARTESIAN_POINT('',(-0.,41.059288667,-16.));
#5162=VERTEX_POINT('',#5161);
#5163=CARTESIAN_POINT('',(0.,-4.,-16.));
#5164=DIRECTION('',(-0.,1.,-0.));
#5165=VECTOR('',#5164,45.059288667);
#5166=LINE('',#5163,#5165);
#5167=EDGE_CURVE('',#5160,#5162,#5166,.T.);
#5168=ORIENTED_EDGE('',*,*,#5167,.T.);
#5169=CARTESIAN_POINT('',(0.,41.059288667,0.));
#5170=DIRECTION('',(0.,-1.,0.));
#5171=DIRECTION('',(0.,0.,-1.));
#5172=AXIS2_PLACEMENT_3D('',#5169,#5170,#5171);
#5173=CIRCLE('',#5172,16.);
#5174=EDGE_CURVE('',#5162,#5162,#5173,.T.);
#5175=ORIENTED_EDGE('',*,*,#5174,.T.);
#5176=ORIENTED_EDGE('',*,*,#5167,.F.);
#5177=CARTESIAN_POINT('',(0.,-4.,0.));
#5178=DIRECTION('',(0.,-1.,0.));
#5179=DIRECTION('',(0.,0.,-1.));
#5180=AXIS2_PLACEMENT_3D('',#5177,#5178,#5179);
#5181=CIRCLE('',#5180,16.);
#5182=EDGE_CURVE('',#5160,#5160,#5181,.T.);
#5183=ORIENTED_EDGE('',*,*,#5182,.F.);
#5184=EDGE_LOOP('',(#5168,#5175,#5176,#5183));
#5185=FACE_BOUND('',#5184,.T.);
#5186=ADVANCED_FACE('',(#5185),#5158,.T.);
#5187=CARTESIAN_POINT('',(0.,41.059288667,16.));
#5188=DIRECTION('',(0.,-1.,0.));
#5189=DIRECTION('',(0.,0.,-1.));
#5190=AXIS2_PLACEMENT_3D('',#5187,#5188,#5189);
#5191=PLANE('',#5190);
#5192=CARTESIAN_POINT('',(-0.,41.059288667,-18.));
#5193=VERTEX_POINT('',#5192);
#5194=CARTESIAN_POINT('',(0.,41.059288667,0.));
#5195=DIRECTION('',(0.,-1.,0.));
#5196=DIRECTION('',(0.,0.,-1.));
#5197=AXIS2_PLACEMENT_3D('',#5194,#5195,#5196);
#5198=CIRCLE('',#5197,18.);
#5199=EDGE_CURVE('',#5193,#5193,#5198,.T.);
#5200=ORIENTED_EDGE('',*,*,#5199,.T.);
#5201=EDGE_LOOP('',(#5200));
#5202=FACE_BOUND('',#5201,.T.);
#5203=ORIENTED_EDGE('',*,*,#5174,.F.);
#5204=EDGE_LOOP('',(#5203));
#5205=FACE_BOUND('',#5204,.T.);
#5206=ADVANCED_FACE('',(#5202,#5205),#5191,.T.);
#5207=CARTESIAN_POINT('',(0.,-19.05,0.));
#5208=DIRECTION('',(0.,-1.,0.));
#5209=DIRECTION('',(0.,0.,-1.));
#5210=AXIS2_PLACEMENT_3D('',#5207,#5208,#5209);
#5211=CYLINDRICAL_SURFACE('',#5210,18.);
#5212=CARTESIAN_POINT('',(-0.,66.059288667,-18.));
#5213=VERTEX_POINT('',#5212);
#5214=CARTESIAN_POINT('',(0.,41.059288667,-18.));
#5215=DIRECTION('',(-0.,1.,-0.));
#5216=VECTOR('',#5215,25.);
#5217=LINE('',#5214,#5216);
#5218=EDGE_CURVE('',#5193,#5213,#5217,.T.);
#5219=ORIENTED_EDGE('',*,*,#5218,.T.);
#5220=CARTESIAN_POINT('',(0.,66.059288667,0.));
#5221=DIRECTION('',(0.,-1.,0.));
#5222=DIRECTION('',(0.,0.,-1.));
#5223=AXIS2_PLACEMENT_3D('',#5220,#5221,#5222);
#5224=CIRCLE('',#5223,18.);
#5225=EDGE_CURVE('',#5213,#5213,#5224,.T.);
#5226=ORIENTED_EDGE('',*,*,#5225,.T.);
#5227=ORIENTED_EDGE('',*,*,#5218,.F.);
#5228=ORIENTED_EDGE('',*,*,#5199,.F.);
#5229=EDGE_LOOP('',(#5219,#5226,#5227,#5228));
#5230=FACE_BOUND('',#5229,.T.);
#5231=ADVANCED_FACE('',(#5230),#5211,.T.);
#5232=CARTESIAN_POINT('',(0.,66.059288667,18.));
#5233=DIRECTION('',(0.,1.,0.));
#5234=DIRECTION('',(0.,0.,1.));
#5235=AXIS2_PLACEMENT_3D('',#5232,#5233,#5234);
#5236=PLANE('',#5235);
#5237=CARTESIAN_POINT('',(-0.,66.059288667,-14.));
#5238=VERTEX_POINT('',#5237);
#5239=CARTESIAN_POINT('',(0.,66.059288667,0.));
#5240=DIRECTION('',(0.,-1.,0.));
#5241=DIRECTION('',(0.,0.,-1.));
#5242=AXIS2_PLACEMENT_3D('',#5239,#5240,#5241);
#5243=CIRCLE('',#5242,14.);
#5244=EDGE_CURVE('',#5238,#5238,#5243,.T.);
#5245=ORIENTED_EDGE('',*,*,#5244,.T.);
#5246=EDGE_LOOP('',(#5245));
#5247=FACE_BOUND('',#5246,.T.);
#5248=ORIENTED_EDGE('',*,*,#5225,.F.);
#5249=EDGE_LOOP('',(#5248));
#5250=FACE_BOUND('',#5249,.T.);
#5251=ADVANCED_FACE('',(#5247,#5250),#5236,.T.);
#5252=CARTESIAN_POINT('',(0.,-19.05,0.));
#5253=DIRECTION('',(0.,-1.,0.));
#5254=DIRECTION('',(0.,0.,-1.));
#5255=AXIS2_PLACEMENT_3D('',#5252,#5253,#5254);
#5256=CYLINDRICAL_SURFACE('',#5255,14.);
#5257=CARTESIAN_POINT('',(-0.,62.059288667,-14.));
#5258=VERTEX_POINT('',#5257);
#5259=CARTESIAN_POINT('',(0.,62.059288667,-14.));
#5260=DIRECTION('',(-0.,1.,-0.));
#5261=VECTOR('',#5260,4.);
#5262=LINE('',#5259,#5261);
#5263=EDGE_CURVE('',#5258,#5238,#5262,.T.);
#5264=ORIENTED_EDGE('',*,*,#5263,.F.);
#5265=CARTESIAN_POINT('',(0.,62.059288667,0.));
#5266=DIRECTION('',(0.,-1.,0.));
#5267=DIRECTION('',(0.,0.,-1.));
#5268=AXIS2_PLACEMENT_3D('',#5265,#5266,#5267);
#5269=CIRCLE('',#5268,14.);
#5270=EDGE_CURVE('',#5258,#5258,#5269,.T.);
#5271=ORIENTED_EDGE('',*,*,#5270,.T.);
#5272=ORIENTED_EDGE('',*,*,#5263,.T.);
#5273=ORIENTED_EDGE('',*,*,#5244,.F.);
#5274=EDGE_LOOP('',(#5264,#5271,#5272,#5273));
#5275=FACE_BOUND('',#5274,.T.);
#5276=ADVANCED_FACE('',(#5275),#5256,.F.);
#5277=CARTESIAN_POINT('',(0.,62.059288667,14.));
#5278=DIRECTION('',(0.,-1.,0.));
#5279=DIRECTION('',(0.,0.,-1.));
#5280=AXIS2_PLACEMENT_3D('',#5277,#5278,#5279);
#5281=PLANE('',#5280);
#5282=CARTESIAN_POINT('',(-0.,62.059288667,-16.));
#5283=VERTEX_POINT('',#5282);
#5284=CARTESIAN_POINT('',(0.,62.059288667,0.));
#5285=DIRECTION('',(0.,-1.,0.));
#5286=DIRECTION('',(0.,0.,-1.));
#5287=AXIS2_PLACEMENT_3D('',#5284,#5285,#5286);
#5288=CIRCLE('',#5287,16.);
#5289=EDGE_CURVE('',#5283,#5283,#5288,.T.);
#5290=ORIENTED_EDGE('',*,*,#5289,.T.);
#5291=EDGE_LOOP('',(#5290));
#5292=FACE_BOUND('',#5291,.T.);
#5293=ORIENTED_EDGE('',*,*,#5270,.F.);
#5294=EDGE_LOOP('',(#5293));
#5295=FACE_BOUND('',#5294,.T.);
#5296=ADVANCED_FACE('',(#5292,#5295),#5281,.T.);
#5297=CARTESIAN_POINT('',(0.,-19.05,0.));
#5298=DIRECTION('',(0.,-1.,0.));
#5299=DIRECTION('',(0.,0.,-1.));
#5300=AXIS2_PLACEMENT_3D('',#5297,#5298,#5299);
#5301=CYLINDRICAL_SURFACE('',#5300,16.);
#5302=CARTESIAN_POINT('',(-0.,45.059288667,-16.));
#5303=VERTEX_POINT('',#5302);
#5304=CARTESIAN_POINT('',(0.,45.059288667,-16.));
#5305=DIRECTION('',(-0.,1.,-0.));
#5306=VECTOR('',#5305,17.);
#5307=LINE('',#5304,#5306);
#5308=EDGE_CURVE('',#5303,#5283,#5307,.T.);
#5309=ORIENTED_EDGE('',*,*,#5308,.F.);
#5310=CARTESIAN_POINT('',(0.,45.059288667,0.));
#5311=DIRECTION('',(0.,-1.,0.));
#5312=DIRECTION('',(0.,0.,-1.));
#5313=AXIS2_PLACEMENT_3D('',#5310,#5311,#5312);
#5314=CIRCLE('',#5313,16.);
#5315=EDGE_CURVE('',#5303,#5303,#5314,.T.);
#5316=ORIENTED_EDGE('',*,*,#5315,.T.);
#5317=ORIENTED_EDGE('',*,*,#5308,.T.);
#5318=ORIENTED_EDGE('',*,*,#5289,.F.);
#5319=EDGE_LOOP('',(#5309,#5316,#5317,#5318));
#5320=FACE_BOUND('',#5319,.T.);
#5321=ADVANCED_FACE('',(#5320),#5301,.F.);
#5322=CARTESIAN_POINT('',(0.,45.059288667,16.));
#5323=DIRECTION('',(0.,1.,0.));
#5324=DIRECTION('',(0.,0.,1.));
#5325=AXIS2_PLACEMENT_3D('',#5322,#5323,#5324);
#5326=PLANE('',#5325);
#5327=CARTESIAN_POINT('',(-0.,45.059288667,-13.1));
#5328=VERTEX_POINT('',#5327);
#5329=CARTESIAN_POINT('',(0.,45.059288667,0.));
#5330=DIRECTION('',(0.,-1.,0.));
#5331=DIRECTION('',(0.,0.,-1.));
#5332=AXIS2_PLACEMENT_3D('',#5329,#5330,#5331);
#5333=CIRCLE('',#5332,13.1);
#5334=EDGE_CURVE('',#5328,#5328,#5333,.T.);
#5335=ORIENTED_EDGE('',*,*,#5334,.T.);
#5336=EDGE_LOOP('',(#5335));
#5337=FACE_BOUND('',#5336,.T.);
#5338=ORIENTED_EDGE('',*,*,#5315,.F.);
#5339=EDGE_LOOP('',(#5338));
#5340=FACE_BOUND('',#5339,.T.);
#5341=ADVANCED_FACE('',(#5337,#5340),#5326,.T.);
#5342=CARTESIAN_POINT('',(0.,-19.05,0.));
#5343=DIRECTION('',(0.,-1.,0.));
#5344=DIRECTION('',(0.,0.,-1.));
#5345=AXIS2_PLACEMENT_3D('',#5342,#5343,#5344);
#5346=CYLINDRICAL_SURFACE('',#5345,13.1);
#5347=CARTESIAN_POINT('',(-0.,38.,-13.1));
#5348=VERTEX_POINT('',#5347);
#5349=CARTESIAN_POINT('',(0.,38.,-13.1));
#5350=DIRECTION('',(-0.,1.,-0.));
#5351=VECTOR('',#5350,7.059288667);
#5352=LINE('',#5349,#5351);
#5353=EDGE_CURVE('',#5348,#5328,#5352,.T.);
#5354=ORIENTED_EDGE('',*,*,#5353,.F.);
#5355=CARTESIAN_POINT('',(0.,38.,0.));
#5356=DIRECTION('',(0.,-1.,0.));
#5357=DIRECTION('',(0.,0.,-1.));
#5358=AXIS2_PLACEMENT_3D('',#5355,#5356,#5357);
#5359=CIRCLE('',#5358,13.1);
#5360=EDGE_CURVE('',#5348,#5348,#5359,.T.);
#5361=ORIENTED_EDGE('',*,*,#5360,.T.);
#5362=ORIENTED_EDGE('',*,*,#5353,.T.);
#5363=ORIENTED_EDGE('',*,*,#5334,.F.);
#5364=EDGE_LOOP('',(#5354,#5361,#5362,#5363));
#5365=FACE_BOUND('',#5364,.T.);
#5366=ADVANCED_FACE('',(#5365),#5346,.F.);
#5367=CARTESIAN_POINT('',(0.,38.,13.1));
#5368=DIRECTION('',(0.,-1.,0.));
#5369=DIRECTION('',(0.,0.,-1.));
#5370=AXIS2_PLACEMENT_3D('',#5367,#5368,#5369);
#5371=PLANE('',#5370);
#5372=CARTESIAN_POINT('',(-0.,38.,-14.1));
#5373=VERTEX_POINT('',#5372);
#5374=CARTESIAN_POINT('',(0.,38.,0.));
#5375=DIRECTION('',(0.,-1.,0.));
#5376=DIRECTION('',(0.,0.,-1.));
#5377=AXIS2_PLACEMENT_3D('',#5374,#5375,#5376);
#5378=CIRCLE('',#5377,14.1);
#5379=EDGE_CURVE('',#5373,#5373,#5378,.T.);
#5380=ORIENTED_EDGE('',*,*,#5379,.T.);
#5381=EDGE_LOOP('',(#5380));
#5382=FACE_BOUND('',#5381,.T.);
#5383=ORIENTED_EDGE('',*,*,#5360,.F.);
#5384=EDGE_LOOP('',(#5383));
#5385=FACE_BOUND('',#5384,.T.);
#5386=ADVANCED_FACE('',(#5382,#5385),#5371,.T.);
#5387=CARTESIAN_POINT('',(0.,-19.05,0.));
#5388=DIRECTION('',(0.,-1.,0.));
#5389=DIRECTION('',(0.,0.,-1.));
#5390=AXIS2_PLACEMENT_3D('',#5387,#5388,#5389);
#5391=CYLINDRICAL_SURFACE('',#5390,14.1);
#5392=CARTESIAN_POINT('',(-0.,-0.,-14.1));
#5393=VERTEX_POINT('',#5392);
#5394=CARTESIAN_POINT('',(0.,-0.,-14.1));
#5395=DIRECTION('',(-0.,1.,-0.));
#5396=VECTOR('',#5395,38.);
#5397=LINE('',#5394,#5396);
#5398=EDGE_CURVE('',#5393,#5373,#5397,.T.);
#5399=ORIENTED_EDGE('',*,*,#5398,.F.);
#5400=CARTESIAN_POINT('',(0.,0.,0.));
#5401=DIRECTION('',(0.,-1.,0.));
#5402=DIRECTION('',(0.,0.,-1.));
#5403=AXIS2_PLACEMENT_3D('',#5400,#5401,#5402);
#5404=CIRCLE('',#5403,14.1);
#5405=EDGE_CURVE('',#5393,#5393,#5404,.T.);
#5406=ORIENTED_EDGE('',*,*,#5405,.T.);
#5407=ORIENTED_EDGE('',*,*,#5398,.T.);
#5408=ORIENTED_EDGE('',*,*,#5379,.F.);
#5409=EDGE_LOOP('',(#5399,#5406,#5407,#5408));
#5410=FACE_BOUND('',#5409,.T.);
#5411=ADVANCED_FACE('',(#5410),#5391,.F.);
#5412=CARTESIAN_POINT('',(0.,0.,14.1));
#5413=DIRECTION('',(0.,1.,0.));
#5414=DIRECTION('',(0.,0.,1.));
#5415=AXIS2_PLACEMENT_3D('',#5412,#5413,#5414);
#5416=PLANE('',#5415);
#5417=CARTESIAN_POINT('',(-0.,0.,-11.1));
#5418=VERTEX_POINT('',#5417);
#5419=CARTESIAN_POINT('',(0.,0.,0.));
#5420=DIRECTION('',(0.,-1.,0.));
#5421=DIRECTION('',(0.,0.,-1.));
#5422=AXIS2_PLACEMENT_3D('',#5419,#5420,#5421);
#5423=CIRCLE('',#5422,11.1);
#5424=EDGE_CURVE('',#5418,#5418,#5423,.T.);
#5425=ORIENTED_EDGE('',*,*,#5424,.T.);
#5426=EDGE_LOOP('',(#5425));
#5427=FACE_BOUND('',#5426,.T.);
#5428=ORIENTED_EDGE('',*,*,#5405,.F.);
#5429=EDGE_LOOP('',(#5428));
#5430=FACE_BOUND('',#5429,.T.);
#5431=ADVANCED_FACE('',(#5427,#5430),#5416,.T.);
#5432=CARTESIAN_POINT('',(0.,-19.05,0.));
#5433=DIRECTION('',(0.,-1.,0.));
#5434=DIRECTION('',(0.,0.,-1.));
#5435=AXIS2_PLACEMENT_3D('',#5432,#5433,#5434);
#5436=CYLINDRICAL_SURFACE('',#5435,11.1);
#5437=CARTESIAN_POINT('',(-0.,-4.,-11.1));
#5438=VERTEX_POINT('',#5437);
#5439=CARTESIAN_POINT('',(0.,-4.,-11.1));
#5440=DIRECTION('',(-0.,1.,-0.));
#5441=VECTOR('',#5440,4.);
#5442=LINE('',#5439,#5441);
#5443=EDGE_CURVE('',#5438,#5418,#5442,.T.);
#5444=ORIENTED_EDGE('',*,*,#5443,.F.);
#5445=CARTESIAN_POINT('',(0.,-4.,0.));
#5446=DIRECTION('',(0.,-1.,0.));
#5447=DIRECTION('',(0.,0.,-1.));
#5448=AXIS2_PLACEMENT_3D('',#5445,#5446,#5447);
#5449=CIRCLE('',#5448,11.1);
#5450=EDGE_CURVE('',#5438,#5438,#5449,.T.);
#5451=ORIENTED_EDGE('',*,*,#5450,.T.);
#5452=ORIENTED_EDGE('',*,*,#5443,.T.);
#5453=ORIENTED_EDGE('',*,*,#5424,.F.);
#5454=EDGE_LOOP('',(#5444,#5451,#5452,#5453));
#5455=FACE_BOUND('',#5454,.T.);
#5456=ADVANCED_FACE('',(#5455),#5436,.F.);
#5457=CARTESIAN_POINT('',(0.,-4.,11.1));
#5458=DIRECTION('',(0.,-1.,0.));
#5459=DIRECTION('',(0.,0.,-1.));
#5460=AXIS2_PLACEMENT_3D('',#5457,#5458,#5459);
#5461=PLANE('',#5460);
#5462=ORIENTED_EDGE('',*,*,#5182,.T.);
#5463=EDGE_LOOP('',(#5462));
#5464=FACE_BOUND('',#5463,.T.);
#5465=ORIENTED_EDGE('',*,*,#5450,.F.);
#5466=EDGE_LOOP('',(#5465));
#5467=FACE_BOUND('',#5466,.T.);
#5468=ADVANCED_FACE('',(#5464,#5467),#5461,.T.);
#5469=CLOSED_SHELL('',(#5186,#5206,#5231,#5251,#5276,#5296,#5321,#5341,#5366,#5386,#5411,#5431,#5456,#5468));
#5470=MANIFOLD_SOLID_BREP('\X2\04220435043B043E\X0\_3 - 3D \X2\0444044004300433043C0435043D0442\X0\_3:1',#5469);
#5153=STYLED_ITEM('',(#187),#5470);
#16=SHAPE_REPRESENTATION('Nodes',(#15),#10);
#17=ADVANCED_BREP_SHAPE_REPRESENTATION('Nodes',(#180,#342,#497,#652,#5152,#5470),#10);
#5478=SHAPE_REPRESENTATION_RELATIONSHIP('','',#16,#17);
#5479=APPLICATION_CONTEXT('data for automotive mechanical design processes');
#5480=APPLICATION_PROTOCOL_DEFINITION('international standard','automotive_design',1994,#5479);
#5481=PRODUCT_CONTEXT('',#5479,'mechanical');
#5482=PRODUCT_DEFINITION_CONTEXT('part definition',#5479,'design');
#24=PRODUCT('Nodes','Nodes','',(#5481));
#5483=PRODUCT_RELATED_PRODUCT_CATEGORY('part','',(#24));
#5484=PRODUCT_DEFINITION_FORMATION_WITH_SPECIFIED_SOURCE('','',#24,.NOT_KNOWN.);
#25=PRODUCT_DEFINITION('design','',#5484,#5482);
#23=PRODUCT_DEFINITION_SHAPE('','',#25);
#5485=SHAPE_DEFINITION_REPRESENTATION(#23,#16);
#11=DRAUGHTING_MODEL('',(),#10);
#1=MECHANICAL_DESIGN_GEOMETRIC_PRESENTATION_REPRESENTATION('',(#26,#188,#343,#498,#653,#5153),#10);
ENDSEC;
END-ISO-10303-21;
